udi,product_id,type,air_temperature,process_temperature,rotational_speed,torque,tool_wear,machine_failure,twf,hdf,pwf,osf,rnf,temp_difference,power_w,overstrain_index
1,M14860,M,298.1,308.6,1551,42.8,0,0,0,0,0,0,0,10.5,6951.5905601573495,0.0
2,L47181,L,298.2,308.7,1408,46.3,3,0,0,0,0,0,0,10.5,6826.722724152667,138.89999999999998
3,L47182,L,298.1,308.5,1498,49.4,5,0,0,0,0,0,0,10.399999999999977,7749.387542560966,247.0
4,L47183,L,298.2,308.6,1433,39.5,7,0,0,0,0,0,0,10.400000000000034,5927.504658915662,276.5
5,L47184,L,298.2,308.7,1408,40.0,9,0,0,0,0,0,0,10.5,5897.816608339238,360.0
6,M14865,M,298.1,308.6,1425,41.9,11,0,0,0,0,0,0,10.5,6252.554778807085,460.9
7,L47186,L,298.1,308.6,1558,42.4,14,0,0,0,0,0,0,10.5,6917.703247400628,593.6
8,L47187,L,298.1,308.6,1527,40.2,16,0,0,0,0,0,0,10.5,6428.264055922363,643.2
9,M14868,M,298.3,308.7,1667,28.6,18,0,0,0,0,0,0,10.399999999999977,4992.6399890359235,514.8000000000001
10,M14869,M,298.5,309.0,1741,28.0,21,0,0,0,0,0,0,10.5,5104.878622573175,588.0
11,H29424,H,298.4,308.9,1782,23.9,24,0,0,0,0,0,0,10.5,4459.993426595285,573.5999999999999
12,H29425,H,298.6,309.1,1423,44.3,29,0,0,0,0,0,0,10.5,6601.4181710127195,1284.6999999999998
13,M14872,M,298.6,309.1,1339,51.1,34,0,0,0,0,0,0,10.5,7165.229332576969,1737.4
14,M14873,M,298.6,309.2,1742,30.0,37,0,0,0,0,0,0,10.599999999999966,5472.6544025534195,1110.0
15,L47194,L,298.6,309.2,2035,19.6,40,0,0,0,0,0,0,10.599999999999966,4176.85215270275,784.0
16,L47195,L,298.6,309.2,1542,48.4,42,0,0,0,0,0,0,10.599999999999966,7815.528539894543,2032.8
17,M14876,M,298.6,309.2,1311,46.6,44,0,0,0,0,0,0,10.599999999999966,6397.602111623326,2050.4
18,M14877,M,298.7,309.2,1410,45.6,47,0,0,0,0,0,0,10.5,6733.061375173645,2143.2000000000003
19,H29432,H,298.8,309.2,1306,54.5,50,0,0,0,0,0,0,10.399999999999977,7453.6380101520235,2725.0
20,M14879,M,298.9,309.3,1632,32.5,55,0,0,0,0,0,0,10.400000000000034,5554.335811546754,1787.5
21,H29434,H,298.9,309.3,1375,42.7,58,0,0,0,0,0,0,10.400000000000034,6148.358622463024,2476.6000000000004
22,L47201,L,298.8,309.3,1450,44.8,63,0,0,0,0,0,0,10.5,6802.595292573098,2822.3999999999996
23,M14882,M,298.9,309.3,1581,30.7,65,0,0,0,0,0,0,10.400000000000034,5082.75133831639,1995.5
24,L47203,L,299.0,309.4,1758,25.7,68,0,0,0,0,0,0,10.399999999999977,4731.3013681593,1747.6
25,M14884,M,299.0,309.4,1561,37.3,70,0,0,0,0,0,0,10.399999999999977,6097.339157768725,2611.0
26,L47205,L,299.0,309.5,1861,23.3,73,0,0,0,0,0,0,10.5,4540.784717670103,1700.9
27,L47206,L,299.1,309.5,1512,39.0,75,0,0,0,0,0,0,10.399999999999977,6175.114519896097,2925.0
28,H29441,H,299.1,309.4,1811,24.6,77,0,0,0,0,0,0,10.299999999999955,4665.327922433915,1894.2
29,L47208,L,299.1,309.4,1439,44.2,82,0,0,0,0,0,0,10.299999999999955,6660.574360679816,3624.4
30,L47209,L,299.0,309.4,1693,30.1,84,0,0,0,0,0,0,10.399999999999977,5336.445417069278,2528.4
31,M14890,M,299.1,309.5,1339,48.2,86,0,0,0,0,0,0,10.399999999999977,6758.592051471817,4145.2
32,L47211,L,299.0,309.4,1798,25.5,89,0,0,0,0,0,0,10.399999999999977,4801.296052481281,2269.5
33,L47212,L,299.0,309.4,1419,48.3,91,0,0,0,0,0,0,10.399999999999977,7177.251160464705,4395.3
34,L47213,L,298.9,309.3,1665,32.5,93,0,0,0,0,0,0,10.400000000000034,5666.647748912589,3022.5
35,M14894,M,298.8,309.1,1559,34.7,95,0,0,0,0,0,0,10.300000000000011,5665.0560086347705,3296.5000000000005
36,M14895,M,298.8,309.2,1452,48.6,98,0,0,0,0,0,0,10.399999999999977,7389.779903480055,4762.8
37,M14896,M,298.9,309.2,1581,36.7,101,0,0,0,0,0,0,10.300000000000011,6076.122935381483,3706.7000000000003
38,L47217,L,298.8,309.1,1439,39.2,104,0,0,0,0,0,0,10.300000000000011,5907.115722593864,4076.8
39,H29452,H,298.9,309.2,1379,50.7,106,0,0,0,0,0,0,10.300000000000011,7321.513095117549,5374.200000000001
40,L47219,L,298.8,309.1,1350,52.5,111,0,0,0,0,0,0,10.300000000000011,7422.012644105886,5827.5
41,L47220,L,298.8,309.1,1362,45.4,113,0,0,0,0,0,0,10.300000000000011,6475.3251138731375,5130.2
42,L47221,L,298.8,309.1,1368,50.8,115,0,0,0,0,0,0,10.300000000000011,7277.436550187683,5842.0
43,M14902,M,298.8,309.1,1368,49.1,117,0,0,0,0,0,0,10.300000000000011,7033.900287681403,5744.7
44,H29457,H,298.8,309.2,1372,48.5,120,0,0,0,0,0,0,10.399999999999977,6968.2619451724,5820.0
45,M14904,M,298.8,309.1,1472,47.5,125,0,0,0,0,0,0,10.300000000000011,7322.005277966611,5937.5
46,L47225,L,298.8,309.1,1489,49.1,128,0,0,0,0,0,0,10.300000000000011,7656.050824822814,6284.8
47,M14906,M,298.7,309.0,1843,25.8,130,0,0,0,0,0,0,10.300000000000011,4979.36152408675,3354.0
48,L47227,L,298.8,309.1,1418,46.3,133,0,0,0,0,0,0,10.300000000000011,6875.20797077307,6157.9
49,H29462,H,298.8,309.2,1425,53.9,135,0,0,0,0,0,0,10.399999999999977,8043.262591353267,7276.5
50,M14909,M,298.9,309.2,1412,44.1,140,0,0,0,0,0,0,10.300000000000011,6520.815375497118,6174.0
51,L47230,L,298.9,309.1,2861,4.6,143,1,0,0,1,0,0,10.200000000000045,1378.1748092277942,657.8
52,L47231,L,298.9,309.1,1383,54.9,145,0,0,0,0,0,0,10.200000000000045,7951.02543104387,7960.5
53,H29466,H,298.8,309.0,1497,43.8,147,0,0,0,0,0,0,10.199999999999989,6866.327735538923,6438.599999999999
54,L47233,L,298.7,309.0,1565,35.1,152,0,0,0,0,0,0,10.300000000000011,5752.41322835559,5335.2
55,L47234,L,298.7,309.0,1691,30.1,154,0,0,0,0,0,0,10.300000000000011,5330.141287811075,4635.400000000001
56,L47235,L,298.8,309.1,1512,40.7,156,0,0,0,0,0,0,10.300000000000011,6444.286178455671,6349.200000000001
57,L47236,L,298.8,309.1,1477,42.4,158,0,0,0,0,0,0,10.300000000000011,6558.053720417668,6699.2
58,L47237,L,298.8,309.1,1513,40.3,160,0,0,0,0,0,0,10.300000000000011,6385.171876690622,6448.0
59,M14918,M,298.8,309.0,1661,29.5,162,0,0,0,0,0,0,10.199999999999989,5131.215640985769,4779.0
60,L47239,L,298.8,309.1,1378,54.4,165,0,0,0,0,0,0,10.300000000000011,7850.127946986078,8976.0
61,L47240,L,298.8,309.1,1393,52.6,167,0,0,0,0,0,0,10.300000000000011,7673.004953176687,8784.2
62,M14921,M,298.8,309.0,1592,38.2,169,0,0,0,0,0,0,10.199999999999989,6368.469075749037,6455.8
63,L47242,L,298.8,309.0,1829,22.9,172,0,0,0,0,0,0,10.199999999999989,4386.092695407341,3938.7999999999997
64,M14923,M,298.9,309.0,1812,25.9,174,0,0,0,0,0,0,10.100000000000023,4914.581883569728,4506.599999999999
65,L47244,L,299.0,309.1,1523,38.6,177,0,0,0,0,0,0,10.100000000000023,6156.244020023535,6832.2
66,L47245,L,299.0,309.1,1394,45.1,179,0,0,0,0,0,0,10.100000000000023,6583.668172519938,8072.900000000001
67,M14926,M,298.9,308.9,1679,28.7,181,0,0,0,0,0,0,10.0,5046.162255877581,5194.7
68,H29481,H,298.8,308.9,1466,44.1,184,0,0,0,0,0,0,10.099999999999966,6770.195000339076,8114.400000000001
69,L47248,L,298.8,308.9,1527,32.4,189,0,0,0,0,0,0,10.099999999999966,5180.988940594142,6123.599999999999
70,L47249,L,298.9,309.0,1410,65.7,191,1,0,0,1,1,0,10.100000000000023,9700.923955019922,12548.7
71,M14930,M,298.9,309.0,1924,22.6,193,0,0,0,0,0,0,10.100000000000023,4553.466280015094,4361.8
72,L47251,L,298.9,309.1,1452,45.5,196,0,0,0,0,0,0,10.200000000000045,6918.415341735442,8918.0
73,L47252,L,298.9,309.1,1369,44.4,198,0,0,0,0,0,0,10.200000000000045,6365.243707291351,8791.199999999999
74,L47253,L,299.0,309.1,1592,35.0,200,0,0,0,0,0,0,10.100000000000023,5834.984755267442,7000.0
75,L47254,L,298.9,309.0,1601,32.3,202,0,0,0,0,0,0,10.100000000000023,5415.299392674381,6524.599999999999
76,L47255,L,298.8,308.9,1379,46.7,204,0,0,0,0,0,0,10.099999999999966,6743.878925877505,9526.800000000001
77,L47256,L,298.8,308.9,1461,47.9,206,0,0,0,0,0,0,10.099999999999966,7328.487430808517,9867.4
78,L47257,L,298.8,308.9,1455,41.3,208,1,1,0,0,0,0,10.099999999999966,6292.767164773034,8590.4
79,L47258,L,298.8,308.9,1398,51.5,0,0,0,0,0,0,0,10.099999999999966,7539.508209350144,0.0
80,L47259,L,298.8,308.9,1402,37.9,2,0,0,0,0,0,0,10.099999999999966,5564.367964087217,75.8
81,H29494,H,298.8,308.8,1445,49.9,4,0,0,0,0,0,0,10.0,7550.870302780627,199.6
82,L47261,L,298.9,308.9,1450,47.5,9,0,0,0,0,0,0,10.0,7212.573133866566,427.5
83,L47262,L,298.9,308.9,1453,40.8,11,0,0,0,0,0,0,10.0,6208.038410905718,448.79999999999995
84,L47263,L,299.0,309.0,1469,40.1,13,0,0,0,0,0,0,10.0,6168.716142858286,521.3000000000001
85,L47264,L,298.9,308.9,1422,47.6,15,0,0,0,0,0,0,10.0,7088.187008735435,714.0
86,M14945,M,299.0,309.0,1804,26.8,17,0,0,0,0,0,0,10.0,5062.906944721215,455.6
87,H29500,H,299.0,309.0,1436,43.9,20,0,0,0,0,0,0,10.0,6601.5752506454,878.0
88,L47267,L,299.0,309.0,1544,31.8,25,0,0,0,0,0,0,10.0,5141.656200571199,795.0
89,M14948,M,299.0,309.0,1419,45.2,27,0,0,0,0,0,0,10.0,6716.599429668834,1220.4
90,M14949,M,298.9,308.9,1487,39.5,30,0,0,0,0,0,0,10.0,6150.871896585896,1185.0
91,L47270,L,298.9,308.9,1753,25.8,33,0,0,0,0,0,0,10.0,4736.2022526989,851.4
92,L47271,L,298.9,308.9,1830,24.9,35,0,0,0,0,0,0,10.0,4771.765081537536,871.5
93,M14952,M,298.9,308.9,1727,27.1,37,0,0,0,0,0,0,10.0,4901.062563183781,1002.7
94,L47273,L,299.1,309.0,1450,43.0,40,0,0,0,0,0,0,9.899999999999977,6529.276731710786,1720.0
95,L47274,L,299.0,308.9,1622,31.9,42,0,0,0,0,0,0,9.899999999999977,5418.388625450411,1339.8
96,M14955,M,299.0,309.0,1351,52.2,44,0,0,0,0,0,0,10.0,7385.067514499669,2296.8
97,M14956,M,299.0,309.0,1575,35.3,47,0,0,0,0,0,0,10.0,5822.156585265283,1659.1
98,M14957,M,298.9,308.9,1750,29.9,50,0,0,0,0,0,0,10.0,5479.461186636197,1495.0
99,L47278,L,298.9,308.8,1529,32.7,53,0,0,0,0,0,0,9.900000000000034,5235.809732399285,1733.1000000000001
100,L47279,L,298.8,308.8,1523,44.4,55,0,0,0,0,0,0,10.0,7081.275504897537,2442.0
101,L47280,L,298.8,308.9,1852,25.0,57,0,0,0,0,0,0,10.099999999999966,4848.524662040247,1425.0
102,L47281,L,298.8,308.8,1991,20.7,59,0,0,0,0,0,0,10.0,4315.888571575121,1221.3
103,L47282,L,298.8,308.8,1555,40.6,61,0,0,0,0,0,0,10.0,6611.27229996948,2476.6
104,M14963,M,298.8,308.8,1441,40.5,63,0,0,0,0,0,0,10.0,6111.4972686609035,2551.5
105,L47284,L,298.8,308.7,1450,43.4,66,0,0,0,0,0,0,9.899999999999977,6590.014189680189,2864.4
106,L47285,L,298.8,308.7,1591,31.1,68,0,0,0,0,0,0,9.899999999999977,5181.543955296278,2114.8
107,L47286,L,298.8,308.7,1445,48.5,70,0,0,0,0,0,0,9.899999999999977,7339.022238173556,3395.0
108,M14967,M,298.8,308.8,1497,46.8,72,0,0,0,0,0,0,10.0,7336.624155781315,3369.6
109,H29522,H,298.9,308.8,1621,32.7,75,0,0,0,0,0,0,9.900000000000034,5550.84864370127,2452.5
110,L47289,L,298.9,308.7,1572,34.1,80,0,0,0,0,0,0,9.800000000000011,5613.523417140386,2728.0
111,L47290,L,298.8,308.6,1872,22.5,82,0,0,0,0,0,0,9.800000000000011,4410.79608564007,1845.0
112,H29525,H,298.7,308.6,1499,43.5,84,0,0,0,0,0,0,9.900000000000034,6828.408712210095,3654.0
113,M14972,M,298.8,308.7,1498,39.5,89,0,0,0,0,0,0,9.899999999999977,6196.372630185388,3515.5
114,M14973,M,298.8,308.6,1486,41.9,92,0,0,0,0,0,0,9.800000000000011,6520.208000917424,3854.7999999999997
115,L47294,L,298.8,308.6,1680,29.4,95,0,0,0,0,0,0,9.800000000000011,5172.318144870235,2793.0
116,L47295,L,298.8,308.6,1431,45.7,97,0,0,0,0,0,0,9.800000000000011,6848.326409633854,4432.900000000001
117,L47296,L,298.9,308.7,1564,34.1,99,0,0,0,0,0,0,9.800000000000011,5584.955867943742,3375.9
118,L47297,L,298.8,308.6,1599,33.0,101,0,0,0,0,0,0,9.800000000000011,5525.747318399087,3333.0
119,M14978,M,298.8,308.6,1707,28.1,103,0,0,0,0,0,0,9.800000000000011,5023.0610778981845,2894.3
120,L47299,L,298.7,308.5,1467,40.7,106,0,0,0,0,0,0,9.800000000000011,6252.491946954014,4314.200000000001
121,L47300,L,298.9,308.7,1433,44.7,108,0,0,0,0,0,0,9.800000000000011,6707.834386165319,4827.6
122,L47301,L,298.9,308.7,1558,41.2,110,0,0,0,0,0,0,9.800000000000011,6721.919193228913,4532.0
123,L47302,L,299.0,308.8,1310,50.7,112,0,0,0,0,0,0,9.800000000000011,6955.171975782443,5678.400000000001
124,L47303,L,298.9,308.7,1546,43.4,114,0,0,0,0,0,0,9.800000000000011,7026.318577410739,4947.599999999999
125,L47304,L,298.9,308.7,1727,29.4,116,0,0,0,0,0,0,9.800000000000011,5317.0199024945805,3410.3999999999996
126,L47305,L,298.9,308.6,1560,32.2,118,0,0,0,0,0,0,9.700000000000045,5260.282739170751,3799.6000000000004
127,L47306,L,299.0,308.6,1329,60.5,120,0,0,0,0,0,0,9.600000000000023,8419.939550518684,7260.0
128,L47307,L,298.9,308.6,1413,46.5,122,0,0,0,0,0,0,9.700000000000045,6880.559150259685,5673.0
129,L47308,L,299.0,308.6,1587,38.6,124,0,0,0,0,0,0,9.600000000000023,6414.943703071142,4786.400000000001
130,L47309,L,298.9,308.5,1559,34.3,126,0,0,0,0,0,0,9.600000000000023,5599.75276934215,4321.799999999999
131,L47310,L,298.8,308.4,1473,41.1,128,0,0,0,0,0,0,9.599999999999966,6339.765390870739,5260.8
132,L47311,L,298.8,308.4,1737,27.7,130,0,0,0,0,0,0,9.599999999999966,5038.580545606917,3601.0
133,M14992,M,298.7,308.4,1441,43.2,132,0,0,0,0,0,0,9.699999999999989,6518.930419904965,5702.400000000001
134,M14993,M,298.7,308.4,1430,49.6,135,0,0,0,0,0,0,9.699999999999989,7427.562791127228,6696.0
135,L47314,L,298.8,308.4,1369,53.0,138,0,0,0,0,0,0,9.599999999999966,7598.151272217154,7314.0
136,M14995,M,298.8,308.5,1711,28.5,140,0,0,0,0,0,0,9.699999999999989,5106.501778777529,3990.0
137,H29550,H,298.7,308.5,1420,45.7,143,0,0,0,0,0,0,9.800000000000011,6795.683788735201,6535.1
138,L47317,L,298.7,308.6,1297,55.3,148,0,0,0,0,0,0,9.900000000000034,7510.930188177988,8184.4
139,H29552,H,298.8,308.6,1449,49.4,150,0,0,0,0,0,0,9.800000000000011,7495.902903318317,7410.0
140,L47319,L,298.8,308.6,1268,55.8,155,0,0,0,0,0,0,9.800000000000011,7409.383441638454,8649.0
141,L47320,L,298.8,308.6,1511,36.1,157,0,0,0,0,0,0,9.800000000000011,5712.158954487593,5667.7
142,L47321,L,298.7,308.5,1544,35.2,159,0,0,0,0,0,0,9.800000000000011,5691.393027047365,5596.8
143,M15002,M,298.6,308.4,1778,28.2,161,0,0,0,0,0,0,9.799999999999955,5250.606633797693,4540.2
144,H29557,H,298.6,308.4,1407,50.5,164,0,0,0,0,0,0,9.799999999999955,7440.705120394745,8282.0
145,M15004,M,298.6,308.4,1391,42.4,169,0,0,0,0,0,0,9.799999999999955,6176.203605349342,7165.599999999999
146,L47325,L,298.5,308.4,1513,33.6,172,0,0,0,0,0,0,9.899999999999977,5323.61724706712,5779.2
147,H29560,H,298.5,308.4,1612,36.1,174,0,0,0,0,0,0,9.899999999999977,6093.977653629385,6281.400000000001
148,L47327,L,298.4,308.4,1515,40.1,179,0,0,0,0,0,0,10.0,6361.88220315201,7177.900000000001
149,M15008,M,298.3,308.3,1379,48.0,181,0,0,0,0,0,0,10.0,6931.610030880519,8688.0
150,L47329,L,298.4,308.3,1473,39.9,184,0,0,0,0,0,0,9.900000000000034,6154.662751721227,7341.599999999999
151,L47330,L,298.4,308.3,1422,42.7,186,0,0,0,0,0,0,9.900000000000034,6358.520699012669,7942.200000000001
152,M15011,M,298.4,308.2,1463,37.6,188,0,0,0,0,0,0,9.800000000000011,5760.50806542634,7068.8
153,M15012,M,298.4,308.2,1584,41.0,191,0,0,0,0,0,0,9.800000000000011,6800.919776491184,7831.0
154,L47333,L,298.4,308.2,1850,27.0,194,0,0,0,0,0,0,9.800000000000011,5230.751768227005,5238.0
155,L47334,L,298.4,308.2,1528,36.2,196,0,0,0,0,0,0,9.800000000000011,5792.426646786813,7095.200000000001
156,H29569,H,298.4,308.2,1987,19.8,198,0,0,0,0,0,0,9.800000000000011,4119.9474377707265,3920.4
157,M15016,M,298.4,308.1,1495,46.0,203,0,0,0,0,0,0,9.700000000000045,7201.577559579002,9338.0
158,H29571,H,298.4,308.2,1478,43.5,206,0,0,0,0,0,0,9.800000000000011,6732.747215908285,8961.0
159,M15018,M,298.4,308.2,1499,40.0,211,0,0,0,0,0,0,9.800000000000011,6278.996516974799,8440.0
160,L47339,L,298.4,308.2,1471,47.0,214,0,0,0,0,0,0,9.800000000000011,7240.009709707917,10058.0
161,L47340,L,298.4,308.2,1282,60.7,216,1,0,0,0,1,0,9.800000000000011,8149.0190720486125,13111.2
162,L47341,L,298.3,308.1,1412,52.3,218,1,0,0,0,1,0,9.800000000000011,7733.302588174585,11401.4
163,L47342,L,298.3,308.1,1586,35.5,0,0,0,0,0,0,0,9.800000000000011,5896.036372502203,0.0
164,M15023,M,298.4,308.2,1468,43.8,2,0,0,0,0,0,0,9.800000000000011,6733.312702585931,87.6
165,M15024,M,298.5,308.3,1440,43.6,5,0,0,0,0,0,0,9.800000000000011,6574.725105432719,218.0
166,L47345,L,298.5,308.4,1733,26.0,8,0,0,0,0,0,0,9.899999999999977,4718.4627261816295,208.0
167,H29580,H,298.4,308.2,1612,32.6,10,0,0,0,0,0,0,9.800000000000011,5503.148795244265,326.0
168,H29581,H,298.4,308.3,1458,42.9,15,0,0,0,0,0,0,9.900000000000034,6550.032187175502,643.5
169,L47348,L,298.4,308.3,1433,62.3,20,1,0,0,1,0,0,9.900000000000034,9348.950386087232,1246.0
170,L47349,L,298.4,308.3,1318,59.1,22,0,0,0,0,0,0,9.900000000000034,8157.019661339754,1300.2
171,M15030,M,298.4,308.2,1610,35.0,24,0,0,0,0,0,0,9.800000000000011,5900.958200992828,840.0
172,L47351,L,298.2,308.1,1462,50.8,27,0,0,0,0,0,0,9.900000000000034,7777.494324835082,1371.6
173,M15032,M,298.1,308.0,1924,20.8,29,0,0,0,0,0,0,9.899999999999977,4190.800824084688,603.2
174,M15033,M,298.2,308.0,1591,33.7,32,0,0,0,0,0,0,9.800000000000011,5614.727694324262,1078.4
175,L47354,L,298.2,308.1,1306,58.3,35,0,0,0,0,0,0,9.900000000000034,7973.341210859871,2040.5
176,L47355,L,298.2,308.1,1382,43.5,37,0,0,0,0,0,0,9.900000000000034,6295.437518528586,1609.5
177,L47356,L,298.2,308.1,1618,34.7,39,0,0,0,0,0,0,9.900000000000034,5879.4487632912505,1353.3000000000002
178,L47357,L,298.2,308.2,1988,21.4,41,0,0,0,0,0,0,10.0,4455.113486006709,877.4
179,L47358,L,298.2,308.2,1436,50.2,43,0,0,0,0,0,0,10.0,7548.953931261937,2158.6
180,L47359,L,298.2,308.3,1304,49.8,45,0,0,0,0,0,0,10.100000000000023,6800.417121666609,2241.0
181,L47360,L,298.2,308.3,1475,49.9,47,0,0,0,0,0,0,10.100000000000023,7707.635776194758,2345.2999999999997
182,H29595,H,298.2,308.3,1824,24.2,49,0,0,0,0,0,0,10.100000000000023,4622.413766785878,1185.8
183,M15042,M,298.1,308.2,1342,48.1,54,0,0,0,0,0,0,10.099999999999966,6759.681136925063,2597.4
184,L47363,L,298.1,308.2,1485,40.7,57,0,0,0,0,0,0,10.099999999999966,6329.209639554677,2319.9
185,L47364,L,298.2,308.2,1667,30.6,59,0,0,0,0,0,0,10.0,5341.775652604869,1805.4
186,L47365,L,298.2,308.2,1446,38.2,61,0,0,0,0,0,0,10.0,5784.426057495671,2330.2000000000003
187,L47366,L,298.1,308.3,1301,56.0,63,0,0,0,0,0,0,10.199999999999989,7629.462478997932,3528.0
188,L47367,L,298.2,308.4,1379,43.1,65,0,0,0,0,0,0,10.199999999999989,6224.008173561467,2801.5
189,L47368,L,298.3,308.5,1606,33.6,67,0,0,0,0,0,0,10.199999999999989,5650.845537865033,2251.2000000000003
190,M15049,M,298.3,308.4,1539,43.4,69,0,0,0,0,0,0,10.099999999999966,6994.504715805386,2994.6
191,L47370,L,298.2,308.4,1477,49.9,72,0,0,0,0,0,0,10.199999999999989,7718.086807755701,3592.7999999999997
192,L47371,L,298.2,308.4,1666,34.6,74,0,0,0,0,0,0,10.199999999999989,6036.423676215621,2560.4
193,H29606,H,298.2,308.4,1398,51.8,76,0,0,0,0,0,0,10.199999999999989,7583.427674647329,3936.7999999999997
194,H29607,H,298.2,308.4,1678,34.6,81,0,0,0,0,0,0,10.199999999999989,6079.903318541303,2802.6
195,M15054,M,298.2,308.5,2678,10.7,86,1,0,0,1,0,0,10.300000000000011,3000.7026950518025,920.1999999999999
196,L47375,L,298.3,308.5,1453,42.9,89,0,0,0,0,0,0,10.199999999999989,6527.569799702335,3818.1
197,H29610,H,298.3,308.6,1432,49.5,91,0,0,0,0,0,0,10.300000000000011,7422.955121901963,4504.5
198,M15057,M,298.4,308.6,1527,40.9,96,0,0,0,0,0,0,10.200000000000045,6540.199002169767,3926.3999999999996
199,L47378,L,298.4,308.7,1588,35.0,99,0,0,0,0,0,0,10.300000000000011,5820.3239895506895,3465.0
200,L47379,L,298.4,308.6,1433,47.1,101,0,0,0,0,0,0,10.200000000000045,7067.986567972853,4757.1
201,L47380,L,298.4,308.6,1609,35.0,103,0,0,0,0,0,0,10.200000000000045,5897.293009563639,3605.0
202,L47381,L,298.3,308.5,1575,41.2,105,0,0,0,0,0,0,10.199999999999989,6795.264909714723,4326.0
203,M15062,M,298.4,308.5,1636,35.7,107,0,0,0,0,0,0,10.100000000000023,6116.178241714753,3819.9
204,L47383,L,298.4,308.5,1490,37.9,110,0,0,0,0,0,0,10.100000000000023,5913.6292913623065,4169.0
205,L47384,L,298.4,308.5,1741,32.8,112,0,0,0,0,0,0,10.100000000000023,5980.000672157146,3673.5999999999995
206,M15065,M,298.5,308.6,1344,53.0,114,0,0,0,0,0,0,10.100000000000023,7459.397596683604,6042.0
207,L47386,L,298.5,308.7,1609,35.3,117,0,0,0,0,0,0,10.199999999999989,5947.841235359899,4130.099999999999
208,M15067,M,298.4,308.7,1421,60.7,119,1,0,0,1,0,0,10.300000000000011,9032.571061919716,7223.3
209,L47388,L,298.4,308.6,1591,36.7,122,0,0,0,0,0,0,10.200000000000045,6114.555085510398,4477.400000000001
210,L47389,L,298.4,308.6,1477,44.0,124,0,0,0,0,0,0,10.200000000000045,6805.527445716449,5456.0
211,L47390,L,298.4,308.7,1523,36.1,126,0,0,0,0,0,0,10.300000000000011,5757.523552405431,4548.6
212,L47391,L,298.5,308.7,1575,33.9,128,0,0,0,0,0,0,10.199999999999989,5591.249525226434,4339.2
213,H29626,H,298.4,308.7,1344,52.9,130,0,0,0,0,0,0,10.300000000000011,7445.323261595521,6877.0
214,L47393,L,298.4,308.7,1386,44.9,135,0,0,0,0,0,0,10.300000000000011,6516.856968753595,6061.5
215,M15074,M,298.3,308.6,1589,37.1,137,0,0,0,0,0,0,10.300000000000011,6173.428531838671,5082.7
216,L47395,L,298.3,308.6,1548,40.3,140,0,0,0,0,0,0,10.300000000000011,6532.879091286902,5642.0
217,L47396,L,298.3,308.6,1499,38.3,142,0,0,0,0,0,0,10.300000000000011,6012.13916500337,5438.599999999999
218,L47397,L,298.3,308.5,1664,31.6,144,0,0,0,0,0,0,10.199999999999989,5506.416051603997,4550.400000000001
219,L47398,L,298.3,308.6,1447,38.1,146,0,0,0,0,0,0,10.300000000000011,5773.273403575427,5562.6
220,M15079,M,298.3,308.5,1434,46.2,148,0,0,0,0,0,0,10.199999999999989,6937.767552481556,6837.6
221,L47400,L,298.3,308.5,1416,52.7,151,0,0,0,0,0,0,10.199999999999989,7814.523230245394,7957.700000000001
222,H29635,H,298.4,308.5,1827,24.3,153,0,0,0,0,0,0,10.100000000000023,4649.148720267926,3717.9
223,L47402,L,298.4,308.6,1304,45.0,158,0,0,0,0,0,0,10.200000000000045,6144.955230421635,7110.0
224,L47403,L,298.4,308.6,1569,34.4,160,0,0,0,0,0,0,10.200000000000045,5652.102174926468,5504.0
225,L47404,L,298.3,308.6,1584,29.3,162,0,0,0,0,0,0,10.300000000000011,4860.169498809554,4746.6
226,L47405,L,298.3,308.5,1362,53.8,164,0,0,0,0,0,0,10.199999999999989,7673.40288824614,8823.199999999999
227,L47406,L,298.3,308.4,1329,49.2,166,0,0,0,0,0,0,10.099999999999966,6847.28968405817,8167.200000000001
228,L47407,L,298.3,308.5,1539,36.1,168,0,0,0,0,0,0,10.199999999999989,5818.009682962545,6064.8
229,M15088,M,298.3,308.5,1629,37.1,170,0,0,0,0,0,0,10.199999999999989,6328.832648436246,6307.0
230,L47409,L,298.3,308.5,1538,32.2,173,0,0,0,0,0,0,10.199999999999989,5186.099264643983,5570.6
231,L47410,L,298.3,308.6,1570,34.8,175,0,0,0,0,0,0,10.300000000000011,5721.46854071773,6089.999999999999
232,L47411,L,298.3,308.4,1408,43.1,177,0,0,0,0,0,0,10.099999999999966,6354.897395485529,7628.7
233,L47412,L,298.2,308.4,1424,47.6,179,0,0,0,0,0,0,10.199999999999989,7098.156329422827,8520.4
234,L47413,L,298.2,308.4,1512,34.9,181,0,0,0,0,0,0,10.199999999999989,5525.935813958302,6316.9
235,L47414,L,298.2,308.4,1478,42.9,183,0,0,0,0,0,0,10.199999999999989,6639.881737068171,7850.7
236,M15095,M,298.1,308.3,1680,33.7,185,0,0,0,0,0,0,10.199999999999989,5928.8136558546585,6234.500000000001
237,L47416,L,298.1,308.3,1495,38.7,188,0,0,0,0,0,0,10.199999999999989,6058.718512080596,7275.6
238,M15097,M,298.0,308.1,1552,36.6,190,0,0,0,0,0,0,10.100000000000023,5948.417194013058,6954.0
239,L47418,L,297.9,308.1,1393,50.3,193,0,0,0,0,0,0,10.200000000000045,7337.493329748808,9707.9
240,L47419,L,298.0,308.2,1611,30.6,195,0,0,0,0,0,0,10.199999999999989,5162.32788023182,5967.0
241,M15100,M,298.0,308.1,1339,51.6,197,0,0,0,0,0,0,10.100000000000023,7235.339208629582,10165.2
242,L47421,L,298.0,308.1,1777,24.3,200,0,0,0,0,0,0,10.100000000000023,4521.91421779754,4860.0
243,L47422,L,298.0,308.2,1348,58.8,202,1,0,0,0,1,0,10.199999999999989,8300.33911819652,11877.599999999999
244,L47423,L,298.0,308.2,1442,44.1,204,0,0,0,0,0,0,10.199999999999989,6659.359611520428,8996.4
245,M15104,M,298.0,308.2,1395,49.1,206,0,0,0,0,0,0,10.199999999999989,7172.727267043536,10114.6
246,M15105,M,297.9,308.1,1627,31.4,209,0,0,0,0,0,0,10.200000000000045,5349.901905602153,6562.599999999999
247,L47426,L,297.9,308.1,1585,33.5,212,0,0,0,0,0,0,10.200000000000045,5560.3571974661345,7102.0
248,L47427,L,298.0,308.2,1469,45.5,214,0,0,0,0,0,0,10.199999999999989,6999.416072320499,9737.0
249,L47428,L,298.0,308.3,1362,56.8,216,1,0,0,0,1,0,10.300000000000011,8101.28780766507,12268.8
250,L47429,L,298.0,308.3,1405,56.2,218,1,0,0,0,1,0,10.300000000000011,8268.776584003455,12251.6
251,L47430,L,298.0,308.3,1662,32.7,0,0,0,0,0,0,0,10.300000000000011,5691.246419390197,0.0
252,M15111,M,298.0,308.2,1466,42.6,2,0,0,0,0,0,0,10.199999999999989,6539.916258830944,85.2
253,L47432,L,298.0,308.2,1620,35.8,5,0,0,0,0,0,0,10.199999999999989,6073.326917919787,179.0
254,L47433,L,298.0,308.2,1357,48.2,7,0,0,0,0,0,0,10.199999999999989,6849.446911013634,337.40000000000003
255,L47434,L,298.0,308.2,1514,37.9,9,0,0,0,0,0,0,10.199999999999989,6008.882380619149,341.09999999999997
256,L47435,L,298.0,308.2,1489,40.4,11,0,0,0,0,0,0,10.199999999999989,6299.479701076205,444.4
257,L47436,L,298.1,308.3,1331,63.0,13,0,0,0,0,0,0,10.199999999999989,8781.06562604883,819.0
258,L47437,L,298.0,308.0,1615,29.5,15,0,0,0,0,0,0,10.0,4989.110933288391,442.5
259,L47438,L,298.1,308.2,1482,37.9,17,0,0,0,0,0,0,10.099999999999966,5881.878261610025,644.3
260,M15119,M,298.1,308.2,1420,63.9,19,1,0,0,1,0,0,10.099999999999966,9502.061140047688,1214.1
261,M15120,M,298.2,308.3,1522,49.1,22,0,0,0,0,0,0,10.100000000000023,7825.728244043198,1080.2
262,L47441,L,298.1,308.2,1654,32.1,25,0,0,0,0,0,0,10.099999999999966,5559.927846470144,802.5
263,M15122,M,298.1,308.2,1736,26.8,27,0,0,0,0,0,0,10.099999999999966,4872.065662991147,723.6
264,M15123,M,298.0,308.1,1587,32.3,30,0,0,0,0,0,0,10.100000000000023,5367.945119409272,968.9999999999999
265,L47444,L,298.1,308.2,1390,47.5,33,0,0,0,0,0,0,10.099999999999966,6914.121831775536,1567.5
266,L47445,L,298.0,308.1,1454,37.1,35,0,0,0,0,0,0,10.100000000000023,5648.9396383218545,1298.5
267,H29680,H,298.0,308.1,1440,43.7,37,0,0,0,0,0,0,10.100000000000023,6589.80475016995,1616.9
268,L47447,L,297.9,308.0,1954,21.1,42,0,0,0,0,0,0,10.100000000000023,4317.532671730501,886.2
269,H29682,H,297.9,308.0,1800,24.8,44,0,0,0,0,0,0,10.100000000000023,4674.689868541612,1091.2
270,L47449,L,298.0,308.0,1524,37.0,49,0,0,0,0,0,0,10.0,5904.937551687375,1813.0
271,H29684,H,298.0,308.0,1520,39.6,51,0,0,0,0,0,0,10.0,6303.291500162561,2019.6000000000001
272,M15131,M,298.1,308.1,1452,40.8,56,0,0,0,0,0,0,10.0,6203.765844896836,2284.7999999999997
273,L47452,L,298.1,308.1,1484,40.4,59,0,0,0,0,0,0,10.0,6278.326310542034,2383.6
274,L47453,L,298.1,308.0,1426,46.0,61,0,0,0,0,0,0,9.899999999999977,6869.197056829202,2806.0
275,L47454,L,298.1,308.0,1652,28.5,63,0,0,0,0,0,0,9.899999999999977,4930.415510543821,1795.5
276,L47455,L,298.0,308.0,1401,54.7,65,0,0,0,0,0,0,10.0,8025.16701766859,3555.5
277,M15136,M,298.0,307.9,1750,26.6,67,0,0,0,0,0,0,9.899999999999977,4874.704600820162,1782.2
278,H29691,H,298.0,308.0,1479,50.7,70,0,0,0,0,0,0,10.0,7852.442253574224,3549.0
279,M15138,M,298.0,308.0,1620,29.4,75,0,0,0,0,0,0,10.0,4987.5924968391555,2205.0
280,L47459,L,298.0,308.1,1819,23.4,78,0,0,0,0,0,0,10.100000000000023,4457.35448876627,1825.1999999999998
281,M15140,M,298.1,308.1,1456,43.7,80,0,0,0,0,0,0,10.0,6663.024802949616,3496.0
282,L47461,L,298.1,308.0,1626,36.5,83,0,0,0,0,0,0,9.899999999999977,6215.012746596687,3029.5
283,M15142,M,298.1,308.1,1390,49.8,85,0,0,0,0,0,0,10.0,7248.910888893089,4233.0
284,L47463,L,298.2,308.2,1469,43.0,88,0,0,0,0,0,0,10.0,6614.832771643549,3784.0
285,L47464,L,298.2,308.3,2051,19.2,90,0,0,0,0,0,0,10.100000000000023,4123.780180808106,1728.0
286,L47465,L,298.2,308.3,1568,36.0,92,0,0,0,0,0,0,10.100000000000023,5911.2207369945545,3312.0
287,L47466,L,298.2,308.3,1589,33.2,94,0,0,0,0,0,0,10.100000000000023,5524.4697373866275,3120.8
288,L47467,L,298.2,308.3,1805,31.6,96,0,0,0,0,0,0,10.100000000000023,5973.005392515153,3033.6000000000004
289,H29702,H,298.2,308.4,1385,42.2,98,0,0,0,0,0,0,10.199999999999989,6120.555527478755,4135.6
290,L47469,L,298.1,308.4,1436,46.7,103,0,0,0,0,0,0,10.299999999999955,7022.632442030527,4810.1
291,L47470,L,298.1,308.4,1438,45.6,105,0,0,0,0,0,0,10.299999999999955,6866.767558510426,4788.0
292,L47471,L,298.0,308.3,1473,42.6,107,0,0,0,0,0,0,10.300000000000011,6571.143689807626,4558.2
293,L47472,L,298.1,308.4,1335,40.2,109,0,0,0,0,0,0,10.299999999999955,5619.9950980067815,4381.8
294,H29707,H,298.1,308.5,1392,44.8,111,0,0,0,0,0,0,10.399999999999977,6530.491480870174,4972.799999999999
295,M15154,M,298.1,308.5,1372,51.1,116,0,0,0,0,0,0,10.399999999999977,7341.81825563525,5927.6
296,M15155,M,298.1,308.6,1716,30.7,119,0,0,0,0,0,0,10.5,5516.76236340982,3653.2999999999997
297,L47476,L,298.0,308.5,1395,46.2,122,0,0,0,0,0,0,10.5,6749.083497706953,5636.400000000001
298,L47477,L,298.0,308.5,1713,25.3,124,0,0,0,0,0,0,10.5,4538.438995155423,3137.2000000000003
299,H29712,H,297.9,308.5,2129,18.7,126,0,0,0,0,0,0,10.600000000000023,4169.13430675043,2356.2
300,M15159,M,297.8,308.3,1567,35.6,131,0,0,0,0,0,0,10.5,5841.812483301244,4663.6
301,L47480,L,297.8,308.4,1622,38.3,134,0,0,0,0,0,0,10.599999999999966,6505.463459396576,5132.2
302,L47481,L,297.7,308.4,1740,27.1,136,0,0,0,0,0,0,10.699999999999989,4937.9553329124365,3685.6000000000004
303,H29716,H,297.8,308.4,1512,35.1,138,0,0,0,0,0,0,10.599999999999966,5557.603067906488,4843.8
304,M15163,M,297.8,308.4,1479,43.5,143,0,0,0,0,0,0,10.599999999999966,6737.30252525599,6220.5
305,L47484,L,297.8,308.4,1737,27.5,146,0,0,0,0,0,0,10.599999999999966,5002.200902678348,4015.0
306,L47485,L,297.8,308.4,2129,19.2,148,0,0,0,0,0,0,10.599999999999966,4280.608486075308,2841.6
307,L47486,L,297.8,308.4,1374,47.1,150,0,0,0,0,0,0,10.599999999999966,6776.98084047083,7065.0
308,M15167,M,297.8,308.4,1579,36.6,152,0,0,0,0,0,0,10.599999999999966,6051.9012560223055,5563.2
309,L47488,L,297.9,308.5,1305,47.2,155,0,0,0,0,0,0,10.600000000000023,6450.3180363505635,7316.0
310,M15169,M,297.9,308.5,1449,40.8,157,0,0,0,0,0,0,10.600000000000023,6190.94814687019,6405.599999999999
311,H29724,H,298.0,308.6,1526,41.8,160,0,0,0,0,0,0,10.600000000000023,6679.738075866713,6688.0
312,M15171,M,298.0,308.6,1453,44.1,165,0,0,0,0,0,0,10.600000000000023,6710.159164728975,7276.5
313,L47492,L,297.9,308.6,1468,36.0,168,0,0,0,0,0,0,10.700000000000045,5534.22961856378,6048.0
314,L47493,L,298.0,308.6,1313,50.8,170,0,0,0,0,0,0,10.600000000000023,6984.849554383353,8636.0
315,M15174,M,297.9,308.5,1300,53.0,172,0,0,0,0,0,0,10.600000000000023,7215.191127744558,9116.0
316,L47495,L,297.9,308.4,1646,40.6,175,0,0,0,0,0,0,10.5,6998.1699072345755,7105.0
317,L47496,L,297.8,308.4,1714,33.2,177,0,0,0,0,0,0,10.599999999999966,5959.056721133215,5876.400000000001
318,L47497,L,297.8,308.4,1685,28.4,179,0,0,0,0,0,0,10.599999999999966,5011.259161496198,5083.599999999999
319,L47498,L,297.8,308.4,1512,39.9,181,0,0,0,0,0,0,10.599999999999966,6317.617162662929,7221.9
320,L47499,L,297.8,308.4,1612,32.1,183,0,0,0,0,0,0,10.599999999999966,5418.744672617819,5874.3
321,H29734,H,297.8,308.4,1550,38.2,185,0,0,0,0,0,0,10.599999999999966,6200.456700635055,7067.000000000001
322,L47501,L,297.8,308.4,1518,32.5,190,0,0,0,0,0,0,10.599999999999966,5166.349118828414,6175.0
323,L47502,L,297.8,308.5,1448,40.0,192,0,0,0,0,0,0,10.699999999999989,6065.368216530694,7680.0
324,L47503,L,297.8,308.5,1561,46.3,194,0,0,0,0,0,0,10.699999999999989,7568.546997444824,8982.199999999999
325,M15184,M,297.8,308.5,1488,41.9,196,0,0,0,0,0,0,10.699999999999989,6528.983516396451,8212.4
326,L47505,L,297.8,308.5,1699,27.8,199,0,0,0,0,0,0,10.699999999999989,4946.144417762795,5532.2
327,L47506,L,297.7,308.5,1501,41.4,201,0,0,0,0,0,0,10.800000000000011,6507.432190792825,8321.4
328,L47507,L,297.7,308.5,1373,56.7,203,1,0,0,0,1,0,10.800000000000011,8152.338688285906,11510.1
329,H29742,H,297.6,308.4,1703,31.4,205,0,0,0,0,0,0,10.799999999999955,5599.80512921971,6437.0
330,H29743,H,297.7,308.5,1720,29.9,210,0,0,0,0,0,0,10.800000000000011,5385.527566293862,6279.0
331,M15190,M,297.6,308.4,1398,41.9,215,0,0,0,0,0,0,10.799999999999955,6134.085319840214,9008.5
332,M15191,M,297.6,308.4,1391,51.9,218,0,0,0,0,0,0,10.799999999999955,7560.022809378085,11314.199999999999
333,M15192,M,297.6,308.3,1538,40.2,0,0,0,0,0,0,0,10.699999999999989,6474.571131636277,0.0
334,L47513,L,297.5,308.2,1647,31.3,3,0,0,0,0,0,0,10.699999999999989,5398.418568149093,93.9
335,M15194,M,297.5,308.1,1469,44.8,5,0,0,0,0,0,0,10.600000000000023,6891.732748130952,224.0
336,L47515,L,297.4,308.1,1749,25.9,8,0,0,0,0,0,0,10.700000000000045,4743.710659140979,207.2
337,M15196,M,297.6,308.2,1995,20.5,10,0,0,0,0,0,0,10.599999999999966,4282.776185006285,205.0
338,L47517,L,297.6,308.3,1742,27.7,13,0,0,0,0,0,0,10.699999999999989,5053.084231690991,360.09999999999997
339,L47518,L,297.5,308.2,1563,38.2,15,0,0,0,0,0,0,10.699999999999989,6252.460531027478,573.0
340,M15199,M,297.5,308.2,1713,32.2,17,0,0,0,0,0,0,10.699999999999989,5776.195084743265,547.4000000000001
341,L47520,L,297.4,308.1,1474,39.4,20,0,0,0,0,0,0,10.700000000000045,6081.662610427313,788.0
342,M15201,M,297.4,308.2,1530,32.6,22,0,0,0,0,0,0,10.800000000000011,5223.21194585839,717.2
343,L47522,L,297.4,308.2,1471,46.5,25,0,0,0,0,0,0,10.800000000000011,7162.988329817407,1162.5
344,L47523,L,297.5,308.3,1388,48.6,27,0,0,0,0,0,0,10.800000000000011,7064.059577155866,1312.2
345,M15204,M,297.5,308.2,2448,13.8,29,0,0,0,0,0,0,10.699999999999989,3537.684655354394,400.20000000000005
346,L47525,L,297.5,308.3,1585,32.9,32,0,0,0,0,0,0,10.800000000000011,5460.768710347338,1052.8
347,M15206,M,297.5,308.3,1459,45.2,34,0,0,0,0,0,0,10.800000000000011,6905.932746925179,1536.8000000000002
348,L47527,L,297.5,308.3,1544,40.8,37,0,0,0,0,0,0,10.800000000000011,6596.84191771399,1509.6
349,L47528,L,297.6,308.3,1617,31.7,39,0,0,0,0,0,0,10.699999999999989,5367.819455703128,1236.3
350,L47529,L,297.6,308.3,1595,34.3,41,0,0,0,0,0,0,10.699999999999989,5729.060722963905,1406.3
351,H29764,H,297.6,308.3,1400,44.3,43,0,0,0,0,0,0,10.699999999999989,6494.719212521298,1904.8999999999999
352,M15211,M,297.6,308.4,1611,31.0,48,0,0,0,0,0,0,10.799999999999955,5229.809290430929,1488.0
353,M15212,M,297.6,308.4,1507,46.0,51,0,0,0,0,0,0,10.799999999999955,7259.3828644050545,2346.0
354,H29767,H,297.5,308.3,1674,30.0,54,0,0,0,0,0,0,10.800000000000011,5259.026102109314,1620.0
355,L47534,L,297.6,308.3,1658,34.3,59,0,0,0,0,0,0,10.699999999999989,5955.349641801979,2023.6999999999998
356,L47535,L,297.6,308.3,1623,36.9,61,0,0,0,0,0,0,10.699999999999989,6271.529998434768,2250.9
357,M15216,M,297.6,308.4,1398,48.9,63,0,0,0,0,0,0,10.799999999999955,7158.872843441204,3080.7
358,L47537,L,297.6,308.4,1517,34.2,66,0,0,0,0,0,0,10.799999999999955,5433.007503265117,2257.2000000000003
359,M15218,M,297.6,308.3,1467,36.7,68,0,0,0,0,0,0,10.699999999999989,5637.99642391185,2495.6000000000004
360,M15219,M,297.6,308.3,1567,34.6,71,0,0,0,0,0,0,10.699999999999989,5677.716627028738,2456.6
361,M15220,M,297.5,308.3,1521,38.2,74,0,0,0,0,0,0,10.800000000000011,6084.4481559134965,2826.8
362,L47541,L,297.5,308.3,1596,36.8,77,0,0,0,0,0,0,10.800000000000011,6150.484433491953,2833.6
363,H29776,H,297.6,308.3,1640,30.9,79,0,0,0,0,0,0,10.699999999999989,5306.778310443879,2441.1
364,L47543,L,297.6,308.3,1438,47.8,84,0,0,0,0,0,0,10.699999999999989,7198.058975806981,4015.2
365,L47544,L,297.6,308.4,1407,55.2,86,0,0,0,0,0,0,10.799999999999955,8133.206389025544,4747.2
366,L47545,L,297.6,308.4,1353,57.5,88,0,0,0,0,0,0,10.799999999999955,8146.935148921731,5060.0
367,M15226,M,297.6,308.5,1552,40.9,90,0,0,0,0,0,0,10.899999999999977,6647.274951779618,3681.0
368,M15227,M,297.6,308.4,1569,38.3,93,0,0,0,0,0,0,10.799999999999955,6292.892828479178,3561.8999999999996
369,L47548,L,297.5,308.4,1489,39.5,96,0,0,0,0,0,0,10.899999999999977,6159.144757240349,3792.0
370,H29783,H,297.5,308.4,1587,36.1,98,0,0,0,0,0,0,10.899999999999977,5999.468074633892,3537.8
371,M15230,M,297.5,308.3,1622,37.2,103,0,0,0,0,0,0,10.800000000000011,6318.622472312079,3831.6000000000004
372,L47551,L,297.5,308.4,1604,38.1,106,0,0,0,0,0,0,10.899999999999977,6399.675562774695,4038.6000000000004
373,M15232,M,297.4,308.3,1405,51.7,108,0,0,0,0,0,0,10.900000000000034,7606.6859322594055,5583.6
374,L47553,L,297.4,308.3,1412,42.0,111,0,0,0,0,0,0,10.900000000000034,6210.300357616303,4662.0
375,L47554,L,297.4,308.3,1431,43.0,113,0,0,0,0,0,0,10.900000000000034,6443.720691778024,4859.0
376,L47555,L,297.4,308.2,1533,37.4,115,0,0,0,0,0,0,10.800000000000011,6004.023383981596,4301.0
377,M15236,M,297.4,308.2,1401,51.9,117,0,0,0,0,0,0,10.800000000000011,7614.3723622851885,6072.3
378,M15237,M,297.4,308.2,1424,53.9,120,0,0,0,0,0,0,10.800000000000011,8037.6181965523165,6468.0
379,L47558,L,297.3,308.2,1754,29.4,123,0,0,0,0,0,0,10.899999999999977,5400.146444108566,3616.2
380,L47559,L,297.3,308.2,1754,26.8,125,0,0,0,0,0,0,10.899999999999977,4922.582472860871,3350.0
381,L47560,L,297.5,308.3,2564,12.8,127,1,0,0,1,0,0,10.800000000000011,3436.8185872231384,1625.6000000000001
382,L47561,L,297.5,308.5,1546,40.4,129,0,0,0,0,0,0,11.0,6540.628353165757,5211.599999999999
383,L47562,L,297.5,308.5,1335,48.0,131,0,0,0,0,0,0,11.0,6710.441908067798,6288.0
384,M15243,M,297.5,308.6,1842,27.0,133,0,0,0,0,0,0,11.100000000000023,5208.132301121159,3591.0
385,L47564,L,297.5,308.5,1712,26.8,136,0,0,0,0,0,0,11.0,4804.709916498181,3644.8
386,M15245,M,297.6,308.6,1414,45.4,138,0,0,0,0,0,0,11.0,6722.547511759631,6265.2
387,L47566,L,297.6,308.7,1319,50.9,141,0,0,0,0,0,0,11.099999999999966,7030.580671444109,7176.9
388,L47567,L,297.7,308.7,1249,60.4,143,0,0,0,0,0,0,11.0,7900.016438325084,8637.199999999999
389,L47568,L,297.6,308.7,1455,48.2,145,0,0,0,0,0,0,11.099999999999966,7344.101146296859,6989.0
390,M15249,M,297.6,308.7,1408,54.8,147,0,0,0,0,0,0,11.099999999999966,8080.008753424756,8055.599999999999
391,L47570,L,297.6,308.7,1460,46.7,150,0,0,0,0,0,0,11.099999999999966,7140.002343568643,7005.0
392,L47571,L,297.6,308.6,1491,38.1,152,0,0,0,0,0,0,11.0,5948.825601058024,5791.2
393,M15252,M,297.6,308.5,1490,43.4,154,0,0,0,0,0,0,10.899999999999977,6771.807684567919,6683.599999999999
394,M15253,M,297.5,308.4,1350,52.2,157,0,0,0,0,0,0,10.899999999999977,7379.601143282423,8195.4
395,L47574,L,297.5,308.4,1528,39.9,160,0,0,0,0,0,0,10.899999999999977,6384.470254331321,6384.0
396,L47575,L,297.4,308.3,1571,37.7,162,0,0,0,0,0,0,10.900000000000034,6202.205520545554,6107.400000000001
397,L47576,L,297.4,308.3,1490,42.6,164,0,0,0,0,0,0,10.900000000000034,6646.981736465284,6986.400000000001
398,M15257,M,297.4,308.3,1774,28.9,166,0,0,0,0,0,0,10.900000000000034,5368.8352373277885,4797.4
399,H29812,H,297.4,308.3,1502,43.6,169,0,0,0,0,0,0,10.900000000000034,6857.803547472184,7368.400000000001
400,L47579,L,297.4,308.4,1392,49.7,174,0,0,0,0,0,0,11.0,7244.763986590351,8647.800000000001
401,L47580,L,297.4,308.5,2100,16.9,176,0,0,0,0,0,0,11.100000000000023,3716.504109196725,2974.3999999999996
402,L47581,L,297.5,308.5,1722,30.4,178,0,0,0,0,0,0,11.0,5481.953516808045,5411.2
403,L47582,L,297.4,308.6,1678,32.3,180,0,0,0,0,0,0,11.200000000000045,5675.747895632487,5813.999999999999
404,L47583,L,297.3,308.6,1273,59.8,182,0,0,0,0,0,0,11.300000000000011,7971.833246386147,10883.6
405,L47584,L,297.3,308.6,1297,45.9,184,0,0,0,0,0,0,11.300000000000011,6234.207877710121,8445.6
406,L47585,L,297.3,308.5,1350,57.6,186,0,0,0,0,0,0,11.199999999999989,8143.008158104743,10713.6
407,L47586,L,297.4,308.6,1439,51.9,188,0,0,0,0,0,0,11.200000000000045,7820.900663332181,9757.199999999999
408,M15267,M,297.4,308.5,1600,42.1,190,0,0,0,0,0,0,11.100000000000023,7053.922704860282,7999.0
409,M15268,M,297.4,308.6,1434,44.4,193,0,0,0,0,0,0,11.200000000000045,6667.464920566689,8569.199999999999
410,L47589,L,297.4,308.6,1459,41.3,196,0,0,0,0,0,0,11.200000000000045,6310.066868318802,8094.799999999999
411,M15270,M,297.5,308.6,1472,44.9,198,0,0,0,0,0,0,11.100000000000023,6921.221831172649,8890.199999999999
412,L47591,L,297.5,308.7,1429,44.3,201,0,0,0,0,0,0,11.199999999999989,6629.252681923525,8904.3
413,L47592,L,297.5,308.6,1388,48.2,203,0,0,0,0,0,0,11.100000000000023,7005.91916911343,9784.6
414,L47593,L,297.4,308.4,1573,34.5,205,0,0,0,0,0,0,11.0,5682.984030711256,7072.5
415,L47594,L,297.4,308.4,1588,32.5,207,0,0,0,0,0,0,11.0,5404.58656172564,6727.5
416,L47595,L,297.5,308.4,1511,42.8,209,0,0,0,0,0,0,10.899999999999977,6772.310339392492,8945.199999999999
417,L47596,L,297.4,308.5,1495,37.8,211,0,0,0,0,0,0,11.100000000000023,5917.818081567092,7975.799999999999
418,L47597,L,297.4,308.4,1394,50.1,213,0,0,0,0,0,0,11.0,7313.564865703967,10671.300000000001
419,L47598,L,297.4,308.4,2151,17.7,0,0,0,0,0,0,0,11.0,3986.96382074427,0.0
420,M15279,M,297.3,308.3,1501,38.2,2,0,0,0,0,0,0,11.0,6004.442263002076,76.4
421,M15280,M,297.3,308.3,1301,39.6,5,0,0,0,0,0,0,11.0,5395.119895862823,198.0
422,M15281,M,297.3,308.3,1657,31.1,8,0,0,0,0,0,0,11.0,5396.491724654891,248.8
423,L47602,L,297.3,308.3,1333,55.2,11,0,0,0,0,0,0,11.0,7705.447133312758,607.2
424,L47603,L,297.3,308.3,1484,43.9,13,0,0,0,0,0,0,11.0,6822.240718633547,570.6999999999999
425,L47604,L,297.3,308.4,1430,45.7,15,0,0,0,0,0,0,11.099999999999966,6843.540716824886,685.5
426,M15285,M,297.3,308.4,1665,28.9,17,0,0,0,0,0,0,11.099999999999966,5038.957536725348,491.29999999999995
427,L47606,L,297.4,308.5,1501,44.9,20,0,0,0,0,0,0,11.100000000000023,7057.577424313958,898.0
428,M15287,M,297.5,308.5,1496,42.2,22,0,0,0,0,0,0,11.0,6611.083804410265,928.4000000000001
429,M15288,M,297.6,308.6,1595,36.9,25,0,0,0,0,0,0,11.0,6163.333547445135,922.5
430,L47609,L,297.5,308.6,1208,62.3,28,0,0,0,0,0,0,11.100000000000023,7881.041218697402,1744.3999999999999
431,L47610,L,297.5,308.6,1596,37.1,30,0,0,0,0,0,0,11.100000000000023,6200.624252243247,1113.0
432,L47611,L,297.5,308.5,1446,41.9,32,0,0,0,0,0,0,11.0,6344.697691336874,1340.8
433,M15292,M,297.6,308.5,1466,39.7,34,0,0,0,0,0,0,10.899999999999977,6094.710691915223,1349.8000000000002
434,M15293,M,297.6,308.5,1848,23.7,37,0,0,0,0,0,0,10.899999999999977,4586.473946828811,876.9
435,M15294,M,297.5,308.5,1484,44.7,40,0,0,0,0,0,0,11.0,6946.564011911607,1788.0
436,L47615,L,297.4,308.3,1493,41.2,43,0,0,0,0,0,0,10.900000000000034,6441.479689018464,1771.6000000000001
437,L47616,L,297.3,308.3,1504,36.3,45,0,0,0,0,0,0,11.0,5717.195974708849,1633.4999999999998
438,L47617,L,297.3,308.3,1538,38.5,47,0,0,0,0,0,0,11.0,6200.770859900414,1809.5
439,L47618,L,297.4,308.4,1341,52.2,49,0,0,0,0,0,0,11.0,7330.403802327207,2557.8
440,M15299,M,297.4,308.3,1535,34.6,51,0,0,0,0,0,0,10.900000000000034,5561.77091416025,1764.6000000000001
441,L47620,L,297.4,308.5,1389,39.2,54,0,0,0,0,0,0,11.100000000000023,5701.865002559331,2116.8
442,H29855,H,297.5,308.5,1393,46.6,56,0,0,0,0,0,0,11.0,6797.7572398865705,2609.6
443,L47622,L,297.4,308.5,1399,61.5,61,1,0,0,1,0,0,11.100000000000023,9009.930650862847,3751.5
444,H29857,H,297.4,308.5,1469,45.1,63,0,0,0,0,0,0,11.100000000000023,6937.882744212187,2841.3
445,L47624,L,297.4,308.4,1582,37.2,68,0,0,0,0,0,0,11.0,6162.7994766940255,2529.6000000000004
446,L47625,L,297.5,308.6,1793,26.7,70,0,0,0,0,0,0,11.100000000000023,5013.259308818984,1869.0
447,L47626,L,297.5,308.6,1452,39.0,72,0,0,0,0,0,0,11.100000000000023,5930.070292916093,2808.0
448,M15307,M,297.6,308.7,1376,59.9,74,0,0,0,0,0,0,11.099999999999966,8631.253544374644,4432.599999999999
449,L47628,L,297.5,308.6,1552,44.9,77,0,0,0,0,0,0,11.100000000000023,7297.375191562467,3457.2999999999997
450,L47629,L,297.6,308.7,1622,37.9,79,0,0,0,0,0,0,11.099999999999966,6437.52128227494,2994.1
451,M15310,M,297.6,308.7,1419,41.7,81,0,0,0,0,0,0,11.099999999999966,6196.508765867044,3377.7000000000003
452,H29865,H,297.5,308.6,1440,46.1,84,0,0,0,0,0,0,11.100000000000023,6951.716223863494,3872.4
453,M15312,M,297.4,308.6,1643,31.0,89,0,0,0,0,0,0,11.200000000000045,5333.6912875096305,2759.0
454,L47633,L,297.4,308.7,1510,36.2,92,0,0,0,0,0,0,11.300000000000011,5724.191254350843,3330.4
455,L47634,L,297.4,308.7,1468,46.6,94,0,0,0,0,0,0,11.300000000000011,7163.752784029782,4380.400000000001
456,L47635,L,297.4,308.7,1429,57.4,96,0,0,0,0,0,0,11.300000000000011,8589.596025788043,5510.4
457,H29870,H,297.3,308.7,1478,47.6,98,0,0,0,0,0,0,11.399999999999977,7367.3279879823995,4664.8
458,L47637,L,297.4,308.6,1276,53.6,103,0,0,0,0,0,0,11.200000000000045,7162.161043751963,5520.8
459,L47638,L,297.3,308.6,1486,42.6,105,0,0,0,0,0,0,11.300000000000011,6629.137490192894,4473.0
460,L47639,L,297.4,308.6,1476,42.3,107,0,0,0,0,0,0,11.200000000000045,6538.156966944933,4526.099999999999
461,H29874,H,297.3,308.6,1431,42.0,109,0,0,0,0,0,0,11.300000000000011,6293.866722201791,4578.0
462,L47641,L,297.4,308.7,1402,40.2,114,0,0,0,0,0,0,11.300000000000011,5902.047286446073,4582.8
463,L47642,L,297.4,308.7,1433,43.4,116,0,0,0,0,0,0,11.300000000000011,6512.751954352903,5034.4
464,L47643,L,297.4,308.7,2874,4.2,118,1,0,0,1,0,0,11.300000000000011,1264.0512200983892,495.6
465,L47644,L,297.3,308.6,1511,35.7,120,0,0,0,0,0,0,11.300000000000011,5648.866334493271,4284.0
466,M15325,M,297.3,308.6,1456,42.9,122,0,0,0,0,0,0,11.300000000000011,6541.047232186236,5233.8
467,L47646,L,297.2,308.5,1550,41.5,125,0,0,0,0,0,0,11.300000000000011,6736.098248072114,5187.5
468,L47647,L,297.2,308.5,2182,16.5,127,0,0,0,0,0,0,11.300000000000011,3770.2253435731104,2095.5
469,L47648,L,297.3,308.7,1619,31.6,129,0,0,0,0,0,0,11.399999999999977,5357.504559823841,4076.4
470,M15329,M,297.3,308.8,1586,32.7,131,0,0,0,0,0,0,11.5,5430.996883966819,4283.700000000001
471,H29884,H,297.3,308.8,1499,44.2,134,0,0,0,0,0,0,11.5,6938.291151257154,5922.8
472,H29885,H,297.3,308.8,1419,42.4,139,0,0,0,0,0,0,11.5,6300.526898627401,5893.599999999999
473,M15332,M,297.4,309.0,1497,41.8,144,0,0,0,0,0,0,11.600000000000023,6552.7967887106615,6019.2
474,M15333,M,297.4,309.0,1520,37.0,147,0,0,0,0,0,0,11.600000000000023,5889.439027929665,5439.0
475,L47654,L,297.4,309.1,1478,49.8,150,0,0,0,0,0,0,11.700000000000045,7707.834743729484,7470.0
476,L47655,L,297.4,309.1,1380,41.1,152,0,0,0,0,0,0,11.700000000000045,5939.495070876863,6247.2
477,L47656,L,297.4,309.0,1570,37.9,154,0,0,0,0,0,0,11.600000000000023,6231.139588885115,5836.599999999999
478,H29891,H,297.4,309.0,1468,41.4,156,0,0,0,0,0,0,11.600000000000023,6364.364061348346,6458.4
479,L47658,L,297.4,309.0,1833,22.6,161,0,0,0,0,0,0,11.600000000000023,4338.0996316360015,3638.6000000000004
480,M15339,M,297.4,308.9,1323,57.3,163,0,0,0,0,0,0,11.5,7938.584724135655,9339.9
481,L47660,L,297.4,309.0,1583,32.0,166,0,0,0,0,0,0,11.600000000000023,5304.683915341485,5312.0
482,M15341,M,297.3,309.0,1556,39.5,168,0,0,0,0,0,0,11.699999999999989,6436.285589164529,6636.0
483,L47662,L,297.3,309.0,1548,37.4,171,0,0,0,0,0,0,11.699999999999989,6062.771166603726,6395.4
484,L47663,L,297.4,309.0,1324,56.9,173,0,0,0,0,0,0,11.600000000000023,7889.125583792639,9843.699999999999
485,L47664,L,297.4,309.0,1568,33.7,175,0,0,0,0,0,0,11.600000000000023,5533.559412131014,5897.500000000001
486,M15345,M,297.4,309.0,1685,30.7,177,0,0,0,0,0,0,11.600000000000023,5417.10057246244,5433.9
487,M15346,M,297.4,309.1,1582,35.9,180,0,0,0,0,0,0,11.700000000000045,5947.4328283149325,6462.0
488,M15347,M,297.4,309.1,1463,35.0,183,0,0,0,0,0,0,11.700000000000045,5362.175060902178,6405.0
489,L47668,L,297.4,309.2,1584,42.8,186,0,0,0,0,0,0,11.800000000000011,7099.496742288357,7960.799999999999
490,M15349,M,297.5,309.2,1347,55.8,188,0,0,0,0,0,0,11.699999999999989,7871.009066156938,10490.4
491,L47670,L,297.4,309.2,1459,37.9,191,0,0,0,0,0,0,11.800000000000011,5790.5940510722185,7238.9
492,L47671,L,297.4,309.2,1420,45.6,193,0,0,0,0,0,0,11.800000000000011,6780.813583508209,8800.800000000001
493,L47672,L,297.5,309.3,1404,43.5,195,0,0,0,0,0,0,11.800000000000011,6395.654324178101,8482.5
494,L47673,L,297.5,309.3,1470,38.8,197,0,0,0,0,0,0,11.800000000000011,5972.795953004914,7643.599999999999
495,L47674,L,297.6,309.4,1326,49.8,199,0,0,0,0,0,0,11.799999999999955,6915.148085375709,9910.199999999999
496,H29909,H,297.5,309.3,1459,49.7,201,0,0,0,0,0,0,11.800000000000011,7593.470299163305,9989.7
497,M15356,M,297.5,309.2,1530,40.0,206,0,0,0,0,0,0,11.699999999999989,6408.849013323178,8240.0
498,L47677,L,297.4,309.0,1505,39.2,209,0,0,0,0,0,0,11.600000000000023,6178.046673039448,8192.800000000001
499,L47678,L,297.5,309.1,1611,30.2,211,0,0,0,0,0,0,11.600000000000023,5094.84647003271,6372.2
500,L47679,L,297.5,309.1,1515,35.1,213,0,0,0,0,0,0,11.600000000000023,5568.630058120588,7476.3
501,M15360,M,297.5,309.2,1804,27.4,215,0,0,0,0,0,0,11.699999999999989,5176.255607662734,5891.0
502,M15361,M,297.6,309.3,1464,46.2,218,0,0,0,0,0,0,11.699999999999989,7082.909133077404,10071.6
503,L47682,L,297.6,309.2,1390,43.3,221,0,0,0,0,0,0,11.599999999999966,6302.767901386962,9569.3
504,M15363,M,297.6,309.2,1442,48.1,0,0,0,0,0,0,0,11.599999999999966,7263.383159050625,0.0
505,M15364,M,297.6,309.3,1529,41.9,3,0,0,0,0,0,0,11.699999999999989,6708.881583716515,125.69999999999999
506,L47685,L,297.6,309.3,1610,35.0,6,0,0,0,0,0,0,11.699999999999989,5900.958200992828,210.0
507,L47686,L,297.6,309.3,1543,34.3,8,0,0,0,0,0,0,11.699999999999989,5542.282567732481,274.4
508,H29921,H,297.8,309.4,1445,48.2,10,0,0,0,0,0,0,11.599999999999966,7293.626224329183,482.0
509,L47688,L,297.7,309.3,1893,24.6,15,0,0,0,0,0,0,11.600000000000023,4876.568612461292,369.0
510,M15369,M,297.6,309.3,1415,41.3,17,0,0,0,0,0,0,11.699999999999989,6119.770129315356,702.0999999999999
511,L47690,L,297.5,309.3,1564,37.5,20,0,0,0,0,0,0,11.800000000000011,6141.813637768045,750.0
512,L47691,L,297.5,309.3,1479,39.4,22,0,0,0,0,0,0,11.800000000000011,6102.292402185885,866.8
513,L47692,L,297.5,309.2,1426,44.8,24,0,0,0,0,0,0,11.699999999999989,6690.00061186844,1075.1999999999998
514,L47693,L,297.4,309.2,1428,38.8,26,0,0,0,0,0,0,11.800000000000011,5802.144640061916,1008.8
515,L47694,L,297.4,309.2,1620,33.2,28,0,0,0,0,0,0,11.800000000000011,5632.247309355782,929.6000000000001
516,L47695,L,297.5,309.2,1715,28.0,30,0,0,0,0,0,0,11.699999999999989,5028.642640846062,840.0
517,L47696,L,297.5,309.3,1732,29.9,32,0,0,0,0,0,0,11.800000000000011,5423.101014430796,956.8
518,M15377,M,297.5,309.4,1391,58.2,34,0,0,0,0,0,0,11.899999999999977,8477.7134394182,1978.8000000000002
519,L47698,L,297.6,309.5,1924,20.6,37,0,0,0,0,0,0,11.899999999999977,4150.504662314644,762.2
520,M15379,M,297.7,309.5,2027,19.8,39,0,0,0,0,0,0,11.800000000000011,4202.8854838254965,772.2
521,L47700,L,297.6,309.5,1617,36.2,42,0,0,0,0,0,0,11.899999999999977,6129.812753831332,1520.4
522,L47701,L,297.5,309.4,1497,35.8,44,0,0,0,0,0,0,11.899999999999977,5612.203948225878,1575.1999999999998
523,M15382,M,297.5,309.5,1448,43.7,46,0,0,0,0,0,0,12.0,6626.414776559784,2010.2
524,L47703,L,297.4,309.4,1401,45.9,49,0,0,0,0,0,0,12.0,6734.098100749329,2249.1
525,L47704,L,297.4,309.4,1620,35.4,51,0,0,0,0,0,0,12.0,6005.468516602248,1805.3999999999999
526,L47705,L,297.4,309.4,1466,45.5,53,0,0,0,0,0,0,12.0,6985.121825746665,2411.5
527,L47706,L,297.6,309.5,1373,50.6,55,0,0,0,0,0,0,11.899999999999977,7275.279323232219,2783.0
528,M15387,M,297.6,309.6,1592,35.8,57,0,0,0,0,0,0,12.0,5968.355835387841,2040.6
529,M15388,M,297.5,309.5,1553,42.4,60,0,0,0,0,0,0,12.0,6895.502659315261,2544.0
530,L47709,L,297.6,309.5,1569,36.2,63,0,0,0,0,0,0,11.899999999999977,5947.851707335411,2280.6000000000004
531,M15390,M,297.6,309.5,1709,32.2,65,0,0,0,0,0,0,11.899999999999977,5762.707180283854,2093.0
532,L47711,L,297.6,309.5,1549,34.9,68,0,0,0,0,0,0,11.899999999999977,5661.160433744319,2373.2
533,L47712,L,297.5,309.4,1443,45.4,70,0,0,0,0,0,0,11.899999999999977,6860.421541350174,3178.0
534,L47713,L,297.5,309.3,1675,29.8,72,0,0,0,0,0,0,11.800000000000011,5227.0865767978175,2145.6
535,L47714,L,297.5,309.3,1623,33.4,74,0,0,0,0,0,0,11.800000000000011,5676.66942947754,2471.6
536,H29949,H,297.4,309.3,1365,52.4,76,0,0,0,0,0,0,11.900000000000034,7490.185204688784,3982.4
537,L47716,L,297.4,309.3,1759,24.8,81,0,0,0,0,0,0,11.900000000000034,4568.210821535942,2008.8
538,H29951,H,297.4,309.3,1516,43.0,83,0,0,0,0,0,0,11.900000000000034,6826.47139674038,3569.0
539,M15398,M,297.4,309.3,1499,36.8,88,0,0,0,0,0,0,11.900000000000034,5776.676795616815,3238.3999999999996
540,M15399,M,297.4,309.3,1775,25.8,91,0,0,0,0,0,0,11.900000000000034,4795.641185704819,2347.8
541,L47720,L,297.4,309.4,1473,45.5,94,0,0,0,0,0,0,12.0,7018.475067752277,4277.0
542,L47721,L,297.4,309.4,1296,52.3,96,0,0,0,0,0,0,12.0,7097.988777814635,5020.799999999999
543,L47722,L,297.5,309.4,1803,24.7,98,0,0,0,0,0,0,11.899999999999977,4663.60004647444,2420.6
544,H29957,H,297.5,309.3,1563,36.1,100,0,0,0,0,0,0,11.800000000000011,5908.738878798219,3610.0
545,M15404,M,297.5,309.4,1831,26.6,105,0,0,0,0,0,0,11.899999999999977,5100.333785200982,2793.0
546,L47725,L,297.6,309.4,1958,22.1,108,0,0,0,0,0,0,11.799999999999955,4531.412299586894,2386.8
547,L47726,L,297.5,309.4,1809,24.3,110,0,0,0,0,0,0,11.899999999999977,4603.344299378588,2673.0
548,M15407,M,297.5,309.4,1482,39.3,112,0,0,0,0,0,0,11.899999999999977,6099.150809532296,4401.599999999999
549,L47728,L,297.4,309.3,1332,53.2,115,0,0,0,0,0,0,11.900000000000034,7420.693175191379,6118.0
550,L47729,L,297.4,309.2,1437,40.4,117,0,0,0,0,0,0,11.800000000000011,6079.484439520823,4726.8
551,L47730,L,297.4,309.2,1698,29.4,119,0,0,0,0,0,0,11.800000000000011,5227.735839279559,3498.6
552,L47731,L,297.4,309.2,1274,54.3,121,0,0,0,0,0,0,11.800000000000011,7244.324163618847,6570.299999999999
553,M15412,M,297.4,309.3,1622,35.0,123,0,0,0,0,0,0,11.900000000000034,5944.940498143085,4305.0
554,M15413,M,297.4,309.3,1564,36.0,126,0,0,0,0,0,0,11.900000000000034,5896.141092257323,4536.0
555,H29968,H,297.5,309.4,1368,45.3,129,0,0,0,0,0,0,11.899999999999977,6489.525112667363,5843.7
556,M15415,M,297.4,309.4,1539,42.2,134,0,0,0,0,0,0,12.0,6801.108272050399,5654.8
557,L47736,L,297.5,309.4,1357,50.1,137,0,0,0,0,0,0,11.899999999999977,7119.445855638653,6863.7
558,M15417,M,297.5,309.4,1433,48.3,139,0,0,0,0,0,0,11.899999999999977,7248.062658876618,6713.7
559,L47738,L,297.5,309.4,1650,34.6,142,0,0,0,0,0,0,11.899999999999977,5978.450819781376,4913.2
560,L47739,L,297.5,309.4,1503,40.6,144,0,0,0,0,0,0,11.899999999999977,6390.187952960855,5846.400000000001
561,L47740,L,297.5,309.4,1318,58.2,146,0,0,0,0,0,0,11.899999999999977,8032.801087816814,8497.2
562,M15421,M,297.5,309.4,1678,34.4,148,0,0,0,0,0,0,11.899999999999977,6044.759368723145,5091.2
563,L47742,L,297.6,309.5,1574,30.9,151,0,0,0,0,0,0,11.899999999999977,5093.212841852844,4665.9
564,L47743,L,297.7,309.6,1529,35.2,153,0,0,0,0,0,0,11.900000000000034,5636.100996344185,5385.6
565,H29978,H,297.6,309.6,1669,32.1,155,0,0,0,0,0,0,12.0,5610.35040856026,4975.5
566,H29979,H,297.7,309.7,1570,35.8,160,0,0,0,0,0,0,12.0,5885.878556255596,5728.0
567,M15426,M,297.6,309.7,1541,33.7,165,0,0,0,0,0,0,12.099999999999966,5438.274906947636,5560.500000000001
568,M15427,M,297.7,309.7,1680,30.2,168,0,0,0,0,0,0,12.0,5313.061495751058,5073.599999999999
569,L47748,L,297.8,309.7,1935,22.1,171,0,0,0,0,0,0,11.899999999999977,4478.18324805957,3779.1000000000004
570,M15429,M,297.7,309.6,1596,35.2,173,0,0,0,0,0,0,11.900000000000034,5883.07206681839,6089.6
571,L47750,L,297.7,309.7,1498,41.0,176,0,0,0,0,0,0,12.0,6431.677919939263,7216.0
572,M15431,M,297.8,309.8,1676,29.0,178,0,0,0,0,0,0,12.0,5089.798977835943,5162.0
573,L47752,L,297.8,309.9,1351,49.0,181,0,0,0,0,0,0,12.099999999999966,6932.343069166357,8869.0
574,L47753,L,297.9,309.9,1472,45.0,183,0,0,0,0,0,0,12.0,6936.636579126263,8235.0
575,M15434,M,297.9,310.0,1439,41.7,185,0,0,0,0,0,0,12.100000000000023,6283.8450416368405,7714.500000000001
576,M15435,M,297.9,309.9,1410,55.4,188,0,0,0,0,0,0,12.0,8180.078951417103,10415.199999999999
577,H29990,H,297.7,309.7,1440,51.1,191,0,0,0,0,0,0,12.0,7705.698460725044,9760.1
578,L47757,L,297.7,309.7,1591,37.7,196,0,0,0,0,0,0,12.0,6281.164215905777,7389.200000000001
579,L47758,L,297.8,309.8,1533,36.8,198,0,0,0,0,0,0,12.0,5907.7021532225335,7286.4
580,M15439,M,297.8,309.7,1700,31.3,200,0,0,0,0,0,0,11.899999999999977,5572.138169917096,6260.0
581,M15440,M,297.8,309.8,1798,25.5,203,0,0,0,0,0,0,12.0,4801.296052481281,5176.5
582,L47761,L,297.8,309.7,1394,42.9,206,0,0,0,0,0,0,11.899999999999977,6262.513627518965,8837.4
583,L47762,L,297.8,309.7,1341,49.2,208,0,0,0,0,0,0,11.899999999999977,6909.116227480816,10233.6
584,H29997,H,297.7,309.6,1697,32.2,210,0,0,0,0,0,0,11.900000000000034,5722.2434669056165,6762.000000000001
585,H29998,H,297.6,309.6,1419,48.2,215,0,0,0,0,0,0,12.0,7162.391427213226,10363.0
586,L47765,L,297.6,309.5,2001,20.5,220,0,0,0,0,0,0,11.899999999999977,4295.656714886003,4510.0
587,L47766,L,297.6,309.6,1501,49.8,222,1,0,0,0,1,0,12.0,7827.780751243544,11055.599999999999
588,H30001,H,297.6,309.5,1623,33.1,224,0,0,0,0,0,0,11.899999999999977,5625.681380709779,7414.400000000001
589,L47768,L,297.6,309.4,1628,33.4,229,0,0,0,0,0,0,11.799999999999955,5694.157628582523,7648.599999999999
590,L47769,L,297.6,309.4,1491,40.2,231,0,0,0,0,0,0,11.799999999999955,6276.7136263131915,9286.2
591,L47770,L,297.5,309.4,1517,36.7,233,0,0,0,0,0,0,11.899999999999977,5830.157174556426,8551.1
592,H30005,H,297.5,309.3,1525,41.7,235,0,0,0,0,0,0,11.800000000000011,6659.3910274469645,9799.5
593,H30006,H,297.5,309.5,1668,27.9,240,0,0,0,0,0,0,12.0,4873.36418795463,6696.0
594,L47773,L,297.5,309.6,1312,50.7,0,0,0,0,0,0,0,12.100000000000023,6965.790558951577,0.0
595,H30008,H,297.6,309.6,1278,50.4,2,0,0,0,0,0,0,12.0,6745.125090963429,100.8
596,M15455,M,297.6,309.6,1330,53.1,7,0,0,0,0,0,0,12.0,7395.623265815731,371.7
597,M15456,M,297.6,309.6,1530,37.3,10,0,0,0,0,0,0,12.0,5976.251704923862,373.0
598,H30011,H,297.6,309.6,1428,46.6,13,0,0,0,0,0,0,12.0,6968.555160486735,605.8000000000001
599,L47778,L,297.7,309.6,1480,47.9,18,0,0,0,0,0,0,11.900000000000034,7423.79287994292,862.1999999999999
600,H30013,H,297.7,309.7,1616,31.1,20,0,0,0,0,0,0,12.0,5262.963564901814,622.0
601,L47780,L,297.8,309.7,1547,37.3,25,0,0,0,0,0,0,11.899999999999977,6042.654501645239,932.4999999999999
602,L47781,L,297.9,309.7,2194,16.8,27,0,0,0,0,0,0,11.800000000000011,3859.8863979065636,453.6
603,L47782,L,297.9,309.8,2000,21.3,29,0,0,0,0,0,0,11.900000000000034,4461.061568097506,617.7
604,L47783,L,297.9,309.8,1336,71.6,31,1,0,0,1,0,0,11.900000000000034,10017.240447334365,2219.6
605,L47784,L,297.9,309.9,1542,33.8,33,0,0,0,0,0,0,12.0,5457.951748934619,1115.3999999999999
606,M15465,M,297.9,309.8,1693,29.9,35,0,0,0,0,0,0,11.900000000000034,5300.987307985761,1046.5
607,L47786,L,297.9,309.8,1461,50.5,38,0,0,0,0,0,0,11.900000000000034,7726.275892606057,1919.0
608,M15467,M,298.0,309.9,1565,33.9,40,0,0,0,0,0,0,11.899999999999977,5555.749528240869,1356.0
609,L47788,L,298.0,309.9,1403,47.7,43,0,0,0,0,0,0,11.899999999999977,7008.1706438485035,2051.1
610,L47789,L,298.1,309.9,1629,32.5,45,0,0,0,0,0,0,11.799999999999955,5544.125635422587,1462.5
611,L47790,L,298.1,310.0,1534,33.7,47,0,0,0,0,0,0,11.899999999999977,5413.571516714907,1583.9
612,L47791,L,298.1,310.0,1553,40.9,49,0,0,0,0,0,0,11.899999999999977,6651.557989764013,2004.1
613,L47792,L,298.1,309.9,1563,32.8,51,0,0,0,0,0,0,11.799999999999955,5368.6048538665245,1672.8
614,L47793,L,298.1,309.9,1634,30.0,53,0,0,0,0,0,0,11.799999999999955,5133.362395965722,1590.0
615,M15474,M,298.0,309.9,1445,45.2,55,0,0,0,0,0,0,11.899999999999977,6839.666085885458,2486.0
616,L47795,L,298.1,309.9,1642,30.4,58,0,0,0,0,0,0,11.799999999999955,5227.2750723570325,1763.1999999999998
617,H30030,H,298.1,309.9,1686,29.1,60,0,0,0,0,0,0,11.799999999999955,5137.82345753382,1746.0
618,M15477,M,298.1,310.0,1393,43.1,65,0,0,0,0,0,0,11.899999999999977,6287.196073800669,2801.5
619,H30032,H,298.2,310.0,1433,44.2,68,0,0,0,0,0,0,11.800000000000011,6632.802681622083,3005.6000000000004
620,L47799,L,298.3,310.0,1507,44.7,73,0,0,0,0,0,0,11.699999999999989,7054.22639215013,3263.1000000000004
621,M15480,M,298.3,310.1,1389,49.6,75,0,0,0,0,0,0,11.800000000000011,7214.6046971158885,3720.0
622,L47801,L,298.3,310.1,1408,45.3,78,0,0,0,0,0,0,11.800000000000011,6679.277308944186,3533.3999999999996
623,M15482,M,298.4,310.2,1725,32.0,80,0,0,0,0,0,0,11.800000000000011,5780.530482605219,2560.0
624,L47803,L,298.4,310.1,1926,23.7,83,0,0,0,0,0,0,11.700000000000045,4780.058886143013,1967.1
625,H30038,H,298.3,310.1,1509,37.6,85,0,0,0,0,0,0,11.800000000000011,5941.631353881304,3196.0
626,L47805,L,298.3,310.1,1545,36.3,90,0,0,0,0,0,0,11.800000000000011,5873.050386253438,3266.9999999999995
627,L47806,L,298.4,310.1,1533,35.2,92,0,0,0,0,0,0,11.700000000000045,5650.845537865033,3238.4
628,L47807,L,298.4,310.1,1455,42.2,94,0,0,0,0,0,0,11.700000000000045,6429.89768410223,3966.8
629,M15488,M,298.4,310.1,1335,57.8,96,0,0,0,0,0,0,11.700000000000045,8080.4904642983065,5548.799999999999
630,L47809,L,298.3,310.1,1523,45.9,99,0,0,0,0,0,0,11.800000000000011,7320.5077854684,4544.099999999999
631,L47810,L,298.3,310.0,1460,47.6,101,0,0,0,0,0,0,11.699999999999989,7277.604101795875,4807.6
632,L47811,L,298.4,310.0,1554,37.3,103,0,0,0,0,0,0,11.600000000000023,6069.996829706983,3841.8999999999996
633,H30046,H,298.3,310.0,1419,47.1,105,0,0,0,0,0,0,11.699999999999989,6998.934361446949,4945.5
634,L47813,L,298.3,310.0,1442,43.9,110,0,0,0,0,0,0,11.699999999999989,6629.1584341439175,4829.0
635,L47814,L,298.3,309.9,1507,41.6,112,0,0,0,0,0,0,11.599999999999966,6565.007112157615,4659.2
636,L47815,L,298.3,310.0,1858,23.9,114,0,0,0,0,0,0,11.699999999999989,4650.2063897946355,2724.6
637,L47816,L,298.3,309.9,1463,43.9,116,0,0,0,0,0,0,11.599999999999966,6725.699576388732,5092.4
638,L47817,L,298.2,309.7,1585,37.4,118,0,0,0,0,0,0,11.5,6207.682363738311,4413.2
639,L47818,L,298.0,309.6,1536,37.3,120,0,0,0,0,0,0,11.600000000000023,5999.687986119643,4476.0
640,L47819,L,298.0,309.6,1403,51.3,122,0,0,0,0,0,0,11.600000000000023,7537.0891830068795,6258.599999999999
641,M15500,M,297.9,309.6,1515,38.8,124,0,0,0,0,0,0,11.700000000000045,6155.636645443839,4811.2
642,L47821,L,297.9,309.5,1390,47.9,127,0,0,0,0,0,0,11.600000000000023,6972.346015622067,6083.3
643,M15502,M,297.8,309.4,1226,58.7,129,0,0,0,0,0,0,11.599999999999966,7536.282840892458,7572.3
644,M15503,M,297.8,309.4,1495,36.5,132,0,0,0,0,0,0,11.599999999999966,5714.295237492034,4818.0
645,H30058,H,297.7,309.4,1608,30.2,135,0,0,0,0,0,0,11.699999999999989,5085.358860218869,4077.0
646,L47825,L,297.7,309.4,1392,44.1,140,0,0,0,0,0,0,11.699999999999989,6428.452551481579,6174.0
647,M15506,M,297.7,309.4,1461,43.7,142,0,0,0,0,0,0,11.699999999999989,6685.906069443262,6205.400000000001
648,L47827,L,297.7,309.3,1559,36.9,145,0,0,0,0,0,0,11.600000000000023,6024.223824744179,5350.5
649,H30062,H,297.7,309.3,1400,48.9,147,0,0,0,0,0,0,11.600000000000023,7169.114435491908,7188.3
650,M15509,M,297.7,309.2,1732,28.8,152,0,0,0,0,0,0,11.5,5223.58893697682,4377.6
651,L47830,L,297.6,309.2,1611,33.1,155,0,0,0,0,0,0,11.599999999999966,5584.08669397625,5130.5
652,L47831,L,297.6,309.1,1503,38.9,157,0,0,0,0,0,0,11.5,6122.618506654611,6107.3
653,L47832,L,297.7,309.2,1391,44.5,159,0,0,0,0,0,0,11.5,6482.100482029379,7075.5
654,L47833,L,297.8,309.3,2015,20.1,161,0,0,0,0,0,0,11.5,4241.3071619789,3236.1000000000004
655,L47834,L,297.8,309.2,1683,30.9,163,0,0,0,0,0,0,11.399999999999977,5445.91944907137,5036.7
656,L47835,L,297.7,309.1,1435,38.8,165,0,0,0,0,0,0,11.400000000000034,5830.586525552416,6401.999999999999
657,M15516,M,297.7,309.1,1732,28.1,167,0,0,0,0,0,0,11.400000000000034,5096.626705869746,4692.7
658,L47837,L,297.7,309.2,1365,58.6,170,0,0,0,0,0,0,11.5,8376.428492266465,9962.0
659,L47838,L,297.7,309.1,1562,36.8,172,0,0,0,0,0,0,11.400000000000034,6019.459075886235,6329.599999999999
660,L47839,L,297.6,309.1,1449,49.1,174,0,0,0,0,0,0,11.5,7450.381225767803,8543.4
661,M15520,M,297.7,309.2,1700,27.4,176,0,0,0,0,0,0,11.5,4877.846193473752,4822.4
662,M15521,M,297.6,309.0,1427,45.6,179,0,0,0,0,0,0,11.399999999999977,6814.240129342405,8162.400000000001
663,M15522,M,297.6,308.9,1479,38.1,182,0,0,0,0,0,0,11.299999999999955,5900.947729017316,6934.2
664,L47843,L,297.5,308.9,1469,44.0,185,0,0,0,0,0,0,11.399999999999977,6768.666091914329,8140.0
665,L47844,L,297.5,308.9,1390,47.4,187,0,0,0,0,0,0,11.399999999999977,6899.565785813903,8863.8
666,L47845,L,297.5,308.9,1729,28.1,189,0,0,0,0,0,0,11.399999999999977,5087.798830513158,5310.900000000001
667,L47846,L,297.5,309.0,1470,43.5,191,0,0,0,0,0,0,11.5,6696.304741126643,8308.5
668,L47847,L,297.5,308.9,1459,48.5,193,0,0,0,0,0,0,11.399999999999977,7410.126951899804,9360.5
669,L47848,L,297.5,308.9,1738,24.0,195,0,0,0,0,0,0,11.399999999999977,4368.070425551248,4680.0
670,H30083,H,297.5,308.9,1471,37.7,197,0,0,0,0,0,0,11.399999999999977,5807.412043744436,7426.900000000001
671,L47850,L,297.6,309.0,1822,25.4,202,0,0,0,0,0,0,11.399999999999977,4846.30460323171,5130.799999999999
672,L47851,L,297.5,308.9,1554,34.8,204,0,0,0,0,0,0,11.399999999999977,5663.160581067104,7099.2
673,M15532,M,297.6,308.9,1433,43.2,206,0,0,0,0,0,0,11.299999999999955,6482.73927253561,8899.2
674,L47853,L,297.6,308.9,1449,47.7,209,0,0,0,0,0,0,11.299999999999955,7237.94673053206,9969.300000000001
675,L47854,L,297.8,309.0,1456,41.2,0,0,0,0,0,0,0,11.199999999999989,6281.844894314055,0.0
676,M15535,M,297.8,309.1,1424,45.5,2,0,0,0,0,0,0,11.300000000000011,6785.002373712996,91.0
677,H30090,H,297.9,309.2,1577,34.7,5,0,0,0,0,0,0,11.300000000000011,5730.46396768251,173.5
678,L47857,L,297.9,309.2,1478,39.7,10,0,0,0,0,0,0,11.300000000000011,6144.599183254229,397.0
679,M15538,M,297.8,309.2,1295,61.2,12,0,0,0,0,0,0,11.399999999999977,8299.459472253515,734.4000000000001
680,L47859,L,297.8,309.2,1372,47.3,15,0,0,0,0,0,0,11.399999999999977,6795.851340343392,709.5
681,M15540,M,297.8,309.1,1432,42.6,17,0,0,0,0,0,0,11.300000000000011,6388.240165515629,724.2
682,M15541,M,297.7,309.0,1656,33.2,20,0,0,0,0,0,0,11.300000000000011,5757.408360674799,664.0
683,H30096,H,297.8,309.0,1410,48.8,23,0,0,0,0,0,0,11.199999999999989,7205.556910273549,1122.3999999999999
684,L47863,L,297.7,309.0,1874,24.4,28,0,0,0,0,0,0,11.300000000000011,4788.373634699515,683.1999999999999
685,L47864,L,297.7,309.0,1538,43.2,30,0,0,0,0,0,0,11.300000000000011,6957.748081758387,1296.0
686,M15545,M,297.7,309.0,1636,29.7,32,0,0,0,0,0,0,11.300000000000011,5088.249125460172,950.4
687,M15546,M,297.7,309.0,1504,40.4,35,0,0,0,0,0,0,11.300000000000011,6362.9398726787185,1414.0
688,M15547,M,297.7,309.0,1531,42.4,38,0,0,0,0,0,0,11.300000000000011,6797.820071739642,1611.2
689,H30102,H,297.6,309.0,1735,26.4,41,0,0,0,0,0,0,11.399999999999977,4796.583663500896,1082.3999999999999
690,H30103,H,297.6,309.0,1354,55.6,46,0,0,0,0,0,0,11.399999999999977,7883.554492820275,2557.6
691,H30104,H,297.6,309.0,1413,40.2,51,0,0,0,0,0,0,11.399999999999977,5948.3543621599865,2050.2000000000003
692,L47871,L,297.7,309.1,1563,39.3,56,0,0,0,0,0,0,11.400000000000034,6432.505206004708,2200.7999999999997
693,L47872,L,297.7,309.1,1479,42.1,58,0,0,0,0,0,0,11.400000000000034,6520.4698003052235,2441.8
694,L47873,L,297.7,309.1,1477,38.3,60,0,0,0,0,0,0,11.400000000000034,5923.902299339545,2298.0
695,L47874,L,297.6,309.1,1394,50.0,62,0,0,0,0,0,0,11.5,7298.966931840286,3100.0
696,L47875,L,297.6,309.0,1487,45.4,64,0,0,0,0,0,0,11.399999999999977,7069.609724177207,2905.6
697,M15556,M,297.6,309.0,1815,25.3,66,0,0,0,0,0,0,11.399999999999977,4808.678795217216,1669.8
698,M15557,M,297.6,308.8,1453,39.7,69,0,0,0,0,0,0,11.199999999999989,6040.664826297966,2739.3
699,L47878,L,297.6,308.8,1539,40.2,72,0,0,0,0,0,0,11.199999999999989,6478.780865792087,2894.4
700,H30113,H,297.5,308.7,1416,39.2,74,0,0,0,0,0,0,11.199999999999989,5812.700391377979,2900.8
701,M15560,M,297.6,308.8,1683,31.6,79,0,0,0,0,0,0,11.199999999999989,5569.289792577842,2496.4
702,L47881,L,297.7,308.8,1515,40.1,82,0,0,0,0,0,0,11.100000000000023,6361.88220315201,3288.2000000000003
703,M15562,M,297.7,308.9,1531,48.3,84,0,0,0,0,0,0,11.199999999999989,7743.743147760017,4057.2
704,H30117,H,297.7,308.9,1479,40.9,87,0,0,0,0,0,0,11.199999999999989,6334.61317891885,3558.2999999999997
705,L47884,L,297.7,308.9,1516,33.7,92,0,0,0,0,0,0,11.199999999999989,5350.048513259322,3100.4
706,L47885,L,297.7,309.0,1507,38.2,94,0,0,0,0,0,0,11.300000000000011,6028.444030875502,3590.8
707,M15566,M,297.8,309.0,1434,43.3,96,0,0,0,0,0,0,11.199999999999989,6502.2799788409375,4156.799999999999
708,L47887,L,297.7,308.9,1838,27.3,99,0,0,0,0,0,0,11.199999999999989,5254.565040541216,2702.7000000000003
709,M15568,M,297.6,308.8,1416,45.9,101,0,0,0,0,0,0,11.199999999999989,6806.197652149215,4635.9
710,M15569,M,297.6,308.8,1357,49.7,104,0,0,0,0,0,0,11.199999999999989,7062.603972559703,5168.8
711,M15570,M,297.5,308.7,1697,28.1,107,0,0,0,0,0,0,11.199999999999989,4993.63482670956,3006.7000000000003
712,L47891,L,297.5,308.7,1443,46.2,110,0,0,0,0,0,0,11.199999999999989,6981.3100266603105,5082.0
713,L47892,L,297.5,308.7,1453,37.6,112,0,0,0,0,0,0,11.199999999999989,5721.133437501348,4211.2
714,L47893,L,297.4,308.6,1439,46.4,114,0,0,0,0,0,0,11.200000000000045,6992.096161437634,5289.599999999999
715,L47894,L,297.4,308.6,1609,36.2,116,0,0,0,0,0,0,11.200000000000045,6099.485912748679,4199.200000000001
716,L47895,L,297.4,308.6,1324,59.1,118,0,0,0,0,0,0,11.200000000000045,8194.153286505187,6973.8
717,H30130,H,297.4,308.6,1420,45.8,120,0,0,0,0,0,0,11.200000000000045,6810.553993962192,5496.0
718,L47897,L,297.4,308.7,1545,36.9,125,0,0,0,0,0,0,11.300000000000011,5970.125599249363,4612.5
719,L47898,L,297.5,308.8,1477,39.0,127,0,0,0,0,0,0,11.300000000000011,6032.1720541577615,4953.0
720,L47899,L,297.4,308.8,1447,58.1,129,0,0,0,0,0,0,11.400000000000034,8803.86311673838,7494.900000000001
721,L47900,L,297.4,308.9,1809,23.8,131,0,0,0,0,0,0,11.5,4508.625280872856,3117.8
722,L47901,L,297.5,308.9,1696,30.9,133,0,0,0,0,0,0,11.399999999999977,5487.9853747029365,4109.7
723,L47902,L,297.5,308.9,1427,44.7,135,0,0,0,0,0,0,11.399999999999977,6679.748547842226,6034.5
724,M15583,M,297.4,308.9,1500,46.3,137,0,0,0,0,0,0,11.5,7272.786993060371,6343.099999999999
725,L47904,L,297.5,308.9,1390,44.6,140,0,0,0,0,0,0,11.399999999999977,6491.9964988881875,6244.0
726,L47905,L,297.4,308.8,1640,34.2,142,0,0,0,0,0,0,11.400000000000034,5873.521625151478,4856.400000000001
727,M15586,M,297.4,308.8,1628,37.4,144,0,0,0,0,0,0,11.400000000000034,6376.0926739217475,5385.599999999999
728,H30141,H,297.3,308.6,1499,37.6,147,0,0,0,0,0,0,11.300000000000011,5902.256725956312,5527.2
729,M15588,M,297.4,308.7,1425,50.3,152,0,0,0,0,0,0,11.300000000000011,7506.050247589413,7645.599999999999
730,L47909,L,297.3,308.6,1586,37.7,155,0,0,0,0,0,0,11.300000000000011,6261.424542065721,5843.5
731,M15590,M,297.3,308.6,1471,50.7,157,0,0,0,0,0,0,11.300000000000011,7809.9679208976895,7959.900000000001
732,M15591,M,297.3,308.6,1431,53.0,160,0,0,0,0,0,0,11.300000000000011,7942.260387540356,8480.0
733,L47912,L,297.2,308.6,1924,22.1,163,0,0,0,0,0,0,11.400000000000034,4452.725875589981,3602.3
734,M15593,M,297.1,308.4,1421,42.0,165,0,0,0,0,0,0,11.299999999999955,6249.884425051534,6930.0
735,H30148,H,297.0,308.4,1305,54.6,168,0,0,0,0,0,0,11.399999999999977,7461.596711541118,9172.800000000001
736,L47915,L,296.9,308.4,1557,32.4,173,0,0,0,0,0,0,11.5,5282.776542570452,5605.2
737,L47916,L,296.9,308.3,1555,38.2,175,0,0,0,0,0,0,11.400000000000034,6220.45817386291,6685.000000000001
738,H30151,H,296.9,308.3,1474,39.2,177,0,0,0,0,0,0,11.400000000000034,6050.791226618037,6938.400000000001
739,L47918,L,296.8,308.3,1506,45.9,182,0,0,0,0,0,0,11.5,7238.794960548528,8353.8
740,L47919,L,296.9,308.4,1390,41.8,184,0,0,0,0,0,0,11.5,6084.427211962471,7691.2
741,M15600,M,296.9,308.4,1450,46.9,186,0,0,0,0,0,0,11.5,7121.466946912462,8723.4
742,L47921,L,296.9,308.3,1513,38.8,189,0,0,0,0,0,0,11.400000000000034,6147.510392446554,7333.2
743,L47922,L,296.8,308.2,1643,34.7,191,0,0,0,0,0,0,11.399999999999977,5970.293150857555,6627.700000000001
744,L47923,L,296.8,308.2,1361,53.8,193,0,0,0,0,0,0,11.399999999999977,7667.768965420703,10383.4
745,L47924,L,296.7,308.1,1450,40.9,195,0,0,0,0,0,0,11.400000000000034,6210.4050773714225,7975.5
746,L47925,L,296.7,308.0,1451,50.7,197,0,0,0,0,0,0,11.300000000000011,7703.782089206354,9987.900000000001
747,L47926,L,296.8,308.1,1289,62.0,199,1,0,0,0,1,0,11.300000000000011,8368.99338965297,12338.0
748,L47927,L,296.8,308.1,1356,48.3,201,0,0,0,0,0,0,11.300000000000011,6858.599417611092,9708.3
749,H30162,H,296.7,308.1,1528,46.3,203,0,0,0,0,0,0,11.400000000000034,7408.545683597497,9398.9
750,L47929,L,296.6,308.0,1978,22.3,208,0,0,0,0,0,0,11.399999999999977,4619.125566475121,4638.400000000001
751,L47930,L,296.7,308.0,1535,36.8,210,0,0,0,0,0,0,11.300000000000011,5915.40952719934,7727.999999999999
752,M15611,M,296.8,308.1,1843,24.2,212,0,0,0,0,0,0,11.300000000000011,4670.563910189897,5130.4
753,L47932,L,296.9,308.1,1422,48.7,215,0,0,0,0,0,0,11.200000000000045,7251.989649693607,10470.5
754,L47933,L,296.8,308.0,1536,40.4,217,0,0,0,0,0,0,11.199999999999989,6498.321572097414,8766.8
755,M15614,M,296.9,308.1,1483,44.3,219,0,0,0,0,0,0,11.200000000000045,6879.763280120775,9701.699999999999
756,H30169,H,296.8,308.1,1492,43.7,222,0,0,0,0,0,0,11.300000000000011,6827.769921703864,9701.400000000001
757,L47936,L,296.8,308.0,1584,40.4,227,0,0,0,0,0,0,11.199999999999989,6701.3941212254595,9170.8
758,L47937,L,296.9,308.1,1555,33.7,229,0,0,0,0,0,0,11.200000000000045,5487.681687413091,7717.300000000001
759,L47938,L,296.8,308.0,1497,41.7,231,0,0,0,0,0,0,11.199999999999989,6537.120241369249,9632.7
760,M15619,M,296.7,307.8,1537,36.3,233,0,0,0,0,0,0,11.100000000000023,5842.6397693666895,8457.9
761,L47940,L,296.7,307.8,1505,39.4,236,0,0,0,0,0,0,11.100000000000023,6209.567319330466,9298.4
762,L47941,L,296.7,307.8,1646,34.6,238,0,0,0,0,0,0,11.100000000000023,5963.957605672816,8234.800000000001
763,M15622,M,296.7,307.8,1286,60.5,0,0,0,0,0,0,0,11.100000000000023,8147.511107574889,0.0
764,L47943,L,296.7,307.8,1400,47.5,3,0,0,0,0,0,0,11.100000000000023,6963.863715457374,142.5
765,L47944,L,296.8,307.9,1337,56.5,5,0,0,0,0,0,0,11.099999999999966,7910.582661616659,282.5
766,L47945,L,296.9,308.0,1332,53.9,7,0,0,0,0,0,0,11.100000000000023,7518.333874864949,377.3
767,L47946,L,296.8,308.0,1561,38.3,9,0,0,0,0,0,0,11.199999999999989,6260.806695510514,344.7
768,L47947,L,296.9,308.0,1546,31.1,11,0,0,0,0,0,0,11.100000000000023,5034.988658006314,342.1
769,L47948,L,296.9,308.0,1713,29.3,13,0,0,0,0,0,0,11.100000000000023,5255.978757235332,380.90000000000003
770,L47949,L,296.9,308.0,1343,44.5,15,0,0,0,0,0,0,11.100000000000023,6258.419085093787,667.5
771,L47950,L,296.8,308.0,1391,54.4,17,0,0,0,0,0,0,11.199999999999989,7924.185757806702,924.8
772,H30185,H,296.8,308.0,1311,58.6,19,0,0,0,0,0,0,11.199999999999989,8045.053299165815,1113.4
773,H30186,H,296.8,308.0,1453,51.0,24,0,0,0,0,0,0,11.199999999999989,7760.048013632148,1224.0
774,L47953,L,296.8,308.0,1510,39.4,29,0,0,0,0,0,0,11.199999999999989,6230.197111089038,1142.6
775,L47954,L,296.8,307.9,1448,48.8,31,0,0,0,0,0,0,11.099999999999966,7399.749224167445,1512.8
776,L47955,L,296.7,307.8,1453,46.0,33,0,0,0,0,0,0,11.100000000000023,6999.258992687819,1518.0
777,L47956,L,296.7,307.8,1468,39.2,35,0,0,0,0,0,0,11.100000000000023,6026.161140213893,1372.0
778,L47957,L,296.7,307.8,1382,47.5,37,0,0,0,0,0,0,11.100000000000023,6874.328324830065,1757.5
779,L47958,L,296.7,308.0,1580,32.2,39,0,0,0,0,0,0,11.300000000000011,5327.722261467811,1255.8000000000002
780,L47959,L,296.8,308.0,1666,29.8,41,0,0,0,0,0,0,11.199999999999989,5199.000738474725,1221.8
781,M15640,M,296.9,308.0,1409,50.7,43,0,0,0,0,0,0,11.100000000000023,7480.791842654551,2180.1
782,L47961,L,296.8,308.0,1675,29.7,46,0,0,0,0,0,0,11.199999999999989,5209.546017815274,1366.2
783,L47962,L,296.8,307.9,1698,30.8,48,0,0,0,0,0,0,11.099999999999966,5476.675641150015,1478.4
784,H30197,H,296.7,307.9,1579,33.4,50,0,0,0,0,0,0,11.199999999999989,5522.773277353688,1670.0
785,L47964,L,296.7,307.9,1743,27.9,55,0,0,0,0,0,0,11.199999999999989,5092.490275542518,1534.5
786,M15645,M,296.9,308.0,1497,44.8,57,0,0,0,0,0,0,11.100000000000023,7023.093208953053,2553.6
787,L47966,L,296.9,308.1,1741,28.8,60,0,0,0,0,0,0,11.200000000000045,5250.732297503837,1728.0
788,L47967,L,296.9,308.1,1435,45.3,62,0,0,0,0,0,0,11.200000000000045,6807.360041431042,2808.6
789,M15648,M,296.9,308.1,1440,46.3,64,0,0,0,0,0,0,11.200000000000045,6981.875513337956,2963.2
790,M15649,M,296.9,308.0,1641,33.3,67,0,0,0,0,0,0,11.100000000000023,5722.442434440343,2231.1
791,L47970,L,296.8,307.9,1420,45.4,70,0,0,0,0,0,0,11.099999999999966,6751.073173054226,3178.0
792,L47971,L,296.8,307.9,1611,35.4,72,0,0,0,0,0,0,11.099999999999966,5972.104802621124,2548.7999999999997
793,L47972,L,296.8,307.8,1373,42.9,74,0,0,0,0,0,0,11.0,6168.171600131664,3174.6
794,M15653,M,296.8,307.9,1683,31.8,76,0,0,0,0,0,0,11.099999999999966,5604.538462151119,2416.8
795,H30208,H,296.9,307.9,1547,32.6,79,0,0,0,0,0,0,11.0,5281.247634145706,2575.4
796,L47975,L,296.9,307.8,1605,37.0,84,0,0,0,0,0,0,10.900000000000034,6218.782657780996,3108.0
797,M15656,M,296.9,307.9,2010,18.9,86,0,0,0,0,0,0,11.0,3978.1987772407547,1625.3999999999999
798,L47977,L,296.8,307.7,1565,40.1,89,0,0,0,0,0,0,10.899999999999977,6571.845312166928,3568.9
799,M15658,M,296.9,307.8,1828,24.6,91,0,0,0,0,0,0,10.900000000000034,4709.121724024956,2238.6
800,M15659,M,297.0,307.8,1579,34.1,94,0,0,0,0,0,0,10.800000000000011,5638.5200226874485,3205.4
801,M15660,M,297.0,307.9,1882,24.2,97,0,0,0,0,0,0,10.899999999999977,4769.3984150718325,2347.4
802,L47981,L,296.9,307.8,1285,52.1,100,0,0,0,0,0,0,10.900000000000034,7010.830525628542,5210.0
803,L47982,L,296.9,307.8,1571,35.0,102,0,0,0,0,0,0,10.900000000000034,5758.015735254492,3570.0
804,H30217,H,296.9,307.8,1549,37.8,104,0,0,0,0,0,0,10.900000000000034,6131.572045717342,3931.2
805,M15664,M,296.9,307.8,1544,37.6,109,0,0,0,0,0,0,10.900000000000034,6079.442551618776,4098.400000000001
806,M15665,M,297.0,307.9,1412,47.4,112,0,0,0,0,0,0,10.899999999999977,7008.767546452685,5308.8
807,M15666,M,297.0,307.9,1422,53.0,115,0,0,0,0,0,0,10.899999999999977,7892.309064348278,6095.0
808,L47987,L,297.0,307.7,1867,22.8,118,0,0,0,0,0,0,10.699999999999989,4457.668648031629,2690.4
809,L47988,L,296.9,307.7,1424,43.3,120,0,0,0,0,0,0,10.800000000000011,6456.936324874125,5196.0
810,L47989,L,296.9,307.6,1452,45.7,122,0,0,0,0,0,0,10.700000000000045,6948.825958622192,5575.400000000001
811,L47990,L,296.9,307.7,1550,39.7,124,0,0,0,0,0,0,10.800000000000011,6443.930131288264,4922.8
812,L47991,L,296.8,307.6,1588,37.6,126,0,0,0,0,0,0,10.800000000000011,6252.690914488741,4737.6
813,L47992,L,296.8,307.6,1338,44.4,128,0,0,0,0,0,0,10.800000000000011,6221.107436344651,5683.2
814,L47993,L,296.8,307.6,1513,40.0,130,0,0,0,0,0,0,10.800000000000011,6337.639579841809,5200.0
815,M15674,M,296.8,307.5,1470,45.9,132,0,0,0,0,0,0,10.699999999999989,7065.756037188803,6058.8
816,M15675,M,296.8,307.5,1516,36.7,135,0,0,0,0,0,0,10.699999999999989,5826.313959543535,4954.5
817,L47996,L,296.8,307.6,1434,48.3,138,0,0,0,0,0,0,10.800000000000011,7253.120623048899,6665.4
818,L47997,L,296.8,307.6,1368,52.0,140,0,0,0,0,0,0,10.800000000000011,7449.344500192117,7280.0
819,L47998,L,296.8,307.6,1304,48.7,142,0,0,0,0,0,0,10.800000000000011,6650.20710492297,6915.400000000001
820,L47999,L,296.8,307.6,1398,46.7,144,0,0,0,0,0,0,10.800000000000011,6836.79676459518,6724.8
821,L48000,L,296.7,307.6,1516,37.4,146,0,0,0,0,0,0,10.900000000000034,5937.442563676517,5460.4
822,L48001,L,296.7,307.6,1474,41.7,148,0,0,0,0,0,0,10.900000000000034,6436.683524233984,6171.6
823,M15682,M,296.7,307.6,1547,34.7,150,0,0,0,0,0,0,10.900000000000034,5621.450702602944,5205.0
824,M15683,M,296.6,307.5,1482,39.9,153,0,0,0,0,0,0,10.899999999999977,6192.267615784697,6104.7
825,L48004,L,296.6,307.4,1436,42.8,156,0,0,0,0,0,0,10.799999999999955,6436.159925458384,6676.799999999999
826,L48005,L,296.6,307.3,1474,40.0,158,0,0,0,0,0,0,10.699999999999989,6174.27676185514,6320.0
827,L48006,L,296.5,307.2,1481,38.2,160,0,0,0,0,0,0,10.699999999999989,5924.436370090656,6112.0
828,L48007,L,296.5,307.3,1501,42.1,162,0,0,0,0,0,0,10.800000000000011,6617.461237497052,6820.2
829,L48008,L,296.5,307.3,1566,37.2,164,0,0,0,0,0,0,10.800000000000011,6100.470278446804,6100.8
830,L48009,L,296.5,307.3,1579,34.5,166,0,0,0,0,0,0,10.800000000000011,5704.661020021025,5727.0
831,L48010,L,296.6,307.4,1631,35.0,168,0,0,0,0,0,0,10.799999999999955,5977.927221005778,5880.0
832,M15691,M,296.6,307.4,1544,42.3,170,0,0,0,0,0,0,10.799999999999955,6839.372870571123,7190.999999999999
833,L48012,L,296.6,307.4,1521,38.6,173,0,0,0,0,0,0,10.799999999999955,6148.159654928297,6677.8
834,L48013,L,296.6,307.4,1616,28.0,175,0,0,0,0,0,0,10.799999999999955,4738.359479654365,4900.0
835,H30248,H,296.6,307.4,1333,50.2,177,0,0,0,0,0,0,10.799999999999955,7007.489965440225,8885.4
836,M15695,M,296.7,307.4,1533,32.5,182,0,0,0,0,0,0,10.699999999999989,5217.399999449249,5915.0
837,L48016,L,296.6,307.4,1368,45.1,185,0,0,0,0,0,0,10.799999999999955,6460.873787666625,8343.5
838,L48017,L,296.6,307.4,1465,47.8,187,0,0,0,0,0,0,10.799999999999955,7333.210291764414,8938.6
839,H30252,H,296.6,307.4,1406,41.5,189,0,0,0,0,0,0,10.799999999999955,6110.2929914770275,7843.5
840,M15699,M,296.5,307.4,1565,43.5,194,0,0,0,0,0,0,10.899999999999977,7129.059129158638,8439.0
841,L48020,L,296.6,307.5,1582,37.9,197,0,0,0,0,0,0,10.899999999999977,6278.766133513536,7466.299999999999
842,L48021,L,296.6,307.5,1439,45.5,199,0,0,0,0,0,0,10.899999999999977,6856.4736065821635,9054.5
843,M15702,M,296.6,307.5,1566,35.0,201,0,0,0,0,0,0,10.899999999999977,5739.689778108552,7035.0
844,L48023,L,296.6,307.5,1485,42.7,204,0,0,0,0,0,0,10.899999999999977,6640.227312260066,8710.800000000001
845,L48024,L,296.5,307.5,1566,35.1,206,0,0,0,0,0,0,11.0,5756.0888917602915,7230.6
846,L48025,L,296.3,307.3,1439,41.5,208,0,0,0,0,0,0,11.0,6253.706696113401,8632.0
847,M15706,M,296.4,307.4,1416,50.0,210,0,0,0,0,0,0,11.0,7414.158662471911,10500.0
848,L48027,L,296.4,307.4,2833,5.6,213,1,0,0,1,0,0,11.0,1661.3579710223783,1192.8
849,L48028,L,296.3,307.4,1465,47.1,215,0,0,0,0,0,0,11.099999999999966,7225.820182889203,10126.5
850,H30263,H,296.4,307.4,1586,35.5,0,0,0,0,0,0,0,11.0,5896.036372502203,0.0
851,L48030,L,296.3,307.3,1567,31.4,5,0,0,0,0,0,0,11.0,5152.609886956715,157.0
852,M15711,M,296.2,307.2,1389,48.6,7,0,0,0,0,0,0,11.0,7069.148957254682,340.2
853,M15712,M,296.3,307.3,1368,49.5,10,0,0,0,0,0,0,11.0,7091.2029376828805,495.0
854,L48033,L,296.3,307.3,1444,49.0,13,0,0,0,0,0,0,11.0,7409.550993246647,637.0
855,M15714,M,296.3,307.3,1498,41.6,15,0,0,0,0,0,0,11.0,6525.800035840814,624.0
856,L48035,L,296.1,307.2,1615,30.8,18,0,0,0,0,0,0,11.099999999999966,5208.970059162116,554.4
857,L48036,L,296.1,307.1,1898,22.7,20,0,0,0,0,0,0,11.0,4511.808761428493,454.0
858,M15717,M,296.1,307.1,1350,53.3,22,0,0,0,0,0,0,11.0,7535.109979635118,1172.6
859,M15718,M,296.2,307.0,1516,37.6,25,0,0,0,0,0,0,10.800000000000011,5969.193593428798,940.0
860,H30273,H,296.2,307.0,1542,40.6,28,0,0,0,0,0,0,10.800000000000011,6556.001213217324,1136.8
861,H30274,H,296.1,306.9,1541,32.6,33,0,0,0,0,0,0,10.799999999999955,5260.7644500443,1075.8
862,M15721,M,296.1,306.9,1951,23.3,38,0,0,0,0,0,0,10.799999999999955,4760.38204415603,885.4
863,H30276,H,296.1,306.8,1645,31.0,41,0,0,0,0,0,0,10.699999999999989,5340.18391232705,1271.0
864,L48043,L,296.0,306.7,1416,44.2,46,0,0,0,0,0,0,10.699999999999989,6554.11625762517,2033.2
865,M15724,M,296.0,306.7,2044,22.3,48,0,0,0,0,0,0,10.699999999999989,4773.252102060236,1070.4
866,L48045,L,295.9,306.6,1414,50.2,51,0,0,0,0,0,0,10.700000000000045,7433.301433707786,2560.2000000000003
867,L48046,L,295.9,306.6,1678,26.7,53,0,0,0,0,0,0,10.700000000000045,4691.717300724068,1415.1
868,H30281,H,295.9,306.5,1594,33.2,55,0,0,0,0,0,0,10.600000000000023,5541.853216736491,1826.0000000000002
869,M15728,M,295.8,306.5,1514,37.7,60,0,0,0,0,0,0,10.699999999999989,5977.173238768916,2262.0
870,L48049,L,295.8,306.5,1358,49.2,63,0,0,0,0,0,0,10.699999999999989,6996.7038306629,3099.6000000000004
871,L48050,L,295.8,306.4,1325,56.2,65,0,0,0,0,0,0,10.599999999999966,7797.956564985465,3653.0
872,L48051,L,295.8,306.4,1339,53.2,67,0,0,0,0,0,0,10.599999999999966,7459.69081199794,3564.4
873,M15732,M,295.8,306.4,1335,51.7,69,0,0,0,0,0,0,10.599999999999966,7227.705138481358,3567.3
874,L48053,L,295.9,306.4,1892,21.7,72,0,0,0,0,0,0,10.5,4299.416154094799,1562.3999999999999
875,L48054,L,295.9,306.4,1575,28.5,74,0,0,0,0,0,0,10.5,4700.608007933728,2109.0
876,M15735,M,295.8,306.3,1444,45.5,76,0,0,0,0,0,0,10.5,6880.297350871886,3458.0
877,L48056,L,295.7,306.3,1915,22.4,79,0,0,0,0,0,0,10.600000000000023,4492.058615612926,1769.6
878,M15737,M,295.6,306.2,1584,33.6,81,0,0,0,0,0,0,10.599999999999966,5573.43669488058,2721.6
879,M15738,M,295.7,306.3,1685,34.9,84,0,0,0,0,0,0,10.600000000000023,6158.202279444272,2931.6
880,L48059,L,295.8,306.3,1337,54.6,87,0,0,0,0,0,0,10.5,7644.5630676861865,4750.2
881,M15740,M,295.8,306.3,1235,76.2,89,1,0,0,1,0,0,10.5,9854.861995045821,6781.8
882,L48061,L,295.7,306.2,1464,46.2,92,0,0,0,0,0,0,10.5,7082.909133077404,4250.400000000001
883,M15742,M,295.7,306.2,1739,25.9,94,0,0,0,0,0,0,10.5,4716.588242564988,2434.6
884,L48063,L,295.7,306.3,1490,34.3,97,0,0,0,0,0,0,10.600000000000023,5351.912524900451,3327.1
885,L48064,L,295.8,306.4,1356,48.0,99,0,0,0,0,0,0,10.599999999999966,6815.999421228415,4752.0
886,L48065,L,295.7,306.2,1397,52.0,101,0,0,0,0,0,0,10.5,7607.261890912564,5252.0
887,L48066,L,295.7,306.2,1458,40.6,103,0,0,0,0,0,0,10.5,6198.864960357237,4181.8
888,H30301,H,295.7,306.2,2161,16.5,105,0,0,0,0,0,0,10.5,3733.9399484241485,1732.5
889,M15748,M,295.6,306.1,1651,28.1,110,0,0,0,0,0,0,10.5,4858.274071241888,3091.0
890,L48069,L,295.6,306.1,1389,46.2,113,0,0,0,0,0,0,10.5,6720.0551815877825,5220.6
891,L48070,L,295.6,306.0,1370,52.4,115,0,0,0,0,0,0,10.399999999999977,7517.621780530135,6026.0
892,L48071,L,295.7,306.1,1408,47.9,117,0,0,0,0,0,0,10.400000000000034,7062.635388486237,5604.3
893,L48072,L,295.7,306.1,1343,54.4,119,0,0,0,0,0,0,10.400000000000034,7650.741533238246,6473.599999999999
894,M15753,M,295.7,306.2,1423,42.5,121,0,0,0,0,0,0,10.5,6333.188990249224,5142.5
895,L48074,L,295.6,306.2,1426,48.6,124,0,0,0,0,0,0,10.599999999999966,7257.456020910853,6026.400000000001
896,M15755,M,295.6,306.2,1435,51.6,126,0,0,0,0,0,0,10.599999999999966,7754.078987590327,6501.6
897,L48076,L,295.5,306.1,1573,35.1,129,0,0,0,0,0,0,10.600000000000023,5781.818535593191,4527.900000000001
898,L48077,L,295.6,306.2,1612,31.2,131,0,0,0,0,0,0,10.599999999999966,5266.8172518902165,4087.2
899,L48078,L,295.6,306.2,1446,49.9,133,0,0,0,0,0,0,10.599999999999966,7556.095818561098,6636.7
900,H30313,H,295.6,306.2,1329,55.3,135,0,0,0,0,0,0,10.599999999999966,7696.2422668377385,7465.5
901,L48080,L,295.6,306.2,1569,35.1,140,0,0,0,0,0,0,10.599999999999966,5767.1158819743905,4914.0
902,H30315,H,295.6,306.1,1256,62.3,142,0,0,0,0,0,0,10.5,8194.195174407234,8846.6
903,L48082,L,295.6,306.1,1383,48.7,147,0,0,0,0,0,0,10.5,7053.095418794837,7158.900000000001
904,L48083,L,295.7,306.2,2270,14.6,149,1,0,0,1,0,0,10.5,3470.622124175764,2175.4
905,H30318,H,295.7,306.2,1458,49.8,151,0,0,0,0,0,0,10.5,7603.533867630304,7519.799999999999
906,L48085,L,295.6,306.1,1474,41.2,156,0,0,0,0,0,0,10.5,6359.505064710795,6427.200000000001
907,M15766,M,295.6,306.1,1462,49.2,158,0,0,0,0,0,0,10.5,7532.533873659176,7773.6
908,M15767,M,295.6,306.1,1669,29.0,161,0,0,0,0,0,0,10.5,5068.540867546652,4669.0
909,M15768,M,295.5,306.1,1822,24.3,164,0,0,0,0,0,0,10.600000000000023,4636.425270020888,3985.2000000000003
910,L48089,L,295.5,306.0,1456,39.2,167,0,0,0,0,0,0,10.5,5976.900967405605,6546.400000000001
911,L48090,L,295.5,306.0,1546,35.9,169,0,0,0,0,0,0,10.5,5812.093016798284,6067.099999999999
912,M15771,M,295.6,306.1,1490,42.7,171,0,0,0,0,0,0,10.5,6662.5849799781145,7301.700000000001
913,L48092,L,295.6,306.0,1569,40.4,174,0,0,0,0,0,0,10.399999999999977,6637.933949622945,7029.599999999999
914,L48093,L,295.5,306.0,1621,29.5,176,0,0,0,0,0,0,10.5,5007.64632994457,5192.0
915,M15774,M,295.4,305.9,1518,40.6,178,0,0,0,0,0,0,10.5,6453.962283828728,7226.8
916,M15775,M,295.4,305.8,1526,38.2,181,0,0,0,0,0,0,10.400000000000034,6104.449629141351,6914.200000000001
917,M15776,M,295.3,305.8,1589,36.2,184,0,0,0,0,0,0,10.5,6023.668810042045,6660.8
918,L48097,L,295.3,305.7,1475,51.0,187,0,0,0,0,0,0,10.399999999999977,7877.543578876406,9537.0
919,M15778,M,295.3,305.7,1473,38.5,189,0,0,0,0,0,0,10.399999999999977,5938.709672713465,7276.5
920,L48099,L,295.4,305.8,1407,50.7,192,0,0,0,0,0,0,10.400000000000034,7470.173259485418,9734.400000000001
921,M15780,M,295.5,305.9,1518,44.1,194,0,0,0,0,0,0,10.399999999999977,7010.33834277948,8555.4
922,H30335,H,295.5,305.9,1593,37.2,197,0,0,0,0,0,0,10.399999999999977,6205.65080048899,7328.400000000001
923,M15782,M,295.5,305.9,1380,52.4,202,0,0,0,0,0,0,10.399999999999977,7572.494932212837,10584.8
924,M15783,M,295.5,306.0,1423,45.3,205,0,0,0,0,0,0,10.5,6750.4343825479955,9286.5
925,L48104,L,295.5,306.0,1800,27.6,208,0,0,0,0,0,0,10.5,5202.477434344697,5740.8
926,H30339,H,295.6,306.1,1623,30.9,210,0,0,0,0,0,0,10.5,5251.769023079521,6489.0
927,L48106,L,295.6,306.1,1372,55.6,215,1,0,0,0,1,0,10.5,7988.358023744029,11954.0
928,H30341,H,295.6,306.0,1396,52.4,0,0,0,0,0,0,0,10.399999999999977,7660.291974905159,0.0
929,L48108,L,295.6,306.0,1949,21.9,5,0,0,0,0,0,0,10.399999999999977,4469.763779747949,109.5
930,L48109,L,295.6,306.0,1419,51.1,7,0,0,0,0,0,0,10.399999999999977,7593.323691506138,357.7
931,M15790,M,295.5,305.9,1453,47.3,9,0,0,0,0,0,0,10.399999999999977,7197.064138133344,425.7
932,L48111,L,295.5,305.9,1542,36.2,12,0,0,0,0,0,0,10.399999999999977,5845.498618681456,434.40000000000003
933,L48112,L,295.6,306.0,1363,50.0,14,0,0,0,0,0,0,10.399999999999977,7136.651311404813,700.0
934,L48113,L,295.5,306.0,1597,37.2,16,0,0,0,0,0,0,10.5,6221.233100050796,595.2
935,M15794,M,295.5,306.0,1326,50.8,18,0,0,0,0,0,0,10.5,7054.006480664378,914.4
936,M15795,M,295.5,306.0,1641,36.6,21,0,0,0,0,0,0,10.5,6289.531324339838,768.6
937,M15796,M,295.6,306.1,1418,46.2,24,0,0,0,0,0,0,10.5,6860.3587094971035,1108.8000000000002
938,L48117,L,295.6,306.2,1263,61.8,27,0,0,0,0,0,0,10.599999999999966,8173.732934256851,1668.6
939,L48118,L,295.6,306.2,1823,25.8,29,0,0,0,0,0,0,10.599999999999966,4925.326130445006,748.2
940,L48119,L,295.5,306.1,1488,40.7,31,0,0,0,0,0,0,10.600000000000023,6341.995921654788,1261.7
941,L48120,L,295.6,306.2,1443,48.9,33,0,0,0,0,0,0,10.599999999999966,7389.308664582016,1613.7
942,L48121,L,295.6,306.2,1650,28.2,35,0,0,0,0,0,0,10.599999999999966,4872.610205717769,987.0
943,M15802,M,295.7,306.3,1462,44.3,37,0,0,0,0,0,0,10.600000000000023,6782.342491932956,1639.1
944,M15803,M,295.6,306.2,1477,45.0,40,0,0,0,0,0,0,10.599999999999966,6960.1985240281865,1800.0
945,M15804,M,295.7,306.3,1712,28.5,43,0,0,0,0,0,0,10.600000000000023,5109.486291798439,1225.5
946,M15805,M,295.7,306.3,1347,50.4,46,0,0,0,0,0,0,10.600000000000023,7109.298511367559,2318.4
947,L48126,L,295.6,306.2,1287,54.8,49,0,0,0,0,0,0,10.599999999999966,7385.633001177315,2685.2
948,L48127,L,295.6,306.2,1428,44.5,51,0,0,0,0,0,0,10.599999999999966,6654.5215588339,2269.5
949,M15808,M,295.6,306.3,1426,45.5,53,0,0,0,0,0,0,10.699999999999989,6794.531871428884,2411.5
950,L48129,L,295.6,306.3,1636,32.7,56,0,0,0,0,0,0,10.699999999999989,5602.213683587463,1831.2000000000003
951,L48130,L,295.6,306.2,1424,42.5,58,0,0,0,0,0,0,10.599999999999966,6337.639579841809,2465.0
952,H30365,H,295.6,306.3,1509,35.8,60,0,0,0,0,0,0,10.699999999999989,5657.191555025283,2148.0
953,L48132,L,295.5,306.2,1448,48.9,65,0,0,0,0,0,0,10.699999999999989,7414.912644708773,3178.5
954,L48133,L,295.5,306.1,1650,32.8,67,0,0,0,0,0,0,10.600000000000023,5667.433147075986,2197.6
955,H30368,H,295.6,306.2,1414,42.5,69,0,0,0,0,0,0,10.599999999999966,6293.133683915954,2932.5
956,L48135,L,295.6,306.3,1911,20.9,74,0,0,0,0,0,0,10.699999999999989,4182.496547503699,1546.6
957,H30370,H,295.6,306.2,1632,32.2,76,0,0,0,0,0,0,10.599999999999966,5503.065019440169,2447.2000000000003
958,M15817,M,295.7,306.4,1387,40.1,81,0,0,0,0,0,0,10.699999999999989,5824.376644073821,3248.1
959,L48138,L,295.8,306.4,1399,47.6,84,0,0,0,0,0,0,10.599999999999966,6973.539820830432,3998.4
960,L48139,L,295.8,306.5,1505,35.2,86,0,0,0,0,0,0,10.699999999999989,5547.633747219096,3027.2000000000003
961,L48140,L,295.8,306.5,1534,37.9,88,0,0,0,0,0,0,10.699999999999989,6088.259954999851,3335.2
962,L48141,L,295.8,306.5,1493,40.5,90,0,0,0,0,0,0,10.699999999999989,6332.037072942907,3645.0
963,M15822,M,295.8,306.6,1480,43.2,92,0,0,0,0,0,0,10.800000000000011,6695.362263330568,3974.4
964,L48143,L,295.8,306.6,1621,31.6,95,0,0,0,0,0,0,10.800000000000011,5364.122848347404,3002.0
965,L48144,L,295.7,306.5,1737,26.2,97,0,0,0,0,0,0,10.800000000000011,4765.733223642645,2541.4
966,L48145,L,295.8,306.6,1508,46.5,99,0,0,0,0,0,0,10.800000000000011,7343.158668500782,4603.5
967,M15826,M,295.8,306.5,1641,32.2,101,0,0,0,0,0,0,10.699999999999989,5533.412804473846,3252.2000000000003
968,M15827,M,295.9,306.6,1532,38.6,104,0,0,0,0,0,0,10.700000000000045,6192.6236629521045,4014.4
969,L48148,L,295.9,306.7,1547,40.9,107,0,0,0,0,0,0,10.800000000000011,6625.859761857648,4376.3
970,L48149,L,295.9,306.6,1412,41.0,109,0,0,0,0,0,0,10.700000000000045,6062.436063387343,4469.0
971,L48150,L,295.8,306.5,1568,35.1,111,0,0,0,0,0,0,10.699999999999989,5763.440218569691,3896.1000000000004
972,L48151,L,295.9,306.6,1557,41.1,113,0,0,0,0,0,0,10.700000000000045,6701.2998734458515,4644.3
973,L48152,L,295.8,306.6,1644,35.2,115,0,0,0,0,0,0,10.800000000000011,6060.006565068567,4048.0000000000005
974,L48153,L,295.9,306.6,1679,30.4,117,0,0,0,0,0,0,10.700000000000045,5345.063852915626,3556.7999999999997
975,L48154,L,296.0,306.6,1511,35.2,119,0,0,0,0,0,0,10.600000000000023,5569.750559500369,4188.8
976,M15835,M,296.0,306.6,1628,36.8,121,0,0,0,0,0,0,10.600000000000023,6273.8024171208635,4452.799999999999
977,M15836,M,296.0,306.6,1392,51.3,124,0,0,0,0,0,0,10.600000000000023,7477.995825192855,6361.2
978,L48157,L,296.0,306.7,1917,21.0,127,0,0,0,0,0,0,10.699999999999989,4215.703181852144,2667.0
979,M15838,M,296.2,306.8,1526,42.3,129,0,0,0,0,0,0,10.600000000000023,6759.639249023014,5456.7
980,L48159,L,296.2,306.8,1389,53.3,132,0,0,0,0,0,0,10.600000000000023,7752.790934602355,7035.599999999999
981,L48160,L,296.1,306.7,1409,42.8,134,0,0,0,0,0,0,10.599999999999966,6315.145776442106,5735.2
982,L48161,L,296.2,306.8,1655,31.1,136,0,0,0,0,0,0,10.600000000000023,5389.978155886448,4229.6
983,L48162,L,296.2,306.9,1516,39.1,138,0,0,0,0,0,0,10.699999999999989,6207.326316570904,5395.8
984,L48163,L,296.2,306.9,1526,34.9,140,0,0,0,0,0,0,10.699999999999989,5577.101886309768,4886.0
985,L48164,L,296.3,307.1,1419,48.6,142,0,0,0,0,0,0,10.800000000000011,7221.830360219145,6901.2
986,L48165,L,296.4,307.2,1748,25.3,144,0,0,0,0,0,0,10.800000000000011,4631.168338313882,3643.2000000000003
987,H30400,H,296.4,307.1,1638,32.5,146,0,0,0,0,0,0,10.700000000000045,5574.756163795088,4745.0
988,M15847,M,296.3,307.1,1534,33.8,151,0,0,0,0,0,0,10.800000000000011,5429.6355271502625,5103.799999999999
989,H30402,H,296.3,307.1,1774,25.9,154,0,0,0,0,0,0,10.800000000000011,4811.516700580959,3988.6
990,M15849,M,296.2,307.0,2119,18.3,159,0,0,0,0,0,0,10.800000000000011,4060.791248103631,2909.7000000000003
991,L48170,L,296.2,307.0,1414,48.3,162,0,0,0,0,0,0,10.800000000000011,7151.961339603307,7824.599999999999
992,M15851,M,296.1,307.0,1523,42.0,164,0,0,0,0,0,0,10.899999999999977,6698.503855984157,6888.0
993,L48172,L,296.1,307.1,1651,35.7,167,0,0,0,0,0,0,11.0,6172.25567058133,5961.900000000001
994,M15853,M,296.1,307.1,1485,36.0,169,0,0,0,0,0,0,11.0,5598.318108697011,6084.0
995,M15854,M,296.2,307.2,1168,63.4,172,0,0,0,0,0,0,11.0,7754.623530316949,10904.8
996,L48175,L,296.3,307.3,1566,35.8,175,0,0,0,0,0,0,11.0,5870.882687322461,6264.999999999999
997,M15856,M,296.3,307.2,1286,51.1,177,0,0,0,0,0,0,10.899999999999977,6881.616819786394,9044.7
998,M15857,M,296.3,307.2,1446,45.9,180,0,0,0,0,0,0,10.899999999999977,6950.396754948985,8262.0
999,M15858,M,296.4,307.2,2071,19.4,183,0,0,0,0,0,0,10.800000000000011,4207.367489344618,3550.2
1000,L48179,L,296.3,307.1,1560,33.2,186,0,0,0,0,0,0,10.800000000000011,5423.64555715742,6175.200000000001
1001,L48180,L,296.3,307.1,1654,29.6,188,0,0,0,0,0,0,10.800000000000011,5126.911659050351,5564.8
1002,L48181,L,296.3,307.1,1662,32.9,190,0,0,0,0,0,0,10.800000000000011,5726.055265991971,6251.0
1003,L48182,L,296.3,307.2,1646,35.0,192,0,0,0,0,0,0,10.899999999999977,6032.905092443599,6720.0
1004,L48183,L,296.2,307.1,1444,46.7,194,0,0,0,0,0,0,10.900000000000034,7061.755742543232,9059.800000000001
1005,H30418,H,296.3,307.2,1424,42.0,196,0,0,0,0,0,0,10.899999999999977,6263.079114196611,8232.0
1006,L48185,L,296.2,307.2,1382,52.0,201,0,0,0,0,0,0,11.0,7525.580481919229,10452.0
1007,L48186,L,296.2,307.1,1413,53.4,203,0,0,0,0,0,0,10.900000000000034,7901.545346749832,10840.199999999999
1008,M15867,M,296.2,307.2,1633,31.1,0,0,0,0,0,0,0,11.0,5318.328899433577,0.0
1009,L48188,L,296.2,307.1,1441,41.7,3,0,0,0,0,0,0,10.900000000000034,6292.57866921382,125.10000000000001
1010,M15869,M,296.2,307.2,1385,44.0,5,0,0,0,0,0,0,11.0,6381.621876992066,220.0
1011,M15870,M,296.2,307.2,1552,34.8,8,0,0,0,0,0,0,11.0,5655.872086110776,278.4
1012,M15871,M,296.2,307.3,1451,42.8,11,0,0,0,0,0,0,11.100000000000023,6503.390008245206,470.79999999999995
1013,M15872,M,296.1,307.1,1433,38.5,14,0,0,0,0,0,0,11.0,5777.4412498291895,539.0
1014,M15873,M,296.1,307.2,1619,29.7,17,0,0,0,0,0,0,11.099999999999966,5035.376121100256,504.9
1015,L48194,L,296.2,307.2,1445,41.8,20,0,0,0,0,0,0,11.0,6325.177928982569,836.0
1016,L48195,L,296.2,307.2,1356,43.6,22,0,0,0,0,0,0,11.0,6191.199474282476,959.2
1017,M15876,M,296.3,307.2,1319,68.3,24,1,0,0,1,0,0,10.899999999999977,9433.961883293372,1639.1999999999998
1018,L48197,L,296.3,307.2,1637,31.6,27,0,0,0,0,0,0,10.899999999999977,5417.069156535905,853.2
1019,L48198,L,296.3,307.2,1291,58.6,29,0,0,0,0,0,0,10.899999999999977,7922.321746165573,1699.4
1020,L48199,L,296.3,307.3,1398,52.7,31,0,0,0,0,0,0,11.0,7715.186070538886,1633.7
1021,L48200,L,296.3,307.3,1372,57.7,33,0,0,0,0,0,0,11.0,8290.076582194795,1904.1000000000001
1022,M15881,M,296.3,307.2,1454,42.5,35,0,0,0,0,0,0,10.899999999999977,6471.1572676193755,1487.5
1023,L48202,L,296.2,307.2,1515,36.5,38,0,0,0,0,0,0,11.0,5790.740658729386,1387.0
1024,L48203,L,296.2,307.3,1881,24.3,40,0,0,0,0,0,0,11.100000000000023,4786.561982935945,972.0
1025,L48204,L,296.2,307.3,1711,29.9,42,0,0,0,0,0,0,11.100000000000023,5357.347480191162,1255.8
1026,L48205,L,296.2,307.3,1475,37.0,44,0,0,0,0,0,0,11.100000000000023,5715.080635655432,1628.0
1027,L48206,L,296.4,307.4,1512,36.8,46,0,0,0,0,0,0,11.0,5826.774726466061,1692.8
1028,M15887,M,296.3,307.4,1335,50.5,48,0,0,0,0,0,0,11.099999999999966,7059.9440907796625,2424.0
1029,L48208,L,296.3,307.4,1472,39.9,51,0,0,0,0,0,0,11.099999999999966,6150.484433491953,2034.8999999999999
1030,M15889,M,296.2,307.3,1477,35.2,53,0,0,0,0,0,0,11.100000000000023,5444.421956573159,1865.6000000000001
1031,L48210,L,296.3,307.4,1760,28.4,56,0,0,0,0,0,0,11.099999999999966,5234.312239901074,1590.3999999999999
1032,L48211,L,296.4,307.5,1549,36.1,58,0,0,0,0,0,0,11.100000000000023,5855.813514560743,2093.8
1033,L48212,L,296.3,307.4,1648,34.0,60,0,0,0,0,0,0,11.099999999999966,5867.657318864776,2040.0
1034,H30447,H,296.4,307.5,1556,38.0,62,0,0,0,0,0,0,11.100000000000023,6191.869680715243,2356.0
1035,M15894,M,296.3,307.4,1958,19.1,67,0,0,0,0,0,0,11.099999999999966,3916.288458014012,1279.7
1036,L48215,L,296.4,307.4,1403,48.4,70,0,0,0,0,0,0,11.0,7111.01591535152,3388.0
1037,M15896,M,296.4,307.5,1684,31.4,72,0,0,0,0,0,0,11.100000000000023,5537.329323315321,2260.7999999999997
1038,H30451,H,296.4,307.5,1596,35.1,75,0,0,0,0,0,0,11.100000000000023,5866.358793901293,2632.5
1039,L48218,L,296.6,307.6,1498,41.1,80,0,0,0,0,0,0,11.0,6447.364939256189,3288.0
1040,L48219,L,296.7,307.7,1524,36.8,82,0,0,0,0,0,0,11.0,5873.0189703269025,3017.6
1041,L48220,L,296.7,307.7,1502,43.9,84,0,0,0,0,0,0,11.0,6904.990269129102,3687.6
1042,L48221,L,296.6,307.6,1809,25.1,86,0,0,0,0,0,0,11.0,4754.89472898776,2158.6
1043,L48222,L,296.6,307.6,1542,37.4,88,0,0,0,0,0,0,11.0,6039.272053554874,3291.2
1044,L48223,L,296.5,307.6,1431,45.2,90,0,0,0,0,0,0,11.100000000000023,6773.3994248457375,4068.0000000000005
1045,L48224,L,296.5,307.6,1512,43.6,92,0,0,0,0,0,0,11.100000000000023,6903.461360704355,4011.2000000000003
1046,H30459,H,296.4,307.5,1403,52.8,94,0,0,0,0,0,0,11.100000000000023,7757.471907656203,4963.2
1047,L48226,L,296.4,307.5,1331,47.8,99,0,0,0,0,0,0,11.100000000000023,6662.459316271969,4732.2
1048,M15907,M,296.6,307.7,1474,52.6,101,0,0,0,0,0,0,11.099999999999966,8119.17394183951,5312.6
1049,L48228,L,296.5,307.6,1607,33.5,104,0,0,0,0,0,0,11.100000000000023,5637.535656989324,3484.0
1050,L48229,L,296.5,307.6,1415,44.2,106,0,0,0,0,0,0,11.100000000000023,6549.487644448882,4685.200000000001
1051,L48230,L,296.6,307.6,1671,28.8,108,0,0,0,0,0,0,11.0,5039.617271182603,3110.4
1052,L48231,L,296.6,307.7,1556,37.7,110,0,0,0,0,0,0,11.099999999999966,6142.986499025386,4147.0
1053,L48232,L,296.7,307.7,1927,23.9,112,0,0,0,0,0,0,11.0,4822.899737962466,2676.7999999999997
1054,M15913,M,296.7,307.7,1597,32.1,114,0,0,0,0,0,0,11.0,5368.3221105277025,3659.4
1055,H30468,H,296.8,307.8,1627,30.5,117,0,0,0,0,0,0,11.0,5196.560768180437,3568.5
1056,L48235,L,296.8,307.8,1480,39.4,122,0,0,0,0,0,0,11.0,6106.4183605376,4806.8
1057,L48236,L,296.8,307.8,1565,39.5,124,0,0,0,0,0,0,11.0,6473.513462109568,4898.0
1058,L48237,L,296.8,307.8,1573,36.4,126,0,0,0,0,0,0,11.0,5995.959962837383,4586.4
1059,L48238,L,296.7,307.8,1605,31.3,128,0,0,0,0,0,0,11.100000000000023,5260.753978068788,4006.4
1060,M15919,M,296.7,307.9,1874,21.3,130,0,0,0,0,0,0,11.199999999999989,4180.014689307363,2769.0
1061,H30474,H,296.7,307.9,1424,53.8,133,0,0,0,0,0,0,11.199999999999989,8022.706103423278,7155.4
1062,L48241,L,296.7,307.9,1420,50.1,138,0,0,0,0,0,0,11.199999999999989,7449.972818722835,6913.8
1063,L48242,L,296.8,307.9,1372,49.0,140,0,0,0,0,0,0,11.099999999999966,7040.099697184487,6860.0
1064,M15923,M,296.8,307.8,1664,32.8,142,0,0,0,0,0,0,11.0,5715.520458626934,4657.599999999999
1065,M15924,M,296.8,307.9,1409,44.3,145,0,0,0,0,0,0,11.099999999999966,6536.470978887507,6423.5
1066,L48245,L,296.8,307.9,1718,25.2,148,0,0,0,0,0,0,11.099999999999966,4533.695190248502,3729.6
1067,M15926,M,296.9,307.8,1544,40.3,150,0,0,0,0,0,0,10.900000000000034,6515.998266761613,6045.0
1068,L48247,L,296.9,307.8,1466,45.7,153,0,0,0,0,0,0,10.900000000000034,7015.825657947749,6992.1
1069,L48248,L,296.8,307.8,1394,47.7,155,0,0,0,0,0,0,11.0,6963.214452975632,7393.5
1070,M15929,M,296.9,307.8,1840,24.6,157,0,0,0,0,0,0,10.900000000000034,4740.03499573628,3862.2000000000003
1071,M15930,M,296.9,307.8,1477,37.2,160,0,0,0,0,0,0,10.900000000000034,5753.764113196634,5952.0
1072,L48251,L,296.9,307.8,1425,49.1,163,0,0,0,0,0,0,10.900000000000034,7326.979466334795,8003.3
1073,M15932,M,297.0,307.9,1414,46.2,165,0,0,0,0,0,0,10.899999999999977,6841.0064987509895,7623.000000000001
1074,L48253,L,297.0,307.8,1414,47.5,168,0,0,0,0,0,0,10.800000000000011,7033.5023526119485,7980.0
1075,L48254,L,297.0,307.9,1595,31.7,170,0,0,0,0,0,0,10.899999999999977,5294.7878984826775,5389.0
1076,H30489,H,296.9,307.8,1345,54.5,172,0,0,0,0,0,0,10.900000000000034,7676.21984965886,9374.0
1077,L48256,L,296.9,307.7,1653,35.9,177,0,0,0,0,0,0,10.800000000000011,6214.353012139433,6354.3
1078,L48257,L,296.8,307.6,1547,36.5,179,0,0,0,0,0,0,10.800000000000011,5913.053332709149,6533.5
1079,H30492,H,296.9,307.7,1656,30.8,181,0,0,0,0,0,0,10.800000000000011,5341.210165927223,5574.8
1080,L48259,L,297.0,307.7,1731,28.5,186,0,0,0,0,0,0,10.699999999999989,5166.192039195735,5301.0
1081,L48260,L,297.0,307.8,1774,28.0,188,0,0,0,0,0,0,10.800000000000011,5201.63967630374,5264.0
1082,L48261,L,297.0,307.8,1521,40.2,190,0,0,0,0,0,0,10.800000000000011,6403.005650987501,7638.000000000001
1083,H30496,H,297.1,307.9,1420,39.8,192,0,0,0,0,0,0,10.799999999999955,5918.341680342691,7641.599999999999
1084,L48263,L,297.0,307.8,1683,32.3,197,0,0,0,0,0,0,10.800000000000011,5692.660136084312,6363.099999999999
1085,M15944,M,297.0,307.7,1498,47.1,199,0,0,0,0,0,0,10.699999999999989,7388.58609827169,9372.9
1086,L48265,L,297.0,307.8,1385,56.4,202,1,0,0,0,1,0,10.800000000000011,8180.078951417103,11392.8
1087,L48266,L,297.0,307.9,1455,49.0,204,0,0,0,0,0,0,10.899999999999977,7465.994941256143,9996.0
1088,H30501,H,296.9,307.8,1549,35.8,206,1,1,0,0,0,0,10.900000000000034,5807.150244356636,7374.799999999999
1089,M15948,M,296.9,307.8,1392,43.9,0,0,0,0,0,0,0,10.900000000000034,6399.298571656264,0.0
1090,M15949,M,296.9,307.7,2008,17.5,3,0,0,0,0,0,0,10.800000000000011,3679.852194904844,52.5
1091,L48270,L,296.9,307.7,1464,41.4,6,0,0,0,0,0,0,10.800000000000011,6347.02246990053,248.39999999999998
1092,L48271,L,297.0,307.7,1447,46.4,8,0,0,0,0,0,0,10.699999999999989,7030.968134538053,371.2
1093,M15952,M,296.9,307.6,1685,32.0,10,0,0,0,0,0,0,10.700000000000045,5646.4891960520545,320.0
1094,M15953,M,296.8,307.5,1443,39.2,13,0,0,0,0,0,0,10.699999999999989,5923.5357801966275,509.6
1095,L48274,L,296.9,307.5,1354,44.4,16,0,0,0,0,0,0,10.600000000000023,6295.500350381658,710.4
1096,L48275,L,296.9,307.5,2721,9.3,18,1,0,0,1,0,0,10.600000000000023,2649.9648192295267,167.4
1097,L48276,L,297.0,307.6,1680,35.8,20,0,0,0,0,0,0,10.600000000000023,6298.264951916816,716.0
1098,H30511,H,296.9,307.5,1397,48.3,22,0,0,0,0,0,0,10.600000000000023,7065.975948674553,1062.6
1099,M15958,M,296.9,307.4,1521,37.9,27,0,0,0,0,0,0,10.5,6036.664531652395,1023.3
1100,M15959,M,296.8,307.4,1472,43.9,30,0,0,0,0,0,0,10.599999999999966,6767.074351636509,1317.0
1101,H30514,H,296.8,307.5,1695,30.0,33,0,0,0,0,0,0,10.699999999999989,5324.999547834699,990.0
1102,H30515,H,296.7,307.5,1607,33.6,38,0,0,0,0,0,0,10.800000000000011,5654.364121637053,1276.8
1103,L48282,L,296.8,307.5,1347,54.8,43,0,0,0,0,0,0,10.699999999999989,7729.951556010757,2356.4
1104,M15963,M,296.7,307.4,1540,38.7,45,0,0,0,0,0,0,10.699999999999989,6241.087965621484,1741.5000000000002
1105,L48284,L,296.6,307.4,1389,42.7,48,0,0,0,0,0,0,10.799999999999955,6210.960092073557,2049.6000000000004
1106,M15965,M,296.6,307.5,1734,27.0,50,0,0,0,0,0,0,10.899999999999977,4902.769495192231,1350.0
1107,L48286,L,296.7,307.6,1540,38.6,53,0,0,0,0,0,0,10.900000000000034,6224.961123333055,2045.8000000000002
1108,M15967,M,296.7,307.5,1515,42.1,55,0,0,0,0,0,0,10.800000000000011,6679.183061164579,2315.5
1109,L48288,L,296.6,307.4,1504,45.8,58,0,0,0,0,0,0,10.799999999999955,7213.431835858547,2656.3999999999996
1110,L48289,L,296.6,307.5,1557,35.1,60,0,0,0,0,0,0,10.899999999999977,5723.00792111799,2106.0
1111,L48290,L,296.5,307.4,1292,52.5,62,0,0,0,0,0,0,10.899999999999977,7103.140989766522,3255.0
1112,H30525,H,296.5,307.4,1432,49.2,64,0,0,0,0,0,0,10.899999999999977,7377.967515102558,3148.8
1113,M15972,M,296.5,307.4,1350,55.6,69,0,0,0,0,0,0,10.899999999999977,7860.264819281662,3836.4
1114,M15973,M,296.6,307.4,1790,25.8,72,0,0,0,0,0,0,10.799999999999955,4836.167730936128,1857.6000000000001
1115,H30528,H,296.4,307.3,1540,37.4,75,0,0,0,0,0,0,10.900000000000034,6031.439015871924,2805.0
1116,M15975,M,296.4,307.3,2077,19.1,80,0,0,0,0,0,0,10.900000000000034,4154.3059894254875,1528.0
1117,L48296,L,296.4,307.3,1487,37.5,83,0,0,0,0,0,0,10.900000000000034,5839.435344860028,3112.5
1118,L48297,L,296.5,307.4,1523,40.7,85,0,0,0,0,0,0,10.899999999999977,6491.169212822743,3459.5000000000005
1119,L48298,L,296.5,307.5,1443,41.8,87,0,0,0,0,0,0,11.0,6316.423357454565,3636.6
1120,L48299,L,296.5,307.5,1340,59.1,89,0,0,0,0,0,0,11.0,8293.176286946336,5259.900000000001
1121,H30534,H,296.6,307.7,1654,31.0,91,0,0,0,0,0,0,11.099999999999966,5369.400724005435,2821.0
1122,L48301,L,296.6,307.6,1459,40.2,96,0,0,0,0,0,0,11.0,6142.002133327261,3859.2000000000003
1123,L48302,L,296.5,307.6,1541,38.5,98,0,0,0,0,0,0,11.100000000000023,6212.865991616734,3773.0
1124,H30537,H,296.6,307.7,1386,62.3,100,1,0,0,1,0,0,11.099999999999966,9042.320471121358,6230.0
1125,M15984,M,296.7,307.8,1258,69.0,105,1,0,0,1,0,0,11.100000000000023,9089.884183896707,7245.0
1126,M15985,M,296.7,307.8,1375,51.4,108,0,0,0,0,0,0,11.100000000000023,7401.068693081954,5551.2
1127,L48306,L,296.8,307.9,1706,30.8,111,0,0,0,0,0,0,11.099999999999966,5502.478588811498,3418.8
1128,M15987,M,296.7,307.8,1672,32.4,113,0,0,0,0,0,0,11.100000000000023,5672.962350146304,3661.2
1129,M15988,M,296.8,307.9,1843,25.2,116,0,0,0,0,0,0,11.099999999999966,4863.56241887543,2923.2
1130,L48309,L,296.7,307.9,1690,29.6,119,0,0,0,0,0,0,11.199999999999989,5238.50103010586,3522.4
1131,L48310,L,296.8,307.9,1413,46.5,121,0,0,0,0,0,0,11.099999999999966,6880.559150259685,5626.5
1132,L48311,L,296.8,307.9,1489,33.4,123,0,0,0,0,0,0,11.099999999999966,5207.985693463991,4108.2
1133,L48312,L,296.8,307.9,1271,61.4,125,0,0,0,0,0,0,11.099999999999966,8172.266857685176,7675.0
1134,M15993,M,296.8,307.9,1418,47.9,127,0,0,0,0,0,0,11.099999999999966,7112.796151188554,6083.3
1135,M15994,M,296.9,307.8,1426,50.7,130,0,0,0,0,0,0,10.900000000000034,7571.049799592185,6591.0
1136,L48315,L,296.9,307.9,1535,39.2,133,0,0,0,0,0,0,11.0,6301.197105060168,5213.6
1137,L48316,L,296.9,307.8,1557,38.1,135,0,0,0,0,0,0,10.900000000000034,6212.153897281921,5143.5
1138,L48317,L,296.9,307.8,1653,29.7,137,0,0,0,0,0,0,10.900000000000034,5141.122129820088,4068.9
1139,L48318,L,296.9,307.9,1435,41.6,139,0,0,0,0,0,0,11.0,6251.350501623209,5782.400000000001
1140,M15999,M,297.0,307.9,1569,33.3,141,0,0,0,0,0,0,10.899999999999977,5471.366349565447,4695.299999999999
1141,M16000,M,296.9,307.9,1385,44.8,144,0,0,0,0,0,0,11.0,6497.651365664648,6451.2
1142,L48321,L,297.0,307.9,1635,31.6,147,0,0,0,0,0,0,10.899999999999977,5410.450868012342,4645.2
1143,L48322,L,296.9,307.9,1423,43.9,149,0,0,0,0,0,0,11.0,6541.81168639861,6541.099999999999
1144,L48323,L,297.0,307.9,1479,39.2,151,0,0,0,0,0,0,10.899999999999977,6071.31629862149,5919.200000000001
1145,L48324,L,297.0,307.9,1296,69.1,153,1,0,0,1,0,0,10.899999999999977,9378.031062083963,10572.3
1146,L48325,L,297.0,307.8,1553,33.3,155,0,0,0,0,0,0,10.800000000000011,5415.571664037692,5161.5
1147,L48326,L,297.0,307.9,1529,42.2,157,0,0,0,0,0,0,10.899999999999977,6756.916535389903,6625.400000000001
1148,M16007,M,297.1,308.0,1690,25.6,159,0,0,0,0,0,0,10.899999999999977,4530.5954854969605,4070.4
1149,L48328,L,297.1,308.0,1348,58.0,162,0,0,0,0,0,0,10.899999999999977,8187.4093342754795,9396.0
1150,L48329,L,297.2,308.1,1446,38.5,164,0,0,0,0,0,0,10.900000000000034,5829.853487266579,6314.0
1151,L48330,L,297.1,307.9,1456,50.0,166,0,0,0,0,0,0,10.799999999999955,7623.598172711231,8300.0
1152,L48331,L,297.0,307.9,1350,47.7,168,0,0,0,0,0,0,10.899999999999977,6743.428630930492,8013.6
1153,L48332,L,297.1,307.9,1507,38.3,170,0,0,0,0,0,0,10.799999999999955,6044.225297972034,6510.999999999999
1154,H30567,H,297.0,307.9,1448,45.6,172,0,0,0,0,0,0,10.899999999999977,6914.519766844991,7843.2
1155,L48334,L,296.9,307.9,1626,29.9,177,0,0,0,0,0,0,11.0,5091.202222554546,5292.3
1156,H30569,H,297.0,307.9,1846,27.3,179,0,0,0,0,0,0,10.899999999999977,5277.43583505935,4886.7
1157,H30570,H,297.0,307.8,1404,40.7,184,0,0,0,0,0,0,10.800000000000011,5983.980022851694,7488.8
1158,L48337,L,297.0,307.8,1583,37.2,189,0,0,0,0,0,0,10.800000000000011,6166.695051584477,7030.8
1159,L48338,L,297.0,307.9,1436,47.7,191,0,0,0,0,0,0,10.899999999999977,7173.010010382359,9110.7
1160,L48339,L,297.0,307.8,1609,35.6,193,0,0,0,0,0,0,10.800000000000011,5998.389461156159,6870.8
1161,H30574,H,297.0,307.7,1834,23.8,195,0,0,0,0,0,0,10.699999999999989,4570.933535169053,4641.0
1162,L48341,L,297.0,307.8,1316,61.2,200,1,0,0,0,1,0,10.800000000000011,8434.045301533302,12240.0
1163,L48342,L,296.9,307.8,1400,57.1,202,1,0,0,0,1,0,10.900000000000034,8371.297224265601,11534.2
1164,L48343,L,296.9,307.9,1367,47.1,204,0,0,0,0,0,0,11.0,6742.454737207879,9608.4
1165,L48344,L,297.1,308.1,1754,30.3,206,0,0,0,0,0,0,11.0,5565.457049540462,6241.8
1166,L48345,L,297.1,308.1,1487,34.6,208,0,0,0,0,0,0,11.0,5387.85234485752,7196.8
1167,M16026,M,297.1,308.1,1506,37.7,210,0,0,0,0,0,0,11.0,5945.589760624827,7917.000000000001
1168,L48347,L,297.0,308.1,1362,52.5,213,1,0,0,0,1,0,11.100000000000023,7487.986089831272,11182.5
1169,L48348,L,297.1,308.1,1584,36.8,215,0,0,0,0,0,0,11.0,6104.240189631111,7911.999999999999
1170,L48349,L,297.0,308.1,1355,43.7,217,0,0,0,0,0,0,11.100000000000023,6200.823219777974,9482.900000000001
1171,M16030,M,297.1,308.1,1823,24.3,219,0,0,0,0,0,0,11.0,4638.969960070296,5321.7
1172,H30585,H,297.0,308.1,1517,41.4,222,0,0,0,0,0,0,11.100000000000023,6576.798556584087,9190.8
1173,L48352,L,297.1,308.1,1446,36.6,227,0,0,0,0,0,0,11.0,5542.146432050826,8308.2
1174,H30587,H,297.1,308.0,1559,38.8,229,0,0,0,0,0,0,10.899999999999977,6334.4142113841235,8885.199999999999
1175,M16034,M,297.1,308.1,1352,44.4,0,0,0,0,0,0,0,11.0,6286.201236127032,0.0
1176,M16035,M,297.2,308.3,1578,37.8,3,0,0,0,0,0,0,11.100000000000023,6246.365841279513,113.39999999999999
1177,M16036,M,297.2,308.3,1429,42.0,6,0,0,0,0,0,0,11.100000000000023,6285.07026277174,252.0
1178,M16037,M,297.2,308.3,1604,39.4,9,0,0,0,0,0,0,11.100000000000023,6618.03719615021,354.59999999999997
1179,L48358,L,297.3,308.5,1398,60.4,12,0,0,0,0,0,0,11.199999999999989,8842.452346499975,724.8
1180,L48359,L,297.3,308.4,1441,43.4,14,0,0,0,0,0,0,11.099999999999966,6549.11065333045,607.6
1181,H30594,H,297.3,308.4,1531,35.6,16,0,0,0,0,0,0,11.099999999999966,5707.603645139888,569.6
1182,L48361,L,297.2,308.3,1379,52.1,21,0,0,0,0,0,0,11.100000000000023,7523.685054351565,1094.1000000000001
1183,L48362,L,297.3,308.3,1410,48.1,23,0,0,0,0,0,0,11.0,7102.198511970445,1106.3
1184,L48363,L,297.3,308.4,1513,40.5,25,0,0,0,0,0,0,11.099999999999966,6416.860074589832,1012.5
1185,L48364,L,297.3,308.5,1497,47.5,27,0,0,0,0,0,0,11.199999999999989,7446.359987171207,1282.5
1186,L48365,L,297.3,308.4,1491,46.5,29,0,0,0,0,0,0,11.099999999999966,7260.377702078691,1348.5
1187,L48366,L,297.3,308.4,1417,47.8,31,0,0,0,0,0,0,11.099999999999966,7092.941285617866,1481.8
1188,M16047,M,297.4,308.6,1522,38.0,33,0,0,0,0,0,0,11.200000000000045,6056.571757100643,1254.0
1189,L48368,L,297.3,308.4,1339,52.1,36,0,0,0,0,0,0,11.099999999999966,7305.449084682194,1875.6000000000001
1190,M16049,M,297.2,308.3,1794,27.5,38,0,0,0,0,0,0,11.100000000000023,5166.349118828414,1045.0
1191,L48370,L,297.2,308.4,1460,42.1,41,0,0,0,0,0,0,11.199999999999989,6436.7044681850075,1726.1000000000001
1192,M16051,M,297.2,308.3,1776,28.0,43,0,0,0,0,0,0,11.100000000000023,5207.5039825904405,1204.0
1193,M16052,M,297.2,308.3,1431,43.7,46,0,0,0,0,0,0,11.100000000000023,6548.618470481388,2010.2
1194,L48373,L,297.1,308.2,1347,50.8,49,0,0,0,0,0,0,11.099999999999966,7165.721515426029,2489.2
1195,M16054,M,297.0,308.1,1507,43.1,51,0,0,0,0,0,0,11.100000000000023,6801.726118605606,2198.1
1196,M16055,M,297.0,308.0,1408,47.9,54,0,0,0,0,0,0,11.0,7062.635388486237,2586.6
1197,M16056,M,297.0,307.9,1493,34.7,57,0,0,0,0,0,0,10.899999999999977,5425.226825459726,1977.9
1198,M16057,M,296.9,307.9,1441,47.6,60,0,0,0,0,0,0,11.0,7182.895555265655,2856.0
1199,H30612,H,296.9,307.9,1557,36.5,63,0,0,0,0,0,0,11.0,5951.2760433278245,2299.5
1200,M16059,M,296.9,307.9,1979,20.4,68,0,0,0,0,0,0,11.0,4227.7040657888565,1387.1999999999998
1201,M16060,M,296.9,308.0,1430,55.9,71,0,0,0,0,0,0,11.100000000000023,8370.983065000242,3968.9
1202,L48381,L,296.9,308.0,1658,41.0,74,0,0,0,0,0,0,11.100000000000023,7118.639513524232,3034.0
1203,M16062,M,297.0,308.1,1355,51.4,76,0,0,0,0,0,0,11.100000000000023,7293.416784818944,3906.4
1204,H30617,H,297.0,308.1,1410,47.6,79,0,0,0,0,0,0,11.100000000000023,7028.371084611085,3760.4
1205,L48384,L,296.9,308.0,1521,34.5,84,0,0,0,0,0,0,11.100000000000023,5495.116790026586,2898.0
1206,L48385,L,296.8,308.0,1371,54.5,86,0,0,0,0,0,0,11.199999999999989,7824.607742663418,4687.0
1207,H30620,H,296.9,308.0,1318,53.5,88,0,0,0,0,0,0,11.100000000000023,7384.104092752569,4708.0
1208,M16067,M,297.0,308.1,1573,34.9,93,0,0,0,0,0,0,11.100000000000023,5748.8737006325455,3245.7
1209,L48388,L,297.0,308.1,1489,44.1,96,0,0,0,0,0,0,11.100000000000023,6876.412247956948,4233.6
1210,H30623,H,297.0,308.1,2540,13.3,98,0,0,0,0,0,0,11.100000000000023,3537.642767452346,1303.4
1211,L48390,L,297.0,308.1,1537,39.0,103,0,0,0,0,0,0,11.100000000000023,6277.216281137766,4017.0
1212,H30625,H,296.9,308.0,1416,46.9,105,0,0,0,0,0,0,11.100000000000023,6954.480825398652,4924.5
1213,L48392,L,296.9,307.9,1359,56.5,110,0,0,0,0,0,0,11.0,8040.749317230396,6215.0
1214,M16073,M,296.8,307.8,1551,38.9,112,0,0,0,0,0,0,11.0,6318.15123341404,4356.8
1215,M16074,M,296.8,307.8,1694,33.0,115,0,0,0,0,0,0,11.0,5854.04375069922,3795.0
1216,L48395,L,296.8,307.9,1709,28.4,118,0,0,0,0,0,0,11.099999999999966,5082.636146585758,3351.2
1217,L48396,L,296.9,308.0,1514,41.0,120,0,0,0,0,0,0,11.100000000000023,6500.3740792977605,4920.0
1218,L48397,L,297.0,308.1,1455,43.5,122,0,0,0,0,0,0,11.100000000000023,6627.975100911066,5307.0
1219,M16078,M,297.0,308.2,1702,30.7,124,0,0,0,0,0,0,11.199999999999989,5471.753812659391,3806.7999999999997
1220,M16079,M,296.9,308.1,1357,41.8,127,0,0,0,0,0,0,11.200000000000045,5939.976781750413,5308.599999999999
1221,L48400,L,297.0,308.2,1577,29.4,130,0,0,0,0,0,0,11.199999999999989,4855.205782416881,3822.0
1222,M16081,M,297.0,308.3,1399,46.4,132,0,0,0,0,0,1,11.300000000000011,6797.736295935546,6124.8
1223,L48402,L,297.0,308.3,1399,59.0,135,0,0,0,0,0,0,11.300000000000011,8643.673307331837,7965.0
1224,L48403,L,297.0,308.3,1492,48.1,137,0,0,0,0,0,0,11.300000000000011,7515.234170113406,6589.7
1225,L48404,L,297.1,308.3,1763,25.7,139,0,0,0,0,0,0,11.199999999999989,4744.757856692177,3572.2999999999997
1226,H30639,H,297.1,308.3,1492,41.5,141,0,0,0,0,0,0,11.199999999999989,6484.037797499093,5851.5
1227,L48406,L,297.1,308.4,1488,42.5,146,0,0,0,0,0,0,11.299999999999955,6622.477313767284,6205.0
1228,L48407,L,297.1,308.4,1422,42.1,148,0,0,0,0,0,0,11.299999999999955,6269.173803944576,6230.8
1229,M16088,M,297.1,308.4,1583,38.2,150,0,0,0,0,0,0,11.299999999999955,6332.4664239388985,5730.0
1230,L48409,L,297.1,308.4,1304,53.5,153,0,0,0,0,0,0,11.299999999999955,7305.668996167944,8185.5
1231,M16090,M,297.1,308.4,1880,23.5,155,0,0,0,0,0,0,11.299999999999955,4626.518781186568,3642.5
1232,M16091,M,297.2,308.5,1604,40.7,158,0,0,0,0,0,0,11.300000000000011,6836.398829525725,6430.6
1233,L48412,L,297.2,308.6,1500,37.1,161,0,0,0,0,0,0,11.400000000000034,5827.654372409066,5973.1
1234,M16093,M,297.2,308.5,1364,55.6,163,0,0,0,0,0,0,11.300000000000011,7941.778676666806,9062.800000000001
1235,H30648,H,297.2,308.5,2440,14.0,166,0,0,0,0,0,0,11.300000000000011,3577.2268348875778,2324.0
1236,H30649,H,297.1,308.4,1654,31.4,171,0,0,0,0,0,0,11.299999999999955,5438.683313992601,5369.4
1237,H30650,H,297.1,308.4,1359,46.6,176,0,0,0,0,0,0,11.299999999999955,6631.8392598749815,8201.6
1238,M16097,M,297.1,308.4,1502,37.3,181,0,0,0,0,0,0,11.299999999999955,5866.88239267689,6751.299999999999
1239,M16098,M,297.1,308.4,1615,32.6,184,0,0,0,0,0,0,11.299999999999955,5513.390387294967,5998.400000000001
1240,H30653,H,297.2,308.5,1482,39.3,187,0,0,0,0,0,0,11.300000000000011,6099.150809532296,7349.099999999999
1241,L48420,L,297.2,308.6,1636,31.3,192,0,0,0,0,0,0,11.400000000000034,5362.363556461394,6009.6
1242,M16101,M,297.1,308.5,1621,32.4,194,0,0,0,0,0,0,11.399999999999977,5499.923426786579,6285.599999999999
1243,L48422,L,297.1,308.4,1468,44.4,197,0,0,0,0,0,0,11.299999999999955,6825.549862895327,8746.8
1244,M16103,M,297.1,308.4,1432,53.4,199,0,0,0,0,0,0,11.299999999999955,8007.794010294239,10626.6
1245,L48424,L,297.1,308.4,1726,28.4,202,0,0,0,0,0,0,11.299999999999955,5133.194844357529,5736.799999999999
1246,M16105,M,297.1,308.4,1588,33.4,204,0,0,0,0,0,0,11.299999999999955,5554.252035742658,6813.599999999999
1247,H30660,H,297.2,308.5,1653,33.3,207,0,0,0,0,0,0,11.300000000000011,5764.28844858616,6893.099999999999
1248,L48427,L,297.2,308.5,1513,42.9,212,0,0,0,0,0,0,11.300000000000011,6797.11844938034,9094.8
1249,L48428,L,297.2,308.6,1489,40.2,214,0,0,0,0,0,0,11.400000000000034,6268.29415800157,8602.800000000001
1250,L48429,L,297.3,308.7,1467,36.8,216,0,0,0,0,0,0,11.399999999999977,5653.358811987904,7948.799999999999
1251,L48430,L,297.3,308.7,1549,36.1,218,0,0,0,0,0,0,11.399999999999977,5855.813514560743,7869.8
1252,M16111,M,297.4,308.8,1359,48.7,220,0,0,0,0,0,0,11.400000000000034,6930.6989690109785,10714.0
1253,L48432,L,297.5,308.8,1533,41.5,223,0,0,0,0,0,0,11.300000000000011,6662.2184608351945,9254.5
1254,L48433,L,297.5,308.8,1309,57.3,0,0,0,0,0,0,0,11.300000000000011,7854.578536578664,0.0
1255,H30668,H,297.5,308.8,1430,49.4,2,0,0,0,0,0,0,11.300000000000011,7397.612941163005,98.8
1256,H30669,H,297.5,308.9,1419,50.7,7,0,0,0,0,0,0,11.399999999999977,7533.884758500219,354.90000000000003
1257,M16116,M,297.5,308.9,1535,37.7,12,0,0,0,0,0,0,11.399999999999977,6060.079868897152,452.40000000000003
1258,L48437,L,297.5,308.9,1466,43.0,15,0,0,0,0,0,0,11.399999999999977,6601.3239232331125,645.0
1259,L48438,L,297.5,308.9,1427,50.4,17,0,0,0,0,0,0,11.399999999999977,7531.5285640100265,856.8
1260,M16119,M,297.5,308.9,1280,48.5,19,0,0,0,0,0,0,11.399999999999977,6501.002397828478,921.5
1261,L48440,L,297.6,309.0,1528,33.8,22,0,0,0,0,0,0,11.399999999999977,5408.398360811995,743.5999999999999
1262,H30675,H,297.6,309.0,1885,25.2,24,0,0,0,0,0,0,11.399999999999977,4974.397807694078,604.8
1263,H30676,H,297.8,309.2,1648,33.0,29,0,0,0,0,0,0,11.399999999999977,5695.079162427577,957.0
1264,L48443,L,297.8,309.2,1400,56.9,34,0,0,0,0,0,0,11.399999999999977,8341.975692832097,1934.6
1265,M16124,M,297.8,309.3,2243,15.7,36,0,0,0,0,0,0,11.5,3687.7166485143302,565.1999999999999
1266,L48445,L,297.9,309.4,1558,35.7,39,0,0,0,0,0,0,11.5,5824.575611608549,1392.3000000000002
1267,L48446,L,298.0,309.6,1633,34.8,41,0,0,0,0,0,0,11.600000000000023,5951.056131842072,1426.8
1268,M16127,M,298.1,309.6,1549,38.7,43,0,0,0,0,0,0,11.5,6277.56185632966,1664.1000000000001
1269,L48448,L,298.0,309.5,1496,45.8,46,0,0,0,0,0,0,11.5,7175.0625175827045,2106.7999999999997
1270,L48449,L,298.1,309.5,1467,41.8,48,0,0,0,0,0,0,11.399999999999977,6421.478215790608,2006.3999999999999
1271,M16130,M,298.0,309.4,1276,65.9,50,0,0,0,0,0,0,11.399999999999977,8805.716656404,3295.0000000000005
1272,H30685,H,298.0,309.4,1490,40.5,53,0,0,0,0,0,0,11.399999999999977,6319.313622695869,2146.5
1273,H30686,H,298.0,309.4,1562,38.1,58,0,0,0,0,0,0,11.399999999999977,6232.103010632216,2209.8
1274,L48453,L,298.1,309.4,1397,48.2,63,0,0,0,0,0,0,11.299999999999955,7051.346598884339,3036.6000000000004
1275,H30688,H,298.1,309.5,1530,40.2,65,0,0,0,0,0,0,11.399999999999977,6440.893258389794,2613.0
1276,M16135,M,298.1,309.4,1362,47.6,70,0,0,0,0,0,0,11.299999999999955,6789.107388113686,3332.0
1277,M16136,M,298.2,309.4,1693,34.4,73,0,0,0,0,0,0,11.199999999999989,6098.794762364889,2511.2
1278,M16137,M,298.2,309.4,1408,46.5,76,0,0,0,0,0,0,11.199999999999989,6856.211807194364,3534.0
1279,L48458,L,298.2,309.4,1398,52.9,79,0,0,0,0,0,0,11.199999999999989,7744.465714070342,4179.099999999999
1280,M16139,M,298.3,309.6,1531,40.1,81,0,0,0,0,0,0,11.300000000000011,6429.070398036783,3248.1
1281,H30694,H,298.3,309.5,1521,37.1,84,0,0,0,0,0,0,11.199999999999989,5909.241533622792,3116.4
1282,H30695,H,298.3,309.5,1427,54.3,89,0,0,0,0,0,0,11.199999999999989,8114.325417177468,4832.7
1283,L48462,L,298.3,309.4,1546,36.1,94,0,0,0,0,0,0,11.099999999999966,5844.472365081284,3393.4
1284,L48463,L,298.3,309.4,1356,45.4,96,0,0,0,0,0,0,11.099999999999966,6446.7994525785425,4358.4
1285,L48464,L,298.4,309.5,2153,15.3,98,1,0,0,1,0,0,11.100000000000023,3449.5629814212007,1499.4
1286,M16145,M,298.5,309.6,1492,41.7,100,0,0,0,0,0,0,11.100000000000023,6515.2861724268,4170.0
1287,L48466,L,298.5,309.6,1582,40.3,103,0,0,0,0,0,0,11.100000000000023,6676.36609975186,4150.9
1288,L48467,L,298.5,309.6,1419,41.5,105,0,0,0,0,0,0,11.100000000000023,6166.789299364084,4357.5
1289,M16148,M,298.5,309.6,1441,48.2,107,0,0,0,0,0,0,11.100000000000023,7273.436255542112,5157.400000000001
1290,M16149,M,298.6,309.7,1635,32.2,110,0,0,0,0,0,0,11.099999999999966,5513.180947784728,3542.0000000000005
1291,L48470,L,298.6,309.7,1429,45.8,113,0,0,0,0,0,0,11.099999999999966,6853.719477022516,5175.4
1292,M16151,M,298.6,309.7,1675,28.4,115,0,0,0,0,0,0,11.099999999999966,4981.518751042215,3266.0
1293,M16152,M,298.7,309.7,1868,23.8,118,0,0,0,0,0,0,11.0,4655.672761011881,2808.4
1294,H30707,H,298.7,309.8,1582,33.4,121,0,0,0,0,0,0,11.100000000000023,5533.266196816678,4041.3999999999996
1295,L48474,L,298.8,309.9,1486,40.3,126,0,0,0,0,0,0,11.099999999999966,6271.22631114492,5077.799999999999
1296,L48475,L,298.7,309.8,1402,54.3,128,0,0,0,0,0,0,11.100000000000023,7972.16834960253,6950.4
1297,L48476,L,298.7,309.9,1621,34.1,130,0,0,0,0,0,0,11.199999999999989,5788.499655969826,4433.0
1298,L48477,L,298.8,309.9,1428,42.4,132,0,0,0,0,0,0,11.099999999999966,6340.487957181063,5596.8
1299,M16158,M,298.7,309.8,1343,53.6,134,0,0,0,0,0,0,11.100000000000023,7538.230628337685,7182.400000000001
1300,M16159,M,298.7,309.9,1458,40.2,137,0,0,0,0,0,0,11.199999999999989,6137.792399171451,5507.400000000001
1301,L48480,L,298.7,309.8,1322,57.0,140,0,0,0,0,0,0,11.100000000000023,7891.052427286842,7980.0
1302,L48481,L,298.7,309.9,1483,32.8,142,0,0,0,0,0,0,11.199999999999989,5093.820216432538,4657.599999999999
1303,L48482,L,298.6,309.8,1505,45.7,144,0,0,0,0,0,1,11.199999999999989,7202.46767749752,6580.8
1304,L48483,L,298.7,309.9,1593,42.5,146,0,0,0,0,0,0,11.199999999999989,7089.789220988765,6205.0
1305,L48484,L,298.8,310.0,2098,19.6,148,0,0,0,0,0,0,11.199999999999989,4306.160106324505,2900.8
1306,L48485,L,298.8,310.0,1672,30.4,150,0,0,0,0,0,0,11.199999999999989,5322.779489026162,4560.0
1307,L48486,L,298.8,310.0,1487,41.4,152,0,0,0,0,0,0,11.199999999999989,6446.73662072547,6292.8
1308,L48487,L,298.8,310.0,1423,42.1,154,0,0,0,0,0,0,11.199999999999989,6273.582505635113,6483.400000000001
1309,L48488,L,298.9,310.1,1750,25.0,156,0,0,0,0,0,0,11.200000000000045,4581.4892864851145,3900.0
1310,L48489,L,298.9,310.2,1654,31.1,158,0,0,0,0,0,0,11.300000000000011,5386.721371502227,4913.8
1311,L48490,L,298.9,310.2,1498,50.2,160,0,0,0,0,0,0,11.300000000000011,7874.8836970963675,8032.0
1312,L48491,L,298.9,310.1,1587,30.2,162,0,0,0,0,0,0,11.200000000000045,5018.945591521981,4892.4
1313,L48492,L,298.9,310.1,1473,42.6,164,0,0,0,0,0,0,11.200000000000045,6571.143689807626,6986.400000000001
1314,L48493,L,298.9,310.2,1359,56.9,166,0,0,0,0,0,0,11.300000000000011,8097.6749761134415,9445.4
1315,M16174,M,299.0,310.3,1635,34.5,168,0,0,0,0,0,0,11.300000000000011,5906.979586912208,5796.0
1316,L48495,L,299.0,310.3,1520,45.0,171,0,0,0,0,0,0,11.300000000000011,7162.831250184728,7695.0
1317,L48496,L,299.0,310.3,1507,36.7,173,0,0,0,0,0,0,11.300000000000011,5791.725024427511,6349.1
1318,L48497,L,299.0,310.3,1428,46.3,175,0,0,0,0,0,0,11.300000000000011,6923.693217393472,8102.499999999999
1319,M16178,M,299.0,310.3,1582,33.3,177,0,0,0,0,0,0,11.300000000000011,5516.699531556748,5894.099999999999
1320,L48499,L,299.0,310.3,1929,24.4,180,0,0,0,0,0,0,11.300000000000011,4928.907546070098,4392.0
1321,M16180,M,299.0,310.3,1540,38.1,182,0,0,0,0,0,0,11.300000000000011,6144.3269118909175,6934.2
1322,L48501,L,298.9,310.2,1362,53.0,185,0,0,0,0,0,0,11.300000000000011,7559.30024306776,9805.0
1323,H30736,H,298.9,310.1,1452,49.9,187,0,0,0,0,0,0,11.200000000000045,7587.448913243925,9331.3
1324,L48503,L,298.9,310.1,1361,51.7,192,0,0,0,0,0,0,11.200000000000045,7368.469433313204,9926.400000000001
1325,M16184,M,298.8,310.1,1243,74.5,194,1,0,0,1,1,0,11.300000000000011,9697.415843223413,14453.0
1326,H30739,H,298.8,310.1,1567,36.8,197,0,0,0,0,0,0,11.300000000000011,6038.727510828252,7249.599999999999
1327,L48506,L,298.9,310.2,1411,46.5,202,0,0,0,0,0,0,11.300000000000011,6870.820213033557,9393.0
1328,L48507,L,298.8,310.2,1814,26.8,204,0,0,0,0,0,0,11.399999999999977,5090.971839093284,5467.2
1329,M16188,M,298.8,310.1,1719,28.8,206,0,0,0,0,0,0,11.300000000000011,5184.381860660021,5932.8
1330,H30743,H,298.8,310.2,1663,30.4,209,0,0,0,0,0,0,11.399999999999977,5294.128164025423,6353.599999999999
1331,L48510,L,298.9,310.2,1696,30.2,214,0,0,0,0,0,0,11.300000000000011,5363.662081424877,6462.8
1332,H30745,H,298.9,310.2,1771,26.8,216,0,0,0,0,0,0,11.300000000000011,4970.292793293388,5788.8
1333,L48512,L,299.0,310.3,1868,24.0,221,0,0,0,0,0,0,11.300000000000011,4694.796061524587,5304.0
1334,M16193,M,299.0,310.3,1558,35.4,223,0,0,0,0,0,0,11.300000000000011,5775.629598065619,7894.2
1335,L48514,L,299.0,310.4,1365,49.1,226,1,0,0,0,1,0,11.399999999999977,7018.475067752277,11096.6
1336,L48515,L,299.0,310.4,1371,53.8,228,1,0,0,0,1,0,11.399999999999977,7724.108193675081,12266.4
1337,L48516,L,298.9,310.3,1583,32.6,230,0,0,0,0,0,0,11.400000000000034,5404.146738754138,7498.0
1338,H30751,H,298.7,310.2,1613,36.0,0,0,0,0,0,0,0,11.5,6080.866740288403,0.0
1339,L48518,L,298.6,310.1,1721,27.2,5,0,0,0,0,0,0,11.5,4902.057400857417,136.0
1340,M16199,M,298.6,310.2,1668,31.5,7,0,0,0,0,0,0,11.599999999999966,5502.185373497164,220.5
1341,L48520,L,298.6,310.2,1569,36.3,10,0,0,0,0,0,0,11.599999999999966,5964.282236913686,363.0
1342,M16201,M,298.6,310.2,1328,50.5,12,0,0,0,0,0,0,11.599999999999966,7022.925657344863,606.0
1343,M16202,M,298.6,310.1,1596,33.0,15,0,0,0,0,0,0,11.5,5515.380062642241,495.0
1344,L48523,L,298.5,310.2,1676,32.7,18,0,0,0,0,0,0,11.699999999999989,5739.187123283978,588.6
1345,L48524,L,298.5,310.1,1809,28.9,20,0,0,0,0,0,0,11.600000000000023,5474.759269631324,578.0
1346,L48525,L,298.5,310.0,1804,26.1,22,0,0,0,0,0,0,11.5,4930.666837956109,574.2
1347,L48526,L,298.6,310.1,1533,33.9,24,0,0,0,0,0,0,11.5,5442.149537887062,813.5999999999999
1348,L48527,L,298.7,310.2,1717,27.3,26,0,0,0,0,0,0,11.5,4908.6442734544435,709.8000000000001
1349,L48528,L,298.7,310.2,1363,45.5,28,0,0,0,0,0,0,11.5,6494.35269337838,1274.0
1350,L48529,L,298.7,310.2,1402,45.9,30,0,0,0,0,0,0,11.5,6738.9047375093205,1377.0
1351,L48530,L,298.7,310.2,1436,47.5,32,0,0,0,0,0,0,11.5,7142.934496711992,1520.0
1352,L48531,L,298.7,310.2,1525,43.7,34,0,0,0,0,0,0,11.5,6978.786280561926,1485.8000000000002
1353,M16212,M,298.7,310.2,1598,33.3,36,0,0,0,0,0,0,11.5,5572.494217084502,1198.8
1354,M16213,M,298.6,310.1,1444,48.1,39,0,0,0,0,0,0,11.5,7273.4571994931375,1875.9
1355,L48534,L,298.6,310.0,1334,48.0,42,0,0,0,0,0,0,11.399999999999977,6705.415359822054,2016.0
1356,M16215,M,298.6,310.0,1681,35.5,44,0,0,0,0,0,0,11.399999999999977,6249.203746643257,1562.0
1357,L48536,L,298.6,309.9,1593,37.4,47,0,0,0,0,0,0,11.299999999999955,6239.014514470113,1757.8
1358,L48537,L,298.6,309.9,1461,45.7,49,0,0,0,0,0,0,11.299999999999955,6991.897193902907,2239.3
1359,M16218,M,298.7,310.1,1693,31.9,51,0,0,0,0,0,0,11.400000000000034,5655.568398820928,1626.8999999999999
1360,L48539,L,298.7,310.2,1404,50.3,54,0,0,0,0,0,0,11.5,7395.434770256516,2716.2
1361,H30774,H,298.8,310.2,1707,27.6,56,0,0,0,0,0,0,11.399999999999977,4933.682766903555,1545.6000000000001
1362,M16221,M,298.6,310.1,1458,41.9,61,0,0,0,0,0,0,11.5,6397.350784211038,2555.9
1363,L48542,L,298.6,310.0,1517,41.2,64,0,0,0,0,0,0,11.399999999999977,6545.026582880783,2636.8
1364,L48543,L,298.7,310.1,1433,54.6,66,0,0,0,0,0,0,11.400000000000034,8193.462136121396,3603.6
1365,L48544,L,298.7,310.2,1566,33.1,68,0,0,0,0,0,0,11.5,5428.1066187255165,2250.8
1366,L48545,L,298.7,310.1,1676,33.5,70,0,0,0,0,0,0,11.400000000000034,5879.595370948417,2345.0
1367,M16226,M,298.7,310.1,1368,56.8,72,0,0,0,0,0,0,11.400000000000034,8136.976300209851,4089.6
1368,M16227,M,298.8,310.2,1581,37.5,75,0,0,0,0,0,0,11.399999999999977,6208.572481656828,2812.5
1369,H30782,H,298.8,310.3,1708,27.1,78,0,0,0,0,0,0,11.5,4847.142361272668,2113.8
1370,M16229,M,298.7,310.3,1481,41.5,83,0,0,0,0,0,0,11.600000000000023,6436.233229286969,3444.5
1371,L48550,L,298.7,310.3,1451,40.0,86,0,0,0,0,0,0,11.600000000000023,6077.934587145053,3440.0
1372,M16231,M,298.7,310.3,1495,38.7,88,0,0,0,0,0,0,11.600000000000023,6058.718512080596,3405.6000000000004
1373,M16232,M,298.8,310.3,1573,41.8,91,0,0,0,0,0,0,11.5,6885.470506774796,3803.7999999999997
1374,M16233,M,298.8,310.3,1366,59.0,94,0,0,0,0,0,0,11.5,8439.783944113859,5546.0
1375,L48554,L,298.8,310.3,1553,36.8,97,0,0,0,0,0,0,11.5,5984.775892990603,3569.6
1376,M16235,M,298.8,310.3,1528,37.1,99,0,0,0,0,0,0,11.5,5936.437254027369,3672.9
1377,M16236,M,298.8,310.2,1527,31.2,102,0,0,0,0,0,0,11.399999999999977,4989.100461312879,3182.4
1378,L48557,L,298.8,310.2,1461,46.7,105,0,0,0,0,0,0,11.399999999999977,7144.89275613273,4903.5
1379,H30792,H,298.8,310.2,1455,44.9,107,0,0,0,0,0,0,11.399999999999977,6841.289242089812,4804.3
1380,L48559,L,298.7,310.1,1620,34.8,112,0,0,0,0,0,0,11.400000000000034,5903.680914625938,3897.5999999999995
1381,L48560,L,298.7,310.1,1786,27.7,114,0,0,0,0,0,0,11.400000000000034,5180.716669230832,3157.7999999999997
1382,M16241,M,298.8,310.2,1583,35.7,116,0,0,0,0,0,0,11.399999999999977,5918.037993052845,4141.200000000001
1383,L48562,L,298.8,310.1,1653,30.3,119,0,0,0,0,0,0,11.300000000000011,5244.983182947767,3605.7000000000003
1384,M16243,M,298.9,310.2,1331,49.0,121,0,0,0,0,0,0,11.300000000000011,6829.71770914909,5929.0
1385,L48564,L,298.9,310.3,1484,43.8,124,0,0,0,0,0,0,11.400000000000034,6806.700306973788,5431.2
1386,M16245,M,298.9,310.2,1603,36.1,126,0,0,0,0,0,0,11.300000000000011,6059.9542051910075,4548.6
1387,L48566,L,298.9,310.2,1445,40.0,129,0,0,0,0,0,0,11.300000000000011,6052.801845916334,5160.0
1388,L48567,L,298.9,310.1,1823,26.1,131,0,0,0,0,0,0,11.200000000000045,4982.597364519948,3419.1000000000004
1389,H30802,H,298.9,310.1,1491,45.3,133,0,0,0,0,0,0,11.200000000000045,7073.013116218596,6024.9
1390,L48569,L,298.9,310.2,1533,42.8,138,0,0,0,0,0,0,11.300000000000011,6870.914460813164,5906.4
1391,L48570,L,298.9,310.2,1409,54.8,140,0,0,0,0,0,0,11.300000000000011,8085.747396005313,7672.0
1392,L48571,L,298.9,310.2,2737,8.8,142,1,0,0,1,0,0,11.300000000000011,2522.2381339100775,1249.6000000000001
1393,M16252,M,299.0,310.3,1494,46.6,144,0,0,0,0,0,0,11.300000000000011,7290.631239332762,6710.400000000001
1394,L48573,L,299.1,310.4,1594,33.3,147,0,0,0,0,0,0,11.299999999999955,5558.545545702564,4895.099999999999
1395,L48574,L,299.1,310.4,1527,44.0,149,0,0,0,0,0,0,11.299999999999955,7035.9109069797005,6556.0
1396,L48575,L,299.1,310.4,1452,39.7,151,0,0,0,0,0,0,11.299999999999955,6036.507452019716,5994.700000000001
1397,L48576,L,299.0,310.3,1483,39.2,153,0,0,0,0,0,0,11.300000000000011,6087.7363562242535,5997.6
1398,L48577,L,299.1,310.2,1569,38.2,155,0,0,0,0,0,0,11.099999999999966,6276.462298900904,5921.0
1399,L48578,L,299.1,310.3,1472,46.6,157,0,0,0,0,0,0,11.199999999999989,7183.272546384085,7316.2
1400,L48579,L,299.0,310.2,1533,43.5,159,0,0,0,0,0,0,11.199999999999989,6983.289230032071,6916.5
1401,H30814,H,298.9,310.1,1366,62.7,161,0,0,0,0,0,0,11.200000000000045,8969.058530439643,10094.7
1402,H30815,H,298.9,310.2,1532,37.7,166,0,0,0,0,0,0,11.300000000000011,6048.236064593118,6258.200000000001
1403,M16262,M,298.9,310.1,1313,56.8,171,0,0,0,0,0,0,11.200000000000045,7809.8317852160335,9712.8
1404,L48583,L,299.0,310.2,1372,48.0,174,0,0,0,0,0,0,11.199999999999989,6896.424193160314,8352.0
1405,M16264,M,298.9,310.1,1555,40.6,176,0,0,0,0,0,0,11.200000000000045,6611.27229996948,7145.6
1406,L48585,L,298.9,310.1,1394,42.7,179,0,0,0,0,0,0,11.200000000000045,6233.317759791605,7643.3
1407,L48586,L,298.9,310.1,1442,48.0,181,0,0,0,0,0,0,11.200000000000045,7248.28257036237,8688.0
1408,L48587,L,298.9,310.0,1564,33.8,183,0,0,0,0,0,0,11.100000000000023,5535.821358841597,6185.4
1409,L48588,L,298.9,310.0,1452,48.9,185,0,0,0,0,0,0,11.100000000000023,7435.3958288101785,9046.5
1410,L48589,L,298.9,310.1,1466,42.5,187,0,0,0,0,0,0,11.200000000000045,6524.564342730402,7947.5
1411,M16270,M,298.9,310.1,1469,53.2,189,0,0,0,0,0,0,11.200000000000045,8183.932638405507,10054.800000000001
1412,L48591,L,298.9,310.1,1944,23.4,192,0,0,0,0,0,0,11.200000000000045,4763.659772491274,4492.799999999999
1413,M16272,M,298.8,309.9,1415,53.2,194,0,0,0,0,0,0,11.099999999999966,7883.093725897748,10320.800000000001
1414,M16273,M,298.7,309.8,1528,36.7,197,0,0,0,0,0,0,11.100000000000023,5872.432539698233,7229.900000000001
1415,M16274,M,298.7,309.8,1570,42.1,200,0,0,0,0,0,0,11.100000000000023,6921.661654144152,8420.0
1416,L48595,L,298.7,309.9,1617,33.0,203,0,0,0,0,0,0,11.199999999999989,5587.950852940165,6699.0
1417,M16276,M,298.7,309.9,2083,18.2,205,0,0,0,0,0,0,11.199999999999989,3969.9887484393735,3731.0
1418,L48597,L,298.7,309.9,1541,38.5,208,0,0,0,0,0,0,11.199999999999989,6212.865991616734,8008.0
1419,L48598,L,298.8,309.9,1320,47.4,210,0,0,0,0,0,0,11.099999999999966,6552.105638326872,9954.0
1420,L48599,L,298.7,309.8,1354,53.3,212,1,0,0,0,1,0,11.100000000000023,7557.43623142663,11299.599999999999
1421,M16280,M,298.8,309.9,1495,35.2,214,0,0,0,0,0,0,11.099999999999966,5510.772393416976,7532.8
1422,L48601,L,298.7,309.8,1589,31.8,217,0,0,0,0,0,0,11.100000000000023,5291.510170147432,6900.6
1423,L48602,L,298.7,309.8,1530,35.5,0,0,0,0,0,0,0,11.100000000000023,5687.85349932432,0.0
1424,L48603,L,298.7,309.8,1539,33.4,2,0,0,0,0,0,0,11.100000000000023,5382.8676845138225,66.8
1425,L48604,L,298.7,309.7,1462,46.8,4,0,0,0,0,0,0,11.0,7165.093196895312,187.2
1426,L48605,L,298.6,309.7,1356,54.0,6,0,0,0,0,0,0,11.099999999999966,7667.999348881966,324.0
1427,M16286,M,298.7,309.7,1622,34.6,8,0,0,0,0,0,0,11.0,5876.9983210214505,276.8
1428,L48607,L,298.7,309.8,1394,40.3,11,0,0,0,0,0,0,11.100000000000023,5882.96734706327,443.29999999999995
1429,L48608,L,298.8,309.9,1568,33.7,13,0,0,0,0,0,0,11.099999999999966,5533.559412131014,438.1
1430,M16289,M,298.9,310.0,1456,43.8,15,0,0,0,0,0,0,11.100000000000023,6678.271999295038,657.0
1431,L48610,L,298.9,310.0,1378,49.3,18,0,0,0,0,0,0,11.100000000000023,7114.178451956133,887.4
1432,M16291,M,298.9,309.9,1404,41.4,20,0,0,0,0,0,0,11.0,6086.898598183296,828.0
1433,L48612,L,298.8,309.8,1437,42.8,23,0,0,0,0,0,0,11.0,6440.6419309775065,984.4
1434,L48613,L,298.8,309.8,1363,44.0,25,0,0,0,0,0,0,11.0,6280.253154036235,1100.0
1435,M16294,M,298.8,309.8,1377,49.6,27,0,0,0,0,0,0,11.0,7152.275498868666,1339.2
1436,H30849,H,298.8,309.9,1526,42.1,30,0,0,0,0,0,0,11.099999999999966,6727.678779760494,1263.0
1437,H30850,H,298.8,309.8,1510,44.2,35,0,0,0,0,0,0,11.0,6989.205896196332,1547.0
1438,H30851,H,298.8,309.9,1439,45.2,40,1,0,0,0,0,0,11.099999999999966,6811.266088297007,1808.0
1439,L48618,L,298.8,309.9,1482,39.1,45,0,0,0,0,0,0,11.099999999999966,6068.111874114829,1759.5
1440,M16299,M,298.8,309.8,1534,37.0,47,0,0,0,0,0,0,11.0,5943.683861081649,1739.0
1441,M16300,M,298.8,309.9,1741,27.7,50,0,0,0,0,0,0,11.099999999999966,5050.183494474176,1385.0
1442,L48621,L,298.8,309.9,1550,38.8,53,0,0,0,0,0,0,11.099999999999966,6297.846072896337,2056.3999999999996
1443,M16302,M,298.8,310.0,1486,38.5,55,0,0,0,0,0,0,11.199999999999989,5991.121910150855,2117.5
1444,L48623,L,298.9,310.1,1602,38.2,58,0,0,0,0,0,0,11.200000000000045,6408.472022204747,2215.6000000000004
1445,L48624,L,299.0,310.2,1477,37.9,60,0,0,0,0,0,0,11.199999999999989,5862.03386801485,2274.0
1446,L48625,L,299.0,310.1,1618,29.2,62,0,0,0,0,0,0,11.100000000000023,4947.547662481397,1810.3999999999999
1447,M16306,M,299.0,310.2,1628,35.8,64,0,0,0,0,0,0,11.199999999999989,6103.318655786058,2291.2
1448,M16307,M,299.0,310.3,1662,33.6,67,0,0,0,0,0,0,11.300000000000011,5847.886229098185,2251.2000000000003
1449,M16308,M,299.0,310.3,1657,31.0,70,0,0,0,0,0,0,11.300000000000011,5379.139661231563,2170.0
1450,H30863,H,299.0,310.4,1677,30.8,73,0,0,0,0,0,0,11.399999999999977,5408.942903538618,2248.4
1451,M16310,M,299.0,310.3,1447,39.9,78,0,0,0,0,0,0,11.300000000000011,6046.026477760092,3112.2
1452,L48631,L,298.9,310.4,1831,25.4,81,0,0,0,0,0,0,11.5,4870.243539252064,2057.4
1453,L48632,L,299.0,310.3,1584,34.4,83,0,0,0,0,0,0,11.300000000000011,5706.137568568212,2855.2
1454,L48633,L,299.1,310.4,1450,40.9,85,0,0,0,0,0,0,11.299999999999955,6210.4050773714225,3476.5
1455,L48634,L,299.1,310.4,1428,46.9,87,0,0,0,0,0,0,11.299999999999955,7013.417103579997,4080.2999999999997
1456,L48635,L,299.0,310.4,1382,53.0,89,0,0,0,0,0,0,11.399999999999977,7670.3031834946,4717.0
1457,L48636,L,299.0,310.3,1501,43.0,91,0,0,0,0,0,0,11.300000000000011,6758.9271546882,3913.0
1458,L48637,L,299.0,310.3,1475,42.4,93,0,0,0,0,0,0,11.300000000000011,6549.173485183522,3943.2
1459,L48638,L,298.9,310.3,1364,54.0,95,0,0,0,0,0,0,11.400000000000034,7713.238283093659,5130.0
1460,L48639,L,299.0,310.3,1472,36.1,97,0,0,0,0,0,0,11.300000000000011,5564.724011254625,3501.7000000000003
1461,L48640,L,299.0,310.3,1437,47.8,99,0,0,0,0,0,0,11.300000000000011,7193.053371512261,4732.2
1462,L48641,L,298.9,310.2,1491,45.1,101,0,0,0,0,0,0,11.300000000000011,7041.785685241914,4555.1
1463,L48642,L,298.9,310.2,1706,27.6,103,0,0,0,0,0,0,11.300000000000011,4930.792501662252,2842.8
1464,L48643,L,298.8,310.1,1607,39.5,105,0,0,0,0,0,0,11.300000000000011,6647.243535853083,4147.5
1465,L48644,L,298.8,310.0,1412,46.3,107,0,0,0,0,0,0,11.199999999999989,6846.116822800829,4954.099999999999
1466,L48645,L,298.7,309.8,1546,40.9,109,0,0,0,0,0,0,11.100000000000023,6621.576723873254,4458.099999999999
1467,L48646,L,298.7,309.8,1365,50.5,111,0,0,0,0,0,0,11.100000000000023,7218.594519785946,5605.5
1468,L48647,L,298.6,309.8,1544,30.2,113,0,0,0,0,0,0,11.199999999999989,4882.956517523591,3412.6
1469,M16328,M,298.6,309.8,1419,44.9,115,0,0,0,0,0,0,11.199999999999989,6672.020229914395,5163.5
1470,L48649,L,298.6,309.8,1497,41.6,118,0,0,0,0,0,0,11.199999999999989,6521.4436940278365,4908.8
1471,L48650,L,298.5,309.7,1437,42.6,120,0,0,0,0,0,0,11.199999999999989,6410.545473356116,5112.0
1472,L48651,L,298.5,309.6,1421,53.6,122,0,0,0,0,0,0,11.100000000000023,7976.042980541958,6539.2
1473,M16332,M,298.5,309.6,1438,44.5,124,0,0,0,0,0,0,11.100000000000023,6701.121849862148,5518.0
1474,M16333,M,298.5,309.5,1315,48.9,127,0,0,0,0,0,0,11.0,6733.846773337042,6210.3
1475,M16334,M,298.5,309.5,1366,61.9,130,0,0,0,0,0,0,11.0,8854.620782044878,8047.0
1476,M16335,M,298.4,309.5,1519,35.4,133,0,0,0,0,0,0,11.100000000000023,5631.053504147417,4708.2
1477,L48656,L,298.4,309.5,1692,28.3,136,0,0,0,0,0,0,11.100000000000023,5014.3588662477405,3848.8
1478,L48657,L,298.3,309.4,1570,35.6,138,0,0,0,0,0,0,11.099999999999966,5852.996553148024,4912.8
1479,L48658,L,298.3,309.4,1568,35.8,140,0,0,0,0,0,0,11.099999999999966,5878.380621789029,5012.0
1480,L48659,L,298.2,309.3,1355,43.8,142,0,0,0,0,0,0,11.100000000000023,6215.012746596687,6219.599999999999
1481,M16340,M,298.2,309.3,2056,18.7,144,0,0,0,0,0,0,11.100000000000023,4026.1813690365825,2692.7999999999997
1482,M16341,M,298.2,309.2,1332,60.2,147,0,0,0,0,0,0,11.0,8397.100171927086,8849.4
1483,M16342,M,298.1,309.1,1448,52.5,150,0,0,0,0,0,0,11.0,7960.795784196535,7875.0
1484,L48663,L,298.0,308.9,1578,35.6,153,0,0,0,0,0,0,10.899999999999977,5882.820739406103,5446.8
1485,M16344,M,298.0,309.0,1562,39.2,155,0,0,0,0,0,0,11.0,6412.032493878815,6076.0
1486,M16345,M,298.1,309.0,1976,19.3,158,0,0,0,0,0,0,10.899999999999977,3993.676357047441,3049.4
1487,M16346,M,298.2,309.2,1524,34.6,161,0,0,0,0,0,0,11.0,5521.914575361708,5570.6
1488,L48667,L,298.2,309.1,1429,48.5,164,0,0,0,0,0,0,10.900000000000034,7257.7597082007,7954.0
1489,L48668,L,298.2,309.1,1568,36.3,166,0,0,0,0,0,0,10.900000000000034,5960.480909802842,6025.799999999999
1490,M16349,M,298.2,309.0,1723,26.6,168,0,0,0,0,0,0,10.800000000000011,4799.4948726932225,4468.8
1491,L48670,L,298.2,309.0,1341,43.8,171,0,0,0,0,0,0,10.800000000000011,6150.798592757312,7489.799999999999
1492,M16351,M,298.1,308.9,1353,46.2,173,0,0,0,0,0,0,10.799999999999955,6545.885284872765,7992.6
1493,M16352,M,298.0,308.7,1479,58.5,176,1,0,0,1,0,0,10.699999999999989,9060.510292585643,10296.0
1494,L48673,L,298.0,308.8,1496,44.9,179,0,0,0,0,0,0,10.800000000000011,7034.067839289593,8037.099999999999
1495,M16354,M,298.0,308.7,1377,48.5,181,0,0,0,0,0,0,10.699999999999989,6993.656485788918,8778.5
1496,H30909,H,297.9,308.5,1383,44.6,184,0,0,0,0,0,0,10.600000000000023,6459.30299133983,8206.4
1497,L48676,L,298.0,308.7,1268,69.4,189,1,0,0,1,1,0,10.699999999999989,9215.254674725966,13116.6
1498,L48677,L,298.0,308.7,1629,34.3,191,0,0,0,0,0,0,10.699999999999989,5851.184901384453,6551.299999999999
1499,L48678,L,298.0,308.8,1790,27.2,193,0,0,0,0,0,0,10.800000000000011,5098.595437265994,5249.599999999999
1500,M16359,M,298.1,308.8,2206,16.3,195,0,0,0,0,0,0,10.699999999999989,3765.492010641702,3178.5
1501,M16360,M,298.0,308.7,2101,17.4,198,0,0,0,0,0,0,10.699999999999989,3828.2819758114492,3445.2
1502,M16361,M,298.0,308.7,1436,48.2,201,0,0,0,0,0,0,10.699999999999989,7248.198794558274,9688.2
1503,L48682,L,298.0,308.7,1462,48.2,204,0,0,0,0,0,0,10.699999999999989,7379.433591674233,9832.800000000001
1504,L48683,L,298.0,308.7,1771,26.2,206,0,0,0,0,0,0,10.699999999999989,4859.017581503237,5397.2
1505,L48684,L,298.0,308.7,1506,47.0,208,0,0,0,0,0,0,10.699999999999989,7412.273706879758,9776.0
1506,L48685,L,298.0,308.7,1626,36.7,210,0,0,0,0,0,0,10.699999999999989,6249.0676109616015,7707.000000000001
1507,L48686,L,298.0,308.8,1610,33.7,212,0,0,0,0,0,0,10.800000000000011,5681.77975352738,7144.400000000001
1508,M16367,M,298.0,308.6,1376,55.7,214,0,0,0,0,0,0,10.600000000000023,8026.057135587107,11919.800000000001
1509,M16368,M,298.0,308.6,1507,37.3,217,0,0,0,0,0,0,10.600000000000023,5886.412627006707,8094.099999999999
1510,L48689,L,298.0,308.5,1429,37.7,220,1,1,0,0,0,0,10.5,5641.598783487967,8294.0
1511,M16370,M,298.1,308.7,1547,38.9,0,0,0,0,0,0,0,10.599999999999966,6301.856839517421,0.0
1512,L48691,L,298.1,308.7,1642,30.3,3,0,0,0,0,0,0,10.599999999999966,5210.080088566384,90.9
1513,H30926,H,298.0,308.7,1503,36.3,5,0,0,0,0,0,0,10.699999999999989,5713.394647598005,181.5
1514,L48693,L,298.1,308.7,1568,32.9,10,0,0,0,0,0,0,10.599999999999966,5402.198951308912,329.0
1515,M16374,M,298.1,308.8,1628,37.6,12,0,0,0,0,0,0,10.699999999999989,6410.18942618871,451.20000000000005
1516,M16375,M,298.2,308.9,1614,35.5,15,0,0,0,0,0,0,10.699999999999989,6000.1278090911455,532.5
1517,L48696,L,298.2,308.9,1278,54.0,18,0,0,0,0,0,0,10.699999999999989,7226.91974031796,972.0
1518,M16377,M,298.2,308.9,1408,38.8,20,0,0,0,0,0,0,10.699999999999989,5720.88211008906,776.0
1519,H30932,H,298.2,309.0,1371,55.7,23,0,0,0,0,0,0,10.800000000000011,7996.892683786282,1281.1000000000001
1520,M16379,M,298.2,308.9,1512,38.5,28,0,0,0,0,0,0,10.699999999999989,6095.946385025634,1078.0
1521,L48700,L,298.3,309.1,1472,40.1,31,0,0,0,0,0,0,10.800000000000011,6181.313929399182,1243.1000000000001
1522,M16381,M,298.2,308.9,1585,34.3,33,0,0,0,0,0,0,10.699999999999989,5693.141846957862,1131.8999999999999
1523,H30936,H,298.2,309.0,1562,37.7,36,0,0,0,0,0,0,10.800000000000011,6166.674107633453,1357.2
1524,L48703,L,298.3,309.0,1519,36.9,41,0,0,0,0,0,0,10.699999999999989,5869.657466187561,1512.8999999999999
1525,L48704,L,298.2,309.0,1601,35.8,43,0,0,0,0,0,0,10.800000000000011,6002.096540487395,1539.3999999999999
1526,L48705,L,298.2,309.0,2449,13.8,45,0,0,0,0,0,0,10.800000000000011,3539.129787975046,621.0
1527,L48706,L,298.1,309.0,1787,27.6,47,0,0,0,0,0,0,10.899999999999977,5164.903986207763,1297.2
1528,H30941,H,298.1,309.1,1425,44.5,49,0,0,0,0,0,0,11.0,6640.541471525425,2180.5
1529,L48708,L,298.1,309.0,1559,34.0,54,0,0,0,0,0,0,10.899999999999977,5550.775339872685,1836.0
1530,L48709,L,298.1,309.0,1557,36.0,56,0,0,0,0,0,0,10.899999999999977,5869.751713967169,2016.0
1531,L48710,L,298.1,309.0,1497,40.5,58,0,0,0,0,0,0,10.899999999999977,6349.0016732722925,2349.0
1532,H30945,H,298.1,309.0,1438,41.4,60,0,0,0,0,0,0,10.899999999999977,6234.3021254897285,2484.0
1533,M16392,M,298.1,308.9,1417,39.2,65,0,0,0,0,0,0,10.799999999999955,5816.805405778669,2548.0
1534,M16393,M,298.0,308.9,1339,51.4,68,0,0,0,0,0,0,10.899999999999977,7207.2952582085345,3495.2
1535,L48714,L,298.0,308.8,1757,29.1,71,0,0,0,0,0,0,10.800000000000011,5354.184943586549,2066.1
1536,L48715,L,298.0,308.8,1581,36.1,73,0,0,0,0,0,0,10.800000000000011,5976.7857756749745,2635.3
1537,M16396,M,298.2,308.9,1326,54.4,75,0,0,0,0,0,0,10.699999999999989,7553.8967037035845,4080.0
1538,M16397,M,298.4,309.1,1467,39.6,78,0,0,0,0,0,0,10.700000000000045,6083.505678117419,3088.8
1539,L48718,L,298.4,309.1,1798,29.6,81,0,0,0,0,0,0,10.700000000000045,5573.269143272389,2397.6
1540,M16399,M,298.5,309.2,1449,46.4,83,0,0,0,0,0,0,10.699999999999989,7040.6861278131555,3851.2
1541,M16400,M,298.4,309.1,1525,39.3,86,0,0,0,0,0,0,10.700000000000045,6276.1167237090085,3379.7999999999997
1542,L48721,L,298.4,309.0,2304,15.1,89,0,0,0,0,0,0,10.600000000000023,3643.242168515011,1343.8999999999999
1543,L48722,L,298.3,308.9,1379,54.7,91,0,0,0,0,0,0,10.599999999999966,7899.147264357592,4977.7
1544,L48723,L,298.4,308.9,1628,34.9,93,0,0,0,0,0,0,10.5,5949.883270584733,3245.7
1545,L48724,L,298.4,309.0,1474,52.7,95,0,0,0,0,0,0,10.600000000000023,8134.609633744147,5006.5
1546,M16405,M,298.4,309.0,1544,38.8,97,0,0,0,0,0,0,10.600000000000023,6273.467313904482,3763.6
1547,L48726,L,298.4,308.9,1391,48.4,100,0,0,0,0,0,0,10.5,7050.194681578021,4840.0
1548,L48727,L,298.3,308.9,1348,55.5,102,0,0,0,0,0,0,10.599999999999966,7834.503759522226,5661.0
1549,M16408,M,298.3,308.8,1349,52.1,104,0,0,0,0,0,0,10.5,7360.008077099536,5418.400000000001
1550,L48729,L,298.4,308.9,1706,29.5,107,0,0,0,0,0,0,10.5,5270.231115907117,3156.5
1551,L48730,L,298.4,308.9,1638,32.4,109,0,0,0,0,0,0,10.5,5557.603067906487,3531.6
1552,L48731,L,298.4,308.8,1458,40.1,111,0,0,0,0,0,0,10.400000000000034,6122.524258875004,4451.1
1553,L48732,L,298.5,308.9,1781,27.8,113,0,0,0,0,0,0,10.399999999999977,5184.86357153357,3141.4
1554,L48733,L,298.5,308.8,1332,59.1,115,0,0,0,0,0,0,10.300000000000011,8243.66478672576,6796.5
1555,M16414,M,298.4,308.7,1584,31.7,117,0,0,0,0,0,0,10.300000000000011,5258.272119872451,3708.9
1556,L48735,L,298.4,308.6,1491,42.0,120,0,0,0,0,0,0,10.200000000000045,6557.760505103334,5040.0
1557,H30970,H,298.4,308.5,1398,47.1,122,0,0,0,0,0,0,10.100000000000023,6895.356051658094,5746.2
1558,L48737,L,298.3,308.4,1585,30.6,127,0,0,0,0,0,0,10.099999999999966,5079.012843058618,3886.2000000000003
1559,M16418,M,298.2,308.3,1476,43.5,129,0,0,0,0,0,0,10.100000000000023,6723.636597212875,5611.5
1560,L48739,L,298.2,308.3,1458,41.8,132,0,0,0,0,0,0,10.100000000000023,6382.082643914592,5517.599999999999
1561,M16420,M,298.2,308.4,1510,39.9,134,0,0,0,0,0,0,10.199999999999989,6309.260526204382,5346.599999999999
1562,L48741,L,298.2,308.4,1388,53.8,137,0,0,0,0,0,0,10.199999999999989,7819.88488170752,7370.599999999999
1563,L48742,L,298.2,308.3,2216,16.8,139,0,0,0,0,0,0,10.100000000000023,3898.59081939879,2335.2000000000003
1564,L48743,L,298.2,308.3,1402,51.0,141,0,0,0,0,0,0,10.100000000000023,7487.671930565913,7191.0
1565,M16424,M,298.0,308.2,2090,19.0,143,0,0,0,0,0,0,10.199999999999989,4158.42147580169,2717.0
1566,L48745,L,298.0,308.2,1459,42.1,146,0,0,0,0,0,0,10.199999999999989,6432.29576649447,6146.6
1567,M16426,M,298.0,308.1,1403,44.8,148,0,0,0,0,0,0,10.100000000000023,6582.097376193142,6630.4
1568,L48747,L,298.1,308.2,1521,39.3,151,0,0,0,0,0,0,10.099999999999966,6259.654778204198,5934.299999999999
1569,L48748,L,298.2,308.2,1407,47.1,153,0,0,0,0,0,0,10.0,6939.746755853316,7206.3
1570,M16429,M,298.1,308.2,1654,35.3,155,0,0,0,0,0,0,10.099999999999966,6114.188566367478,5471.5
1571,L48750,L,298.2,308.4,1452,43.5,158,0,0,0,0,0,0,10.199999999999989,6614.30917286795,6873.0
1572,L48751,L,298.3,308.4,1528,37.3,160,0,0,0,0,0,0,10.099999999999966,5968.439611191936,5968.0
1573,L48752,L,298.2,308.3,1230,59.6,162,0,0,0,0,0,0,10.100000000000023,7676.795808312018,9655.2
1574,L48753,L,298.2,308.2,1466,42.4,164,0,0,0,0,0,0,10.0,6509.21242662986,6953.599999999999
1575,L48754,L,298.2,308.2,1478,50.1,166,0,0,0,0,0,0,10.0,7754.267483149542,8316.6
1576,L48755,L,298.2,308.3,2057,18.0,168,0,0,0,0,0,0,10.100000000000023,3877.3536530605224,3024.0
1577,L48756,L,298.3,308.4,1490,41.7,170,0,0,0,0,0,0,10.099999999999966,6506.552544849821,7089.000000000001
1578,L48757,L,298.3,308.4,1484,43.4,172,0,0,0,0,0,0,10.099999999999966,6744.538660334759,7464.8
1579,L48758,L,298.3,308.4,1593,37.0,174,0,0,0,0,0,0,10.099999999999966,6172.287086507867,6438.0
1580,L48759,L,298.3,308.3,1444,43.8,176,0,0,0,0,0,0,10.0,6623.2312960041445,7708.799999999999
1581,M16440,M,298.3,308.4,1444,47.5,178,0,0,0,0,0,0,10.099999999999966,7182.728003657463,8455.0
1582,M16441,M,298.2,308.3,1560,33.0,181,0,0,0,0,0,0,10.100000000000023,5390.972993560084,5973.0
1583,H30996,H,298.1,308.3,1530,42.0,184,0,0,0,0,0,0,10.199999999999989,6729.291463989337,7728.0
1584,L48763,L,298.2,308.4,1310,61.0,189,1,0,0,0,1,0,10.199999999999989,8368.155631612011,11529.0
1585,M16444,M,298.2,308.3,1639,33.3,191,0,0,0,0,0,0,10.100000000000023,5715.468098749374,6360.299999999999
1586,L48765,L,298.2,308.3,1400,48.7,194,0,0,0,0,0,0,10.100000000000023,7139.792904058403,9447.800000000001
1587,M16446,M,298.3,308.4,1486,44.2,196,0,0,0,0,0,0,10.099999999999966,6878.119179965397,8663.2
1588,M16447,M,298.2,308.3,1448,43.3,199,0,0,0,0,0,0,10.100000000000023,6565.761094394476,8616.699999999999
1589,L48768,L,298.2,308.3,1688,32.0,202,0,0,0,0,0,0,10.100000000000023,5656.542292543542,6464.0
1590,M16449,M,298.1,308.3,1453,41.5,204,0,0,0,0,0,0,10.199999999999989,6314.5488738379245,8466.0
1591,L48770,L,298.2,308.4,1497,37.7,207,0,0,0,0,0,0,10.199999999999989,5910.058347712727,7803.900000000001
1592,L48771,L,298.2,308.4,1355,49.4,209,0,0,0,0,0,0,10.199999999999989,7009.626248444666,10324.6
1593,L48772,L,298.1,308.4,1592,38.2,211,0,0,0,0,0,0,10.299999999999955,6368.469075749037,8060.200000000001
1594,L48773,L,298.0,308.3,1544,34.7,213,0,0,0,0,0,0,10.300000000000011,5610.549376094988,7391.1
1595,M16454,M,298.0,308.2,1373,51.2,215,0,0,0,0,0,0,10.199999999999989,7361.547457499795,11008.0
1596,L48775,L,298.0,308.2,1365,52.9,218,1,0,0,0,1,0,10.199999999999989,7561.656437557952,11532.199999999999
1597,L48776,L,298.0,308.1,1877,24.3,0,0,0,0,0,0,0,10.100000000000023,4776.383222738314,0.0
1598,L48777,L,297.9,308.1,1531,40.8,2,0,0,0,0,0,0,10.200000000000045,6541.298559598523,81.6
1599,L48778,L,297.9,308.0,1501,36.7,4,0,0,0,0,0,0,10.100000000000023,5768.665734350162,146.8
1600,L48779,L,297.9,308.0,1490,46.2,6,0,0,0,0,0,0,10.100000000000023,7208.698502927139,277.20000000000005
1601,M16460,M,297.8,307.8,1543,43.7,8,0,0,0,0,0,0,10.0,7061.158839939051,349.6
1602,L48781,L,297.8,307.8,1597,38.2,11,0,0,0,0,0,0,10.0,6388.470548976892,420.20000000000005
1603,H31016,H,297.8,307.9,1600,33.5,13,0,0,0,0,0,0,10.099999999999966,5612.978874413763,435.5
1604,M16463,M,297.8,307.8,1622,32.1,18,0,0,0,0,0,0,10.0,5452.35971401123,577.8000000000001
1605,L48784,L,297.8,307.8,1452,39.8,21,0,0,0,0,0,0,10.0,6051.71276046309,835.8
1606,L48785,L,297.8,307.8,1396,42.5,23,0,0,0,0,0,0,10.0,6213.023071249414,977.5
1607,L48786,L,297.8,307.7,1505,39.7,25,0,0,0,0,0,0,9.899999999999977,6256.8482887669925,992.5000000000001
1608,L48787,L,297.8,307.8,1412,48.3,27,0,0,0,0,0,0,10.0,7141.845411258747,1304.1
1609,L48788,L,297.8,307.7,1393,38.0,29,0,0,0,0,0,0,9.899999999999977,5543.23551750407,1102.0
1610,L48789,L,297.7,307.7,1581,34.9,31,0,0,0,0,0,0,10.0,5778.111456261954,1081.8999999999999
1611,L48790,L,297.8,307.8,1573,37.9,33,0,0,0,0,0,0,10.0,6243.04622504222,1250.7
1612,M16471,M,297.8,307.9,1726,27.3,35,0,0,0,0,0,0,10.099999999999966,4934.373917287345,955.5
1613,M16472,M,297.9,307.9,1540,39.8,38,0,0,0,0,0,0,10.0,6418.483230794186,1512.3999999999999
1614,L48793,L,297.9,308.0,1296,62.9,41,0,0,0,0,0,0,10.100000000000023,8536.586885746472,2578.9
1615,M16474,M,297.8,307.9,1802,25.8,43,0,0,0,0,0,0,10.099999999999966,4868.5889671211735,1109.4
1616,L48795,L,297.8,307.9,1447,48.6,46,0,0,0,0,0,0,10.099999999999966,7364.333002985977,2235.6
1617,H31030,H,297.8,307.8,1662,30.7,48,0,0,0,0,0,0,10.0,5343.157953372448,1473.6
1618,L48797,L,297.8,307.8,1563,34.3,53,0,0,0,0,0,0,10.0,5614.1203197445675,1817.8999999999999
1619,L48798,L,297.9,307.8,1286,59.5,55,0,0,0,0,0,0,9.900000000000034,8012.841502491006,3272.5
1620,L48799,L,297.9,307.7,1590,34.6,57,0,0,0,0,0,0,9.800000000000011,5761.052608152962,1972.2
1621,L48800,L,297.9,307.7,1492,43.7,59,0,0,0,0,0,0,9.800000000000011,6827.769921703864,2578.3
1622,L48801,L,297.7,307.6,1844,21.9,61,0,0,0,0,0,0,9.900000000000034,4228.960702850292,1335.8999999999999
1623,H31036,H,297.7,307.6,1538,38.3,63,0,0,0,0,0,0,9.900000000000034,6168.559063225605,2412.8999999999996
1624,L48803,L,297.7,307.6,1921,22.9,68,0,0,0,0,0,0,9.900000000000034,4606.71627549344,1557.1999999999998
1625,M16484,M,297.8,307.8,1310,57.9,70,0,0,0,0,0,0,10.0,7942.888706071074,4053.0
1626,L48805,L,297.9,307.8,1365,46.9,73,0,0,0,0,0,0,9.900000000000034,6704.001643127939,3423.7
1627,M16486,M,297.9,307.8,1303,59.3,75,0,0,0,0,0,0,9.900000000000034,8091.475566610358,4447.5
1628,L48807,L,297.9,307.8,1499,37.5,78,0,0,0,0,0,0,9.900000000000034,5886.559234663875,2925.0
1629,L48808,L,297.9,307.8,1451,38.2,80,0,0,0,0,0,0,9.900000000000034,5804.427530723526,3056.0
1630,M16489,M,297.9,307.9,1336,54.4,82,0,0,0,0,0,0,10.0,7610.864250488679,4460.8
1631,L48810,L,297.9,307.9,1412,44.5,85,0,0,0,0,0,0,10.0,6579.961093188702,3782.5
1632,L48811,L,298.0,308.0,1433,39.2,87,0,0,0,0,0,0,10.0,5882.48563618972,3410.4
1633,L48812,L,297.9,307.9,1426,43.6,89,0,0,0,0,0,0,10.0,6510.804166907678,3880.4
1634,L48813,L,297.9,307.9,1476,45.2,91,0,0,0,0,0,0,10.0,6986.399406759125,4113.2
1635,H31048,H,297.9,307.9,1406,58.5,93,0,0,0,0,0,0,10.0,8613.304578347135,5440.5
1636,L48815,L,297.8,307.8,1383,56.5,98,0,0,0,0,0,0,10.0,8182.749305172654,5537.0
1637,L48816,L,297.9,307.8,1505,37.3,100,0,0,0,0,0,0,9.900000000000034,5878.60053327478,3729.9999999999995
1638,L48817,L,297.9,307.8,1665,33.9,102,0,0,0,0,0,0,9.900000000000034,5910.749498096516,3457.7999999999997
1639,L48818,L,297.9,307.8,1397,45.0,104,0,0,0,0,0,0,9.900000000000034,6583.207405597411,4680.0
1640,M16499,M,297.9,307.8,1450,43.5,106,0,0,0,0,0,0,9.900000000000034,6605.19855417254,4611.0
1641,L48820,L,298.0,307.8,1567,36.4,109,0,0,0,0,0,0,9.800000000000011,5973.089168319249,3967.6
1642,M16501,M,298.0,308.0,1555,37.0,111,0,0,0,0,0,0,10.0,6025.051110809624,4107.0
1643,H31056,H,298.0,307.8,1588,35.4,114,0,0,0,0,0,0,9.800000000000011,5886.841978002697,4035.6
1644,L48823,L,298.0,307.8,1453,37.7,119,0,0,0,0,0,0,9.800000000000011,5736.349217920235,4486.3
1645,L48824,L,298.0,307.8,1622,33.3,121,0,0,0,0,0,0,9.800000000000011,5656.186245376135,4029.2999999999997
1646,L48825,L,297.9,307.8,1538,38.5,123,0,0,0,0,0,0,9.900000000000034,6200.770859900414,4735.5
1647,M16506,M,297.9,307.7,1527,42.8,125,0,0,0,0,0,0,9.800000000000011,6844.022427698435,5350.0
1648,L48827,L,297.8,307.8,1761,28.9,128,0,0,0,0,0,0,10.0,5329.492025329332,3699.2
1649,L48828,L,297.9,307.8,1373,50.2,130,0,0,0,0,0,0,9.900000000000034,7217.767233720502,6526.0
1650,H31063,H,298.0,307.9,1482,37.8,132,0,0,0,0,0,0,9.899999999999977,5866.358793901292,4989.599999999999
1651,M16510,M,298.0,307.9,1417,51.0,137,0,0,0,0,0,0,9.899999999999977,7567.782543232453,6987.0
1652,L48831,L,298.0,307.8,1414,51.7,140,0,0,0,0,0,0,9.800000000000011,7655.412034316584,7238.0
1653,H31066,H,297.9,307.8,1635,34.0,142,0,0,0,0,0,0,9.900000000000034,5821.371187101887,4828.0
1654,L48833,L,298.0,307.8,1386,57.3,147,0,0,0,0,0,0,9.800000000000011,8316.612568142116,8423.1
1655,L48834,L,298.2,308.1,1379,62.3,149,0,0,0,0,0,0,9.900000000000034,8996.652185913674,9282.699999999999
1656,M16515,M,298.2,308.0,1577,35.9,151,0,0,0,0,0,0,9.800000000000011,5928.6356322709535,5420.9
1657,L48836,L,298.2,308.1,1532,42.5,154,0,0,0,0,0,0,9.900000000000034,6818.303255841048,6545.0
1658,M16517,M,298.1,308.0,1374,48.8,156,0,0,0,0,0,0,9.899999999999977,7021.585244479331,7612.799999999999
1659,H31072,H,298.1,308.0,1570,35.3,159,0,0,0,0,0,0,9.899999999999977,5803.673548486663,5612.7
1660,L48839,L,298.1,308.0,1697,31.0,164,0,0,0,0,0,0,9.899999999999977,5508.992157579942,5084.0
1661,L48840,L,298.2,308.0,1499,44.1,166,0,0,0,0,0,0,9.800000000000011,6922.5936599647175,7320.6
1662,M16521,M,298.2,308.0,1411,47.2,168,0,0,0,0,0,0,9.800000000000011,6974.251915165244,7929.6
1663,H31076,H,298.2,307.9,1462,45.5,171,0,0,0,0,0,0,9.699999999999989,6966.062830314887,7780.5
1664,M16523,M,298.1,307.9,1759,28.6,176,0,0,0,0,0,0,9.799999999999955,5268.178608706772,5033.6
1665,L48844,L,298.2,308.0,1535,38.0,179,0,0,0,0,0,0,9.800000000000011,6108.303316129754,6802.0
1666,H31079,H,298.2,307.9,1491,39.7,181,0,0,0,0,0,0,9.699999999999989,6198.645048871485,7185.700000000001
1667,L48846,L,298.2,307.9,1551,36.0,186,0,0,0,0,0,0,9.699999999999989,5847.1322468613225,6696.0
1668,L48847,L,298.2,307.9,1769,27.2,188,0,0,0,0,0,0,9.699999999999989,5038.779513141644,5113.599999999999
1669,L48848,L,298.2,307.9,1551,34.1,190,0,0,0,0,0,0,9.699999999999989,5538.533600499198,6479.0
1670,L48849,L,298.2,307.9,1544,31.4,192,0,0,0,0,0,0,9.699999999999989,5076.981279809297,6028.799999999999
1671,L48850,L,298.2,307.8,1528,31.1,194,0,0,0,0,0,0,9.600000000000023,4976.366539090328,6033.400000000001
1672,L48851,L,298.1,307.9,1614,35.8,196,0,0,0,0,0,0,9.799999999999955,6050.833114520085,7016.799999999999
1673,L48852,L,298.1,307.8,1432,49.8,198,0,0,0,0,0,0,9.699999999999989,7467.942728701368,9860.4
1674,M16533,M,298.1,307.8,1384,43.7,200,0,0,0,0,0,0,9.699999999999989,6333.5345654411185,8740.0
1675,L48854,L,298.1,307.8,1540,37.8,203,0,0,0,0,0,0,9.699999999999989,6095.946385025633,7673.4
1676,L48855,L,298.0,307.7,1407,43.9,205,0,0,0,0,0,0,9.699999999999989,6468.25653040256,8999.5
1677,H31090,H,297.9,307.6,1418,43.0,207,0,0,0,0,0,0,9.700000000000045,6385.182348666134,8901.0
1678,M16537,M,297.9,307.5,1647,30.8,212,0,0,0,0,0,0,9.600000000000023,5312.181849808053,6529.6
1679,L48858,L,298.0,307.5,1644,32.8,215,0,0,0,0,0,0,9.5,5646.824299268437,7051.999999999999
1680,L48859,L,298.0,307.5,1792,27.9,217,0,0,0,0,0,0,9.5,5235.652652766605,6054.299999999999
1681,M16540,M,297.9,307.4,1610,34.6,219,0,0,0,0,0,0,9.5,5833.5186786957665,7577.400000000001
1682,M16541,M,297.8,307.3,1804,26.0,222,0,0,0,0,0,0,9.5,4911.775394132522,5772.0
1683,H31096,H,297.9,307.4,1604,36.1,225,1,1,0,0,0,0,9.5,6063.734588350827,8122.5
1684,M16543,M,297.9,307.4,1403,52.8,0,0,0,0,0,0,0,9.5,7757.471907656203,0.0
1685,L48864,L,297.8,307.3,1438,44.5,3,0,0,0,0,0,0,9.5,6701.121849862148,133.5
1686,L48865,L,297.9,307.3,1824,26.3,5,0,0,0,0,0,0,9.400000000000034,5023.532316796223,131.5
1687,H31100,H,297.9,307.3,1663,28.7,7,0,0,0,0,0,0,9.400000000000034,4998.074944326633,200.9
1688,L48867,L,297.9,307.3,1502,36.7,12,0,0,0,0,0,0,9.400000000000034,5772.508949363053,440.40000000000003
1689,L48868,L,297.9,307.4,1606,35.5,14,0,0,0,0,0,0,9.5,5970.387398637162,497.0
1690,L48869,L,297.9,307.5,1561,37.7,16,0,0,0,0,0,0,9.600000000000023,6162.726172865442,603.2
1691,M16550,M,297.9,307.4,1435,42.9,18,0,0,0,0,0,0,9.5,6446.705204798935,772.1999999999999
1692,L48871,L,297.9,307.5,1602,38.3,21,0,0,0,0,0,0,9.600000000000023,6425.248126974916,804.3
1693,M16552,M,298.1,307.6,1764,27.7,23,0,0,0,0,0,0,9.5,5116.900450460911,637.1
1694,H31107,H,298.0,307.5,1683,27.8,26,0,0,0,0,0,0,9.5,4899.5650706855695,722.8000000000001
1695,L48874,L,298.0,307.5,1618,35.2,31,0,0,0,0,0,0,9.5,5964.167045183055,1091.2
1696,L48875,L,298.0,307.6,1509,41.6,33,0,0,0,0,0,0,9.600000000000023,6573.719795783571,1372.8
1697,L48876,L,297.9,307.6,1550,39.0,35,0,0,0,0,0,0,9.700000000000045,6330.309196983433,1365.0
1698,M16557,M,297.9,307.6,1519,44.0,37,0,0,0,0,0,0,9.700000000000045,6999.0495531775805,1628.0
1699,L48878,L,297.9,307.6,1481,38.0,40,0,0,0,0,0,0,9.700000000000045,5893.418378624212,1520.0
1700,L48879,L,298.1,307.7,1289,48.3,42,0,0,0,0,0,0,9.599999999999966,6519.715818068361,2028.6
1701,M16560,M,298.0,307.6,1844,23.8,44,0,0,0,0,0,0,9.600000000000023,4595.856836887532,1047.2
1702,L48881,L,298.0,307.7,1479,42.5,47,0,0,0,0,0,0,9.699999999999989,6582.422007434014,1997.5
1703,L48882,L,298.0,307.7,1430,47.3,49,0,0,0,0,0,0,9.699999999999989,7083.139516538667,2317.7
1704,M16563,M,298.1,307.8,1636,36.7,51,0,0,0,0,0,0,9.699999999999989,6287.499761090517,1871.7
1705,M16564,M,298.1,307.8,1503,44.7,54,0,0,0,0,0,0,9.699999999999989,7035.502499934734,2413.8
1706,M16565,M,298.1,307.8,1608,32.6,57,0,0,0,0,0,0,9.699999999999989,5489.493339176661,1858.2
1707,L48886,L,298.2,307.8,1521,42.9,60,0,0,0,0,0,0,9.600000000000023,6833.058269337407,2574.0
1708,L48887,L,298.2,307.8,1439,41.6,62,0,0,0,0,0,0,9.600000000000023,6268.775868875121,2579.2000000000003
1709,L48888,L,298.2,307.8,1627,31.5,64,0,0,0,0,0,0,9.600000000000023,5366.939809760122,2016.0
1710,L48889,L,298.2,307.8,1749,26.1,66,0,0,0,0,0,0,9.600000000000023,4780.341629481837,1722.6000000000001
1711,L48890,L,298.2,307.8,1530,35.9,68,0,0,0,0,0,0,9.600000000000023,5751.941989457552,2441.2
1712,L48891,L,298.2,307.8,1355,51.3,70,0,0,0,0,0,0,9.600000000000023,7279.22725800023,3591.0
1713,L48892,L,298.3,307.9,1551,33.8,72,0,0,0,0,0,0,9.599999999999966,5489.807498442019,2433.6
1714,L48893,L,298.2,307.8,1515,46.7,74,0,0,0,0,0,0,9.600000000000023,7408.975034593488,3455.8
1715,L48894,L,298.2,307.8,1388,48.6,76,0,0,0,0,0,0,9.600000000000023,7064.059577155866,3693.6
1716,L48895,L,298.2,307.8,1585,34.6,78,0,0,0,0,0,0,9.600000000000023,5742.936090517262,2698.8
1717,L48896,L,298.1,307.7,1523,37.7,80,0,0,0,0,0,0,9.599999999999966,6012.704651681017,3016.0
1718,L48897,L,298.2,307.6,1369,54.5,82,0,0,0,0,0,0,9.400000000000034,7813.193289355375,4469.0
1719,M16578,M,298.2,307.7,1681,31.0,84,0,0,0,0,0,0,9.5,5457.05115904059,2604.0
1720,L48899,L,298.2,307.7,1503,38.3,87,0,0,0,0,0,0,9.5,6028.182231487702,3332.1
1721,L48900,L,298.2,307.7,1459,44.5,89,0,0,0,0,0,0,9.5,6798.98246102147,3960.5
1722,L48901,L,298.2,307.7,1688,32.4,91,0,0,0,0,0,0,9.5,5727.2490712003355,2948.4
1723,M16582,M,298.2,307.7,1952,21.6,93,0,0,0,0,0,0,9.5,4415.319979061239,2008.8000000000002
1724,L48903,L,298.2,307.8,2029,19.9,96,0,0,0,0,0,0,9.600000000000023,4228.280024442014,1910.3999999999999
1725,M16584,M,298.3,307.8,1457,52.5,98,0,0,0,0,0,0,9.5,8010.275868490575,5145.0
1726,M16585,M,298.3,307.8,1392,50.4,101,0,0,0,0,0,0,9.5,7346.802915978947,5090.4
1727,L48906,L,298.3,307.8,1906,22.1,104,0,0,0,0,0,0,9.5,4411.068357003381,2298.4
1728,M16587,M,298.3,307.7,1602,33.4,106,0,0,0,0,0,0,9.399999999999977,5603.218993236611,3540.3999999999996
1729,L48908,L,298.3,307.7,1465,49.4,109,0,0,0,0,0,0,9.399999999999977,7578.673397764897,5384.599999999999
1730,M16589,M,298.3,307.7,1439,43.8,111,0,0,0,0,0,0,9.399999999999977,6600.29766963294,4861.799999999999
1731,M16590,M,298.3,307.8,1330,55.4,114,0,0,0,0,0,0,9.5,7715.960996726771,6315.599999999999
1732,M16591,M,298.3,307.9,1485,42.0,117,0,0,0,0,0,0,9.599999999999966,6531.371126813179,4914.0
1733,H31146,H,298.4,307.9,1700,28.2,120,0,0,0,0,0,0,9.5,5020.265060436489,3384.0
1734,L48913,L,298.4,308.0,1515,42.8,125,0,0,0,0,0,0,9.600000000000023,6790.238361468978,5350.0
1735,M16594,M,298.5,308.1,1501,39.2,127,0,0,0,0,0,0,9.600000000000023,6161.626615436685,4978.400000000001
1736,L48915,L,298.4,308.0,1380,47.6,130,0,0,0,0,0,0,9.600000000000023,6878.831274300211,6188.0
1737,L48916,L,298.4,307.9,1544,35.9,132,0,0,0,0,0,0,9.5,5804.574138380693,4738.8
1738,L48917,L,298.4,307.9,1743,27.3,134,0,0,0,0,0,0,9.5,4982.974355638378,3658.2000000000003
1739,H31152,H,298.4,307.9,1948,21.4,136,0,0,0,0,0,0,9.5,4365.47337562428,2910.3999999999996
1740,H31153,H,298.5,307.9,1260,54.2,141,0,0,0,0,0,0,9.399999999999977,7151.521516631805,7642.200000000001
1741,M16600,M,298.5,307.9,1640,33.1,146,0,0,0,0,0,0,9.399999999999977,5684.60718691561,4832.6
1742,M16601,M,298.5,308.0,1363,49.2,149,0,0,0,0,0,0,9.5,7022.464890422337,7330.8
1743,L48922,L,298.5,308.0,1379,49.6,152,0,0,0,0,0,0,9.5,7162.663698576537,7539.2
1744,M16603,M,298.5,308.0,1713,25.8,154,0,0,0,0,0,0,9.5,4628.131465415411,3973.2000000000003
1745,M16604,M,298.5,308.0,1461,51.9,157,0,0,0,0,0,0,9.5,7940.469679727808,8148.3
1746,L48925,L,298.5,308.0,1624,29.8,160,0,0,0,0,0,0,9.5,5067.9334929669585,4768.0
1747,L48926,L,298.4,308.0,1526,41.1,162,0,0,0,0,0,0,9.600000000000023,6567.876433447893,6658.2
1748,L48927,L,298.4,307.9,2381,14.2,164,0,0,0,0,0,0,9.5,3540.5958645467203,2328.7999999999997
1749,H31162,H,298.4,307.7,1626,31.1,166,0,0,0,0,0,1,9.300000000000011,5295.531408744027,5162.6
1750,L48929,L,298.3,307.7,1576,33.8,171,0,0,0,0,0,0,9.399999999999977,5578.295691518132,5779.799999999999
1751,M16610,M,298.4,307.8,1617,31.6,173,0,0,0,0,0,0,9.400000000000034,5350.886271300279,5466.8
1752,L48931,L,298.3,307.6,1942,20.6,176,0,0,0,0,0,0,9.300000000000011,4189.334747513013,3625.6000000000004
1753,L48932,L,298.2,307.6,1492,37.2,178,0,0,0,0,0,0,9.400000000000034,5812.197736553404,6621.6
1754,L48933,L,298.2,307.5,1470,51.3,180,0,0,0,0,0,0,9.300000000000011,7897.021453328663,9234.0
1755,M16614,M,298.0,307.4,1463,46.5,182,0,0,0,0,0,0,9.399999999999977,7124.032580912894,8463.0
1756,L48935,L,298.0,307.3,1424,46.5,185,0,0,0,0,0,0,9.300000000000011,6934.123305003391,8602.5
1757,M16616,M,298.1,307.4,1363,60.1,187,0,0,0,0,0,0,9.299999999999955,8578.254876308585,11238.7
1758,M16617,M,298.1,307.4,1335,56.2,190,0,0,0,0,0,0,9.299999999999955,7856.809067362713,10678.0
1759,L48938,L,298.1,307.4,1608,33.9,193,0,0,0,0,0,0,9.299999999999955,5708.3995152787975,6542.7
1760,H31173,H,298.0,307.4,1606,35.2,195,0,0,0,0,0,0,9.399999999999977,5919.93342062051,6864.000000000001
1761,L48940,L,298.1,307.5,1684,33.1,200,0,0,0,0,0,0,9.399999999999977,5837.121038271884,6620.0
1762,L48941,L,298.1,307.6,1950,20.3,202,0,0,0,0,0,0,9.5,4145.331506411731,4100.6
1763,H31176,H,298.2,307.6,1460,48.6,204,0,0,0,0,0,0,9.400000000000034,7430.494944270578,9914.4
1764,L48943,L,298.2,307.6,1511,31.0,209,1,1,0,0,0,0,9.400000000000034,4905.178049559983,6479.0
1765,H31178,H,298.2,307.6,1318,55.7,0,0,0,0,0,0,0,9.400000000000034,7687.749494697535,0.0
1766,L48945,L,298.2,307.6,1368,51.8,5,0,0,0,0,0,0,9.400000000000034,7420.693175191378,259.0
1767,M16626,M,298.3,307.7,1717,27.1,7,0,0,0,0,0,0,9.399999999999977,4872.683509546353,189.70000000000002
1768,M16627,M,298.3,307.7,1520,41.4,10,0,0,0,0,0,0,9.399999999999977,6589.804750169949,414.0
1769,M16628,M,298.3,307.8,1485,42.0,13,0,0,0,0,0,0,9.5,6531.371126813179,546.0
1770,L48949,L,298.4,307.9,1981,23.2,16,0,0,0,0,0,0,9.5,4812.8361694954665,371.2
1771,H31184,H,298.4,307.9,1605,31.0,18,0,0,0,0,0,0,9.5,5210.331415978671,558.0
1772,L48951,L,298.4,307.9,1446,45.3,23,0,0,0,0,0,0,9.5,6859.541895407169,1041.8999999999999
1773,L48952,L,298.4,308.0,1508,47.9,25,0,0,0,0,0,0,9.600000000000023,7564.243015509407,1197.5
1774,L48953,L,298.5,308.0,1384,59.5,27,0,0,0,0,0,0,9.5,8623.462394593742,1606.5
1775,M16634,M,298.5,308.0,1519,37.3,29,0,0,0,0,0,0,9.5,5933.285189398266,1081.6999999999998
1776,L48955,L,298.5,308.0,1404,48.1,32,0,0,0,0,0,0,9.5,7071.9763906429125,1539.2
1777,L48956,L,298.5,308.1,1564,31.1,34,0,0,0,0,0,0,9.600000000000023,5093.610776922299,1057.4
1778,H31191,H,298.6,308.2,1555,36.8,36,0,0,0,0,0,0,9.599999999999966,5992.48326696741,1324.8
1779,L48958,L,298.6,308.2,1325,54.0,41,0,0,0,0,0,0,9.599999999999966,7492.698478811656,2214.0
1780,M16639,M,298.6,308.2,1488,44.0,43,0,0,0,0,0,0,9.599999999999966,6856.211807194364,1892.0
1781,L48960,L,298.5,308.2,1595,32.3,46,0,0,0,0,0,0,9.699999999999989,5395.00470413219,1485.8
1782,L48961,L,298.5,308.1,1662,28.6,48,0,0,0,0,0,0,9.600000000000023,4977.665064053812,1372.8000000000002
1783,L48962,L,298.4,308.0,1571,37.4,50,0,0,0,0,0,0,9.600000000000023,6152.8510999576565,1870.0
1784,H31197,H,298.3,308.0,1553,41.0,52,0,0,0,0,0,0,9.699999999999989,6667.8209677340965,2132.0
1785,L48964,L,298.3,308.0,2886,3.8,57,1,0,0,1,0,0,9.699999999999989,1148.4406104462846,216.6
1786,L48965,L,298.2,308.0,1538,38.2,59,0,0,0,0,0,0,9.800000000000011,6152.453164888203,2253.8
1787,L48966,L,298.4,308.2,1618,33.0,61,0,0,0,0,0,0,9.800000000000011,5591.406604859114,2013.0
1788,L48967,L,298.4,308.2,1364,45.9,63,0,0,0,0,0,0,9.800000000000011,6556.252540629611,2891.7
1789,L48968,L,298.3,308.0,1442,47.3,65,0,0,0,0,0,0,9.699999999999989,7142.578449544585,3074.5
1790,L48969,L,298.2,307.9,1313,67.3,67,1,0,0,1,0,0,9.699999999999989,9253.550689173222,4509.099999999999
1791,L48970,L,298.2,307.9,1847,23.6,69,0,0,0,0,0,0,9.699999999999989,4564.650349861874,1628.4
1792,L48971,L,298.1,307.8,1524,40.8,71,0,0,0,0,0,0,9.699999999999989,6511.390597536349,2896.7999999999997
1793,M16652,M,298.1,307.7,1445,48.0,73,0,0,0,0,0,0,9.599999999999966,7263.362215099602,3504.0
1794,L48973,L,298.1,307.8,1761,28.2,76,0,0,0,0,0,0,9.699999999999989,5200.403983193328,2143.2
1795,M16654,M,298.1,307.8,1514,43.5,78,0,0,0,0,0,0,9.699999999999989,6896.738352425673,3393.0
1796,M16655,M,298.1,307.7,1498,38.3,81,0,0,0,0,0,0,9.599999999999966,6008.128398382287,3102.2999999999997
1797,H31210,H,298.1,307.6,1542,37.1,84,0,0,0,0,0,0,9.5,5990.82869483652,3116.4
1798,M16657,M,298.0,307.6,1508,41.8,89,0,0,0,0,0,0,9.600000000000023,6600.946932114681,3720.2
1799,M16658,M,298.0,307.5,1431,52.9,92,0,0,0,0,0,0,9.5,7927.274990582731,4866.8
1800,M16659,M,298.0,307.5,1427,45.1,95,0,0,0,0,0,0,9.5,6739.522584064528,4284.5
1801,M16660,M,298.0,307.5,1524,36.3,98,0,0,0,0,0,0,9.5,5793.222516925722,3557.3999999999996
1802,M16661,M,298.0,307.5,1427,43.6,101,0,0,0,0,0,0,9.5,6515.369948230896,4403.6
1803,H31216,H,298.1,307.6,1496,44.1,104,0,0,0,0,0,0,9.5,6908.739236362386,4586.400000000001
1804,L48983,L,298.1,307.7,1388,40.3,109,0,0,0,0,0,0,9.599999999999966,5857.646110275336,4392.7
1805,L48984,L,298.1,307.7,1495,48.1,111,0,0,0,0,0,0,9.599999999999966,7530.345230777174,5339.1
1806,H31219,H,298.1,307.7,1376,56.2,113,0,0,0,0,0,0,9.599999999999966,8098.104327109433,6350.6
1807,H31220,H,298.0,307.6,1593,32.2,118,0,0,0,0,0,0,9.600000000000023,5371.557950960901,3799.6000000000004
1808,L48987,L,298.0,307.6,1654,28.9,123,0,0,0,0,0,0,9.600000000000023,5005.667126572808,3554.7
1809,L48988,L,298.1,307.7,2567,12.8,125,1,0,0,1,0,0,9.599999999999966,3440.8398258197326,1600.0
1810,L48989,L,298.1,307.7,1767,27.0,127,0,0,0,0,0,0,9.599999999999966,4996.074797003847,3429.0
1811,L48990,L,298.1,307.6,1364,53.8,129,0,0,0,0,0,0,9.5,7684.670733897016,6940.2
1812,M16671,M,298.1,307.8,1569,31.2,131,0,0,0,0,0,0,9.699999999999989,5126.325228421681,4087.2
1813,L48992,L,298.2,307.8,1476,36.8,134,0,0,0,0,0,0,9.600000000000023,5688.041994883535,4931.2
1814,L48993,L,298.1,307.7,1479,45.0,136,0,0,0,0,0,0,9.599999999999966,6969.623301988956,6120.0
1815,L48994,L,298.1,307.7,1650,34.1,138,0,0,0,0,0,0,9.599999999999966,5892.057021807656,4705.8
1816,M16675,M,298.1,307.6,1565,36.3,140,0,0,0,0,0,0,9.5,5949.076928470311,5082.0
1817,L48996,L,298.1,307.6,1460,46.5,143,0,0,0,0,0,0,9.5,7109.424175073702,6649.5
1818,L48997,L,298.1,307.7,1664,27.6,145,0,0,0,0,0,0,9.599999999999966,4809.401361527543,4002.0
1819,M16678,M,298.1,307.7,1435,40.9,147,0,0,0,0,0,0,9.599999999999966,6146.159507605511,6012.3
1820,M16679,M,298.1,307.6,2066,19.2,150,0,0,0,0,0,0,9.5,4153.9394702825675,2880.0
1821,L49000,L,298.1,307.5,1493,43.7,153,0,0,0,0,0,0,9.399999999999977,6832.3461750025945,6686.1
1822,L49001,L,298.1,307.6,1354,43.3,155,0,0,0,0,0,0,9.5,6139.530747106436,6711.5
1823,L49002,L,298.1,307.6,1488,39.4,157,0,0,0,0,0,0,9.5,6139.426027351316,6185.8
1824,L49003,L,298.1,307.7,1414,48.7,159,0,0,0,0,0,0,9.599999999999966,7211.190833098987,7743.3
1825,L49004,L,298.1,307.5,1391,57.4,161,0,0,0,0,0,0,9.399999999999977,8361.181295921042,9241.4
1826,M16685,M,298.0,307.5,1784,27.8,163,0,0,0,0,0,0,9.5,5193.597199110551,4531.400000000001
1827,H31240,H,297.8,307.3,1516,40.1,166,0,0,0,0,0,0,9.5,6366.081465332309,6656.6
1828,M16687,M,297.9,307.3,1420,47.8,171,0,0,0,0,0,0,9.400000000000034,7107.958098502027,8173.799999999999
1829,L49008,L,297.8,307.2,1351,56.3,174,0,0,0,0,0,0,9.399999999999977,7965.120710082978,9796.199999999999
1830,L49009,L,297.8,307.2,1880,23.0,176,0,0,0,0,0,0,9.399999999999977,4528.082211374089,4048.0
1831,L49010,L,297.8,307.3,1859,24.0,178,0,0,0,0,0,0,9.5,4672.17659441874,4272.0
1832,M16691,M,297.8,307.3,1315,54.0,180,0,0,0,0,0,0,9.5,7436.14981104704,9720.0
1833,M16692,M,297.8,307.4,1330,51.7,183,0,0,0,0,0,0,9.599999999999966,7200.635081782925,9461.1
1834,L49013,L,297.8,307.3,1327,61.0,186,1,0,0,0,1,0,9.5,8476.750017671098,11346.0
1835,L49014,L,297.8,307.2,1498,38.1,188,0,0,0,0,0,0,9.399999999999977,5976.754359748438,7162.8
1836,H31249,H,297.8,307.3,1555,35.8,190,0,0,0,0,0,0,9.5,5829.644047756338,6801.999999999999
1837,L49016,L,297.7,307.2,1518,35.8,195,0,0,0,0,0,0,9.5,5690.932260124838,6980.999999999999
1838,L49017,L,297.7,307.2,1392,43.0,197,0,0,0,0,0,0,9.5,6268.1056624423545,8471.0
1839,M16698,M,297.8,307.2,1456,39.6,199,0,0,0,0,0,0,9.399999999999977,6037.889752787295,7880.400000000001
1840,L49019,L,297.7,307.1,1715,30.2,0,0,0,0,0,0,0,9.400000000000034,5423.7502769125385,0.0
1841,M16700,M,297.7,307.2,1405,43.7,2,0,0,0,0,0,0,9.5,6429.635884714431,87.4
1842,L49021,L,297.7,307.2,1668,37.8,5,0,0,0,0,0,0,9.5,6602.6224481965955,189.0
1843,H31256,H,297.7,307.1,1855,22.5,7,0,0,0,0,0,0,9.400000000000034,4370.7407793068,157.5
1844,L49023,L,297.6,307.1,1496,39.2,12,0,0,0,0,0,0,9.5,6141.101543433232,470.40000000000003
1845,M16704,M,297.6,307.1,1471,44.9,14,0,0,0,0,0,0,9.5,6916.519914167776,628.6
1846,L49025,L,297.7,307.2,1444,40.0,17,0,0,0,0,0,0,9.5,6048.613055711548,680.0
1847,H31260,H,297.7,307.3,1514,38.6,19,0,0,0,0,0,0,9.600000000000023,6119.864377094965,733.4
1848,L49027,L,297.8,307.3,1412,50.7,24,0,0,0,0,0,0,9.5,7496.719717408252,1216.8000000000002
1849,H31262,H,297.7,307.2,1429,44.1,26,0,0,0,0,0,0,9.5,6599.323775910327,1146.6000000000001
1850,L49029,L,297.7,307.2,1668,32.7,31,0,0,0,0,0,0,9.5,5711.792435344675,1013.7
1851,M16710,M,297.7,307.2,1372,52.8,33,0,0,0,0,0,0,9.5,7586.066612476344,1742.3999999999999
1852,M16711,M,297.7,307.3,1365,49.2,36,0,0,0,0,0,0,9.600000000000023,7032.76931432611,1771.2
1853,M16712,M,297.6,307.1,1526,39.1,39,0,0,0,0,0,0,9.5,6248.271740822691,1524.9
1854,L49033,L,297.6,307.2,1486,40.6,42,0,0,0,0,0,0,9.599999999999966,6317.910377977265,1705.2
1855,M16714,M,297.6,307.2,1470,42.6,44,0,0,0,0,0,0,9.599999999999966,6557.760505103334,1874.4
1856,H31269,H,297.7,307.3,1249,62.8,47,0,0,0,0,0,0,9.600000000000023,8213.924376271776,2951.6
1857,M16716,M,297.8,307.4,1752,26.1,52,0,0,0,0,0,0,9.599999999999966,4788.541186307706,1357.2
1858,L49037,L,297.7,307.4,1643,36.5,55,0,0,0,0,0,0,9.699999999999989,6279.991354648437,2007.5
1859,M16718,M,297.8,307.4,1488,36.1,57,0,0,0,0,0,0,9.599999999999966,5625.21014181174,2057.7000000000003
1860,L49039,L,297.8,307.4,1355,45.8,60,0,0,0,0,0,0,9.599999999999966,6498.803282970965,2748.0
1861,L49040,L,297.8,307.6,1607,30.3,62,0,0,0,0,0,0,9.800000000000011,5099.024788261985,1878.6000000000001
1862,M16721,M,297.9,307.6,1609,30.3,64,0,0,0,0,0,0,9.700000000000045,5105.370805422237,1939.2
1863,L49042,L,297.9,307.7,1517,44.4,67,0,0,0,0,0,0,9.800000000000011,7053.37816213366,2974.7999999999997
1864,M16723,M,297.9,307.7,1517,39.5,69,0,0,0,0,0,0,9.800000000000011,6274.964806402692,2725.5
1865,L49044,L,297.9,307.7,1546,37.6,72,0,0,0,0,0,0,9.800000000000011,6087.317477203775,2707.2000000000003
1866,L49045,L,297.9,307.7,1567,34.7,74,0,0,0,0,0,0,9.800000000000011,5694.126212655988,2567.8
1867,M16726,M,298.1,307.9,1662,28.9,76,0,0,0,0,0,0,9.799999999999955,5029.878333956473,2196.4
1868,L49047,L,298.1,307.9,1502,41.8,79,0,0,0,0,0,0,9.799999999999955,6574.683217530671,3302.2
1869,L49048,L,298.3,308.0,1361,56.9,81,0,0,0,0,0,0,9.699999999999989,8109.592084246059,4608.9
1870,M16729,M,298.3,308.1,1630,32.7,83,0,0,0,0,0,0,9.800000000000011,5581.667667632986,2714.1000000000004
1871,L49050,L,298.3,308.0,1486,42.3,86,0,0,0,0,0,0,9.699999999999989,6582.453423360549,3637.7999999999997
1872,L49051,L,298.3,308.1,1840,21.5,88,0,0,0,0,0,0,9.800000000000011,4142.71351253374,1892.0
1873,L49052,L,298.3,308.1,1326,58.4,90,0,0,0,0,0,0,9.800000000000011,8109.33028485826,5256.0
1874,L49053,L,298.4,308.1,1367,57.8,92,0,0,0,0,0,0,9.700000000000045,8274.180123367629,5317.599999999999
1875,L49054,L,298.4,308.1,1598,32.7,94,0,0,0,0,0,0,9.700000000000045,5472.088915875774,3073.8
1876,L49055,L,298.3,308.0,1363,50.1,96,0,0,0,0,0,0,9.699999999999989,7150.924614027623,4809.6
1877,L49056,L,298.3,308.0,1242,62.0,98,0,0,0,0,0,0,9.699999999999989,8063.840023234281,6076.0
1878,M16737,M,298.2,307.8,1566,33.8,100,0,0,0,0,0,0,9.600000000000023,5542.9004142876865,3379.9999999999995
1879,M16738,M,298.1,307.7,1424,47.7,103,0,0,0,0,0,0,9.599999999999966,7113.068422551866,4913.1
1880,M16739,M,298.2,307.7,1608,33.8,106,0,0,0,0,0,0,9.5,5691.560578655555,3582.7999999999997
1881,L49060,L,298.1,307.7,1705,29.1,109,0,0,0,0,0,0,9.599999999999966,5195.723010139479,3171.9
1882,L49061,L,298.0,307.6,1548,45.8,111,0,0,0,0,0,0,9.600000000000023,7424.463086375686,5083.799999999999
1883,M16742,M,298.0,307.6,1581,43.4,113,0,0,0,0,0,0,9.600000000000023,7185.3878854375025,4904.2
1884,M16743,M,298.0,307.6,1472,46.7,116,0,0,0,0,0,0,9.600000000000023,7198.6872943377,5417.200000000001
1885,M16744,M,298.0,307.6,1792,26.0,119,0,0,0,0,0,0,9.600000000000023,4879.102830535187,3094.0
1886,L49065,L,298.0,307.6,1683,32.8,122,0,0,0,0,0,0,9.600000000000023,5780.781810017505,4001.5999999999995
1887,L49066,L,297.9,307.6,1503,40.7,124,0,0,0,0,0,0,9.700000000000045,6405.92733215534,5046.8
1888,M16747,M,297.9,307.5,1642,32.4,126,0,0,0,0,0,0,9.600000000000023,5571.174748169995,4082.3999999999996
1889,M16748,M,297.8,307.4,1902,24.3,129,0,0,0,0,0,0,9.599999999999966,4840.000473973507,3134.7000000000003
1890,H31303,H,297.7,307.4,1432,40.2,132,0,0,0,0,0,0,9.699999999999989,6028.339311120382,5306.400000000001
1891,L49070,L,297.8,307.4,1512,40.8,137,0,0,0,0,0,0,9.599999999999966,6460.119805429763,5589.599999999999
1892,L49071,L,297.7,307.4,1764,29.0,139,0,0,0,0,0,0,9.699999999999989,5357.043792901315,4031.0
1893,M16752,M,297.8,307.4,1438,43.6,141,0,0,0,0,0,0,9.599999999999966,6565.593542786285,6147.6
1894,L49073,L,297.8,307.5,1631,29.9,144,0,0,0,0,0,0,9.699999999999989,5106.857825944935,4305.599999999999
1895,H31308,H,297.9,307.5,1880,23.3,146,0,0,0,0,0,0,9.600000000000023,4587.144153261576,3401.8
1896,L49075,L,297.9,307.6,1344,54.3,151,0,0,0,0,0,0,9.700000000000045,7642.363952828674,8199.3
1897,L49076,L,297.9,307.5,1574,35.8,153,0,0,0,0,0,0,9.600000000000023,5900.874425188732,5477.4
1898,L49077,L,297.8,307.4,1418,41.2,155,0,0,0,0,0,0,9.599999999999966,6117.895645698715,6386.0
1899,L49078,L,297.8,307.5,1372,54.1,157,0,0,0,0,0,0,9.699999999999989,7772.84476770777,8493.7
1900,L49079,L,297.8,307.5,1388,40.0,159,0,0,0,0,0,0,9.699999999999989,5814.04080424351,6360.0
1901,H31314,H,297.9,307.6,1493,36.0,161,0,0,0,0,0,0,9.700000000000045,5628.477398171473,5796.0
1902,M16761,M,297.9,307.6,1505,40.1,166,0,0,0,0,0,0,9.700000000000045,6319.889581349027,6656.6
1903,L49082,L,298.0,307.6,1694,29.1,169,0,0,0,0,0,0,9.600000000000023,5162.202216525676,4917.900000000001
1904,L49083,L,297.9,307.6,1968,20.4,171,0,0,0,0,0,0,9.700000000000045,4204.204952740004,3488.3999999999996
1905,M16764,M,298.0,307.6,1569,35.6,173,0,0,0,0,0,0,9.600000000000023,5849.268529865764,6158.8
1906,L49085,L,297.9,307.6,1687,29.1,176,0,0,0,0,0,0,9.700000000000045,5140.870802407801,5121.6
1907,L49086,L,297.9,307.6,1430,52.4,178,0,0,0,0,0,0,9.700000000000045,7846.860690626346,9327.199999999999
1908,L49087,L,297.9,307.6,1504,42.4,180,0,0,0,0,0,0,9.700000000000045,6677.936896078655,7632.0
1909,L49088,L,297.9,307.6,1977,20.2,182,0,0,0,0,0,0,9.700000000000045,4182.025308605661,3676.4
1910,L49089,L,298.0,307.7,1435,45.6,184,0,0,0,0,0,0,9.699999999999989,6852.441896010057,8390.4
1911,H31324,H,298.0,307.7,1547,36.8,186,0,0,0,0,0,0,9.699999999999989,5961.653771060182,6844.799999999999
1912,M16771,M,298.1,307.8,1316,57.2,191,0,0,0,0,0,0,9.699999999999989,7882.800510583413,10925.2
1913,M16772,M,298.0,307.7,1621,34.9,194,0,0,0,0,0,0,9.699999999999989,5924.300234408999,6770.599999999999
1914,M16773,M,298.0,307.8,1492,40.2,197,0,0,0,0,0,0,9.800000000000011,6280.923360469002,7919.400000000001
1915,L49094,L,298.0,307.7,1643,32.3,200,0,0,0,0,0,0,9.699999999999989,5557.362212469711,6459.999999999999
1916,L49095,L,298.0,307.7,1492,38.7,202,0,0,0,0,0,0,9.699999999999989,6046.560548511203,7817.400000000001
1917,L49096,L,298.0,307.7,1387,50.8,204,0,0,0,0,0,0,9.699999999999989,7378.512057829178,10363.199999999999
1918,M16777,M,298.1,307.9,1463,47.3,206,0,0,0,0,0,0,9.799999999999955,7246.596582304943,9743.8
1919,M16778,M,298.1,307.9,1496,40.0,0,0,0,0,0,0,0,9.799999999999955,6266.430146360441,0.0
1920,L49099,L,298.2,308.0,1658,30.0,3,0,0,0,0,0,0,9.800000000000011,5208.760619651876,90.0
1921,L49100,L,298.1,307.9,2161,17.5,5,0,0,0,0,0,0,9.799999999999955,3960.239339237733,87.5
1922,L49101,L,298.1,307.9,1665,32.0,7,0,0,0,0,0,0,9.799999999999955,5579.468552775473,224.0
1923,L49102,L,298.0,307.8,1716,26.6,9,0,0,0,0,0,0,9.800000000000011,4779.996054289943,239.4
1924,L49103,L,298.0,307.7,1529,34.1,11,0,0,0,0,0,0,9.699999999999989,5459.972840208428,375.1
1925,L49104,L,297.9,307.7,1353,50.7,13,0,0,0,0,0,0,9.800000000000011,7183.471513918814,659.1
1926,L49105,L,297.9,307.7,1537,37.7,15,0,0,0,0,0,0,9.800000000000011,6067.975738433173,565.5
1927,L49106,L,298.0,307.7,1606,30.8,17,0,0,0,0,0,0,9.699999999999989,5179.941743042947,523.6
1928,H31341,H,298.0,307.8,1314,47.8,19,0,0,0,0,0,0,9.800000000000011,6577.364043261734,908.1999999999999
1929,L49108,L,298.0,307.8,1623,29.9,24,0,0,0,0,0,0,9.800000000000011,5081.808860520313,717.5999999999999
1930,M16789,M,298.0,307.8,1483,50.9,26,0,0,0,0,0,0,9.800000000000011,7904.739299280981,1323.3999999999999
1931,M16790,M,298.1,307.9,1569,37.0,29,0,0,0,0,0,0,9.799999999999955,6079.295943961609,1073.0
1932,M16791,M,298.2,308.0,1969,21.7,32,0,0,0,0,0,0,9.800000000000011,4474.392392924238,694.4
1933,M16792,M,298.1,308.0,1686,29.3,35,0,0,0,0,0,0,9.899999999999977,5173.134958960169,1025.5
1934,L49113,L,298.1,308.0,1638,35.1,38,0,0,0,0,0,0,9.899999999999977,6020.736656898695,1333.8
1935,L49114,L,298.1,307.9,1698,33.3,40,0,0,0,0,0,0,9.799999999999955,5921.21100163297,1332.0
1936,M16795,M,298.1,307.9,1377,55.1,42,0,0,0,0,0,0,9.799999999999955,7945.3705642674095,2314.2000000000003
1937,M16796,M,298.1,308.0,2129,18.4,45,0,0,0,0,0,0,9.899999999999977,4102.249799155504,827.9999999999999
1938,L49117,L,298.2,308.0,1411,42.4,48,0,0,0,0,0,0,9.800000000000011,6265.005957690813,2035.1999999999998
1939,L49118,L,298.1,307.9,1517,40.8,50,0,0,0,0,0,0,9.799999999999955,6481.482635474174,2039.9999999999998
1940,M16799,M,298.1,307.9,1303,53.9,52,0,0,0,0,0,0,9.799999999999955,7354.646425637408,2802.7999999999997
1941,L49120,L,298.1,307.9,1578,35.6,55,0,0,0,0,0,0,9.799999999999955,5882.820739406103,1958.0
1942,L49121,L,298.1,307.9,1425,58.2,57,0,0,0,0,0,0,9.799999999999955,8684.932890848982,3317.4
1943,L49122,L,298.1,308.0,1456,42.4,59,0,0,0,0,0,0,9.899999999999977,6464.811250459124,2501.6
1944,L49123,L,298.1,308.0,1704,30.9,61,0,0,0,0,0,0,9.899999999999977,5513.872098168517,1884.8999999999999
1945,L49124,L,298.1,308.1,1791,27.3,63,0,0,0,0,0,0,10.0,5120.199122747181,1719.9
1946,L49125,L,298.1,308.1,1616,32.8,65,0,0,0,0,0,0,10.0,5550.649676166541,2132.0
1947,L49126,L,298.2,308.1,1622,34.9,67,0,0,0,0,0,0,9.900000000000034,5927.954953862675,2338.2999999999997
1948,L49127,L,298.2,308.1,1462,49.9,69,0,0,0,0,0,0,9.900000000000034,7639.704071048635,3443.1
1949,L49128,L,298.1,308.1,1410,45.8,71,0,0,0,0,0,0,10.0,6762.592346117388,3251.7999999999997
1950,M16809,M,298.1,308.0,1543,41.9,73,0,0,0,0,0,0,9.899999999999977,6770.310192069707,3058.7
1951,M16810,M,298.0,307.9,1479,47.6,76,0,0,0,0,0,0,9.899999999999977,7372.312648326097,3617.6
1952,L49131,L,298.0,307.8,1839,22.7,79,0,0,0,0,0,0,9.800000000000011,4371.557593396732,1793.3
1953,L49132,L,298.0,307.8,1266,60.5,81,0,0,0,0,0,0,9.800000000000011,8020.8002038801005,4900.5
1954,L49133,L,297.9,307.7,1593,34.9,83,0,0,0,0,0,0,9.800000000000011,5821.968089706068,2896.7
1955,L49134,L,297.9,307.8,1459,46.9,85,0,0,0,0,0,0,9.900000000000034,7165.6691555484695,3986.5
1956,L49135,L,297.9,307.7,1308,55.2,87,0,0,0,0,0,0,9.800000000000011,7560.933871247627,4802.400000000001
1957,M16816,M,297.9,307.7,1364,46.8,89,0,0,0,0,0,0,9.800000000000011,6684.806512014505,4165.2
1958,H31371,H,297.9,307.7,1618,35.9,92,0,0,0,0,0,0,9.800000000000011,6082.772639831581,3302.7999999999997
1959,H31372,H,297.9,307.7,1464,43.2,97,0,0,0,0,0,0,9.800000000000011,6622.979968591858,4190.400000000001
1960,M16819,M,297.8,307.6,1352,49.4,102,0,0,0,0,0,0,9.800000000000011,6994.106780735932,5038.8
1961,L49140,L,297.8,307.6,1446,51.4,105,0,0,0,0,0,0,9.800000000000011,7783.23296741564,5397.0
1962,L49141,L,297.8,307.5,1448,51.2,107,0,0,0,0,0,0,9.699999999999989,7763.671317159288,5478.400000000001
1963,L49142,L,297.8,307.5,1391,48.6,109,0,0,0,0,0,0,9.699999999999989,7079.327717452312,5297.400000000001
1964,L49143,L,297.7,307.5,1379,43.3,111,0,0,0,0,0,0,9.800000000000011,6252.889882023468,4806.299999999999
1965,M16824,M,297.8,307.5,1405,46.9,113,0,0,0,0,0,0,9.699999999999989,6900.455903732421,5299.7
1966,L49145,L,297.8,307.5,1581,33.1,116,0,0,0,0,0,0,9.699999999999989,5480.099977142428,3839.6000000000004
1967,L49146,L,297.9,307.6,1515,40.5,118,0,0,0,0,0,0,9.700000000000045,6425.342374754524,4779.0
1968,L49147,L,297.9,307.6,1589,37.8,120,0,0,0,0,0,0,9.700000000000045,6289.908315458268,4536.0
1969,L49148,L,298.0,307.6,1281,50.8,122,0,0,0,0,0,0,9.600000000000023,6814.6171204608345,6197.599999999999
1970,H31383,H,297.8,307.5,1631,31.3,124,0,0,0,0,0,0,9.699999999999989,5345.974914785167,3881.2000000000003
1971,M16830,M,297.9,307.6,1202,67.0,129,0,0,0,0,0,0,9.700000000000045,8433.50075880668,8643.0
1972,L49151,L,297.9,307.6,1298,52.7,132,0,0,0,0,0,0,9.700000000000045,7163.312961058279,6956.400000000001
1973,L49152,L,297.9,307.6,1612,30.7,134,0,0,0,0,0,0,9.700000000000045,5182.41312926377,4113.8
1974,L49153,L,297.9,307.6,1747,25.3,136,0,0,0,0,0,0,9.700000000000045,4628.518928509354,3440.8
1975,L49154,L,298.0,307.6,1450,48.7,138,0,0,0,0,0,0,9.600000000000023,7394.7855077747745,6720.6
1976,L49155,L,298.0,307.7,1422,45.6,140,0,0,0,0,0,0,9.699999999999989,6790.364025175122,6384.0
1977,M16836,M,298.1,307.7,1419,47.4,142,0,0,0,0,0,0,9.599999999999966,7043.513561201386,6730.8
1978,M16837,M,298.1,307.7,1633,30.7,145,0,0,0,0,0,0,9.599999999999966,5249.925955389414,4451.5
1979,L49158,L,298.0,307.7,1442,43.6,148,0,0,0,0,0,0,9.699999999999989,6583.856668079154,6452.8
1980,H31393,H,298.0,307.6,1420,45.8,150,0,0,0,0,0,0,9.600000000000023,6810.553993962192,6870.0
1981,M16840,M,298.0,307.6,1301,58.5,155,0,0,0,0,0,0,9.600000000000023,7970.063482524625,9067.5
1982,L49161,L,298.0,307.6,1385,45.0,158,0,0,0,0,0,0,9.600000000000023,6526.658737832795,7110.0
1983,M16842,M,298.0,307.7,1487,41.3,160,0,0,0,0,0,0,9.699999999999989,6431.164793139177,6608.0
1984,M16843,M,298.0,307.6,1459,44.4,163,0,0,0,0,0,0,9.600000000000023,6783.703848749512,7237.2
1985,M16844,M,298.0,307.5,1387,45.5,166,0,0,0,0,0,0,9.5,6608.706665969048,7553.0
1986,L49165,L,298.1,307.7,1537,40.8,169,0,0,0,0,0,0,9.599999999999966,6566.933955651816,6895.2
1987,L49166,L,298.1,307.6,1498,42.9,171,0,0,0,0,0,0,9.5,6729.731286960839,7335.9
1988,M16847,M,298.2,307.8,1599,31.2,173,0,0,0,0,0,0,9.600000000000023,5224.342919213682,5397.599999999999
1989,H31402,H,298.3,307.9,1420,39.2,176,0,0,0,0,0,0,9.599999999999966,5829.120448980742,6899.200000000001
1990,L49169,L,298.2,307.9,1785,23.4,181,0,0,0,0,0,0,9.699999999999989,4374.039451593068,4235.4
1991,L49170,L,298.2,307.8,1423,48.1,183,0,0,0,0,0,0,9.600000000000023,7167.679774846769,8802.300000000001
1992,M16851,M,298.2,307.8,1583,36.6,185,0,0,0,0,0,0,9.600000000000023,6067.232228171824,6771.0
1993,L49172,L,298.2,307.8,1375,46.6,188,0,0,0,0,0,0,9.600000000000023,6709.918309292199,8760.800000000001
1994,M16853,M,298.3,308.0,1463,42.5,190,0,0,0,0,0,0,9.699999999999989,6511.2125739526455,8075.0
1995,M16854,M,298.2,307.9,1403,45.1,193,0,0,0,0,0,0,9.699999999999989,6626.173921123008,8704.300000000001
1996,L49175,L,298.3,308.0,1451,47.1,196,0,0,0,0,0,0,9.699999999999989,7156.7679763633005,9231.6
1997,M16856,M,298.4,308.0,1416,38.2,198,1,1,0,0,0,0,9.600000000000023,5664.417218128541,7563.6
1998,L49177,L,298.3,308.1,1672,41.3,0,0,0,0,0,0,0,9.800000000000011,7231.276082130937,0.0
1999,H31412,H,298.3,308.0,1637,30.8,2,0,0,0,0,0,0,9.699999999999989,5279.928165231197,61.6
2000,L49179,L,298.4,308.0,1540,37.8,7,0,0,0,0,0,0,9.600000000000023,6095.946385025633,264.59999999999997
2001,L49180,L,298.4,308.1,1279,53.1,9,0,0,0,0,0,0,9.700000000000045,7112.031696976182,477.90000000000003
2002,L49181,L,298.4,308.2,1604,34.9,11,0,0,0,0,0,0,9.800000000000011,5862.170003696506,383.9
2003,L49182,L,298.5,308.2,1654,27.1,13,0,0,0,0,0,0,9.699999999999989,4693.895471630558,352.3
2004,M16863,M,298.5,308.2,1564,37.5,15,0,0,0,0,0,0,9.699999999999989,6141.813637768045,562.5
2005,L49184,L,298.5,308.2,1451,47.5,18,0,0,0,0,0,0,9.699999999999989,7217.54732223475,855.0
2006,L49185,L,298.5,308.3,1504,38.0,20,0,0,0,0,0,0,9.800000000000011,5984.943444598795,760.0
2007,M16866,M,298.5,308.3,1381,50.5,22,0,0,0,0,0,0,9.800000000000011,7303.208081922632,1111.0
2008,L49187,L,298.6,308.4,1562,34.4,25,0,0,0,0,0,0,9.799999999999955,5626.885657893654,860.0
2009,L49188,L,298.5,308.3,1811,24.7,27,0,0,0,0,0,0,9.800000000000011,4684.292670086084,666.9
2010,M16869,M,298.6,308.3,1717,28.7,29,0,0,0,0,0,0,9.699999999999989,5160.369620811082,832.3
2011,L49190,L,298.6,308.3,1278,60.5,32,0,0,0,0,0,0,9.699999999999989,8096.826746096974,1936.0
2012,L49191,L,298.7,308.5,1616,30.2,34,0,0,0,0,0,0,9.800000000000011,5110.659153055779,1026.8
2013,L49192,L,298.6,308.4,1397,46.4,36,0,0,0,0,0,0,9.799999999999955,6788.018302660441,1670.3999999999999
2014,L49193,L,298.6,308.4,1485,42.9,38,0,0,0,0,0,0,9.799999999999955,6671.329079530605,1630.2
2015,L49194,L,298.6,308.4,1310,59.7,40,0,0,0,0,0,0,9.799999999999955,8189.8178886432315,2388.0
2016,L49195,L,298.5,308.2,1301,66.3,42,1,0,0,1,0,0,9.699999999999989,9032.738613527908,2784.6
2017,L49196,L,298.5,308.3,1458,44.0,44,0,0,0,0,0,0,9.800000000000011,6717.981730436413,1936.0
2018,L49197,L,298.7,308.5,1483,42.5,46,0,0,0,0,0,0,9.800000000000011,6600.224365804356,1955.0
2019,L49198,L,298.7,308.5,1375,46.4,48,0,0,0,0,0,0,9.800000000000011,6681.120376634293,2227.2
2020,M16879,M,298.7,308.5,1660,27.0,50,0,0,0,0,0,0,9.800000000000011,4693.539424463151,1350.0
2021,H31434,H,298.7,308.4,1560,33.3,53,0,0,0,0,0,0,9.699999999999989,5439.981838956085,1764.8999999999999
2022,L49201,L,298.7,308.5,1480,42.2,58,0,0,0,0,0,0,9.800000000000011,6540.377025753471,2447.6000000000004
2023,L49202,L,298.7,308.4,1373,46.9,60,0,0,0,0,0,0,9.699999999999989,6743.292495248835,2814.0
2024,L49203,L,298.7,308.5,1444,54.2,62,0,0,0,0,0,0,9.800000000000011,8195.870690489148,3360.4
2025,M16884,M,298.7,308.6,1722,24.7,64,0,0,0,0,0,0,9.900000000000034,4454.087232406537,1580.8
2026,L49205,L,298.7,308.5,1469,39.9,67,0,0,0,0,0,0,9.800000000000011,6137.949478804129,2673.2999999999997
2027,M16886,M,298.7,308.5,1360,52.9,69,0,0,0,0,0,0,9.800000000000011,7533.958062328802,3650.1
2028,L49207,L,298.7,308.4,1750,25.8,72,0,0,0,0,0,0,9.699999999999989,4728.096943652638,1857.6000000000001
2029,M16888,M,298.7,308.3,1349,46.6,74,0,0,0,0,0,0,9.600000000000023,6583.03985398922,3448.4
2030,L49209,L,298.7,308.5,1668,35.2,77,0,0,0,0,0,0,9.800000000000011,6148.473814193656,2710.4
2031,L49210,L,298.9,308.6,1400,49.5,79,0,0,0,0,0,0,9.700000000000045,7257.079029792421,3910.5
2032,L49211,L,298.8,308.6,1331,62.8,81,0,0,0,0,0,0,9.800000000000011,8753.189227235976,5086.8
2033,L49212,L,298.8,308.5,1444,42.2,83,0,0,0,0,0,0,9.699999999999989,6381.286773775683,3502.6000000000004
2034,H31447,H,298.8,308.5,1359,47.6,85,0,0,0,0,0,0,9.699999999999989,6774.153407082599,4046.0
2035,M16894,M,298.8,308.5,1425,47.4,90,0,0,0,0,0,0,9.699999999999989,7073.295859557419,4266.0
2036,M16895,M,298.9,308.6,1469,34.2,93,0,0,0,0,0,0,9.700000000000045,5261.099553260683,3180.6000000000004
2037,L49216,L,299.0,308.7,1892,22.8,96,0,0,0,0,0,0,9.699999999999989,4517.358908449835,2188.8
2038,H31451,H,299.0,308.7,1940,19.9,98,0,0,0,0,0,0,9.699999999999989,4042.810866149585,1950.1999999999998
2039,L49218,L,299.0,308.8,1405,55.2,103,0,0,0,0,0,0,9.800000000000011,8121.645328060333,5685.6
2040,M16899,M,299.0,308.9,1449,39.6,105,0,0,0,0,0,0,9.899999999999977,6008.861436668125,4158.0
2041,L49220,L,299.1,308.9,1686,29.6,108,0,0,0,0,0,0,9.799999999999955,5226.102211099693,3196.8
2042,L49221,L,299.1,308.9,1680,27.2,110,0,0,0,0,0,0,9.799999999999955,4785.273929947973,2992.0
2043,M16902,M,299.1,308.9,1397,52.4,112,0,0,0,0,0,0,9.799999999999955,7665.77929007343,5868.8
2044,M16903,M,299.2,309.0,1597,30.3,115,0,0,0,0,0,0,9.800000000000011,5067.294702460728,3484.5
2045,L49224,L,299.3,309.1,1470,41.1,118,0,0,0,0,0,0,9.800000000000011,6326.853445064484,4849.8
2046,M16905,M,299.3,309.1,1703,31.3,120,0,0,0,0,0,0,9.800000000000011,5581.971354922833,3756.0
2047,L49226,L,299.3,309.1,1388,45.5,123,0,0,0,0,0,0,9.800000000000011,6613.471414826993,5596.5
2048,L49227,L,299.3,309.2,1775,24.2,125,0,0,0,0,0,0,9.899999999999977,4498.237081164985,3025.0
2049,L49228,L,299.3,309.2,1465,41.5,127,0,0,0,0,0,0,9.899999999999977,6366.699311887514,5270.5
2050,M16909,M,299.3,309.2,1586,37.9,129,0,0,0,0,0,0,9.899999999999977,6294.641648389676,4889.099999999999
2051,M16910,M,299.5,309.3,1675,29.2,132,0,0,0,0,0,0,9.800000000000011,5121.843222902559,3854.4
2052,M16911,M,299.4,309.2,1470,44.4,135,0,0,0,0,0,0,9.800000000000011,6834.8489771499535,5994.0
2053,L49232,L,299.5,309.3,1477,40.4,138,0,0,0,0,0,0,9.800000000000011,6248.711563794193,5575.2
2054,L49233,L,299.5,309.3,1382,61.0,140,0,0,0,0,0,0,9.800000000000011,8828.084796097557,8540.0
2055,M16914,M,299.6,309.4,1605,29.8,142,0,0,0,0,0,0,9.799999999999955,5008.641167618207,4231.6
2056,L49235,L,299.6,309.4,1643,32.9,145,0,0,0,0,0,0,9.799999999999955,5660.594947066673,4770.5
2057,L49236,L,299.5,309.3,1333,54.1,147,0,0,0,0,0,0,9.800000000000011,7551.896556380801,7952.7
2058,L49237,L,299.5,309.3,1520,42.3,149,0,0,0,0,0,0,9.800000000000011,6733.061375173644,6302.7
2059,M16918,M,299.5,309.3,1902,24.0,151,0,0,0,0,0,0,9.800000000000011,4780.247381702229,3624.0
2060,H31473,H,299.5,309.4,1386,44.4,154,0,0,0,0,0,0,9.899999999999977,6444.286178455671,6837.599999999999
2061,L49240,L,299.6,309.5,1803,27.7,159,0,0,0,0,0,0,9.899999999999977,5230.029201916679,4404.3
2062,L49241,L,299.7,309.6,1359,50.7,161,0,0,0,0,0,0,9.900000000000034,7215.327263426214,8162.700000000001
2063,M16922,M,299.7,309.6,1477,42.7,163,0,0,0,0,0,0,9.900000000000034,6604.45504391119,6960.1
2064,L49243,L,299.7,309.6,1321,53.4,166,0,0,0,0,0,0,9.900000000000034,7387.078133797967,8864.4
2065,L49244,L,299.6,309.5,1453,41.4,168,0,0,0,0,0,0,9.899999999999977,6299.333093419037,6955.2
2066,L49245,L,299.7,309.6,1419,45.1,170,0,0,0,0,0,0,9.900000000000034,6701.739696417354,7667.0
2067,L49246,L,299.7,309.6,1512,36.2,172,0,0,0,0,0,0,9.900000000000034,5731.772964621506,6226.400000000001
2068,L49247,L,299.7,309.6,1553,36.8,174,0,0,0,0,0,0,9.900000000000034,5984.775892990603,6403.2
2069,M16928,M,299.7,309.6,1534,39.1,176,0,0,0,0,0,0,9.900000000000034,6281.028080224121,6881.6
2070,H31483,H,299.7,309.6,1553,41.0,179,0,0,0,0,0,0,9.900000000000034,6667.8209677340965,7339.0
2071,L49250,L,299.7,309.5,1352,49.7,184,0,0,0,0,0,0,9.800000000000011,7036.581113412467,9144.800000000001
2072,M16931,M,299.7,309.6,1313,60.0,186,0,0,0,0,0,0,9.900000000000034,8249.822308326797,11160.0
2073,L49252,L,299.6,309.5,1570,35.5,189,0,0,0,0,0,1,9.899999999999977,5836.555551594237,6709.5
2074,L49253,L,299.6,309.4,1677,31.1,191,0,0,0,0,0,0,9.799999999999955,5461.62741233932,5940.1
2075,L49254,L,299.5,309.4,1602,31.5,193,0,0,0,0,0,0,9.899999999999977,5284.47300260339,6079.5
2076,L49255,L,299.5,309.4,1390,58.8,195,1,0,0,0,1,0,9.899999999999977,8558.955025440033,11466.0
2077,L49256,L,299.4,309.3,1544,36.0,197,0,0,0,0,0,0,9.900000000000034,5820.742868571168,7092.0
2078,L49257,L,299.4,309.4,1701,31.2,199,0,0,0,0,0,0,10.0,5557.603067906487,6208.8
2079,M16938,M,299.4,309.3,1692,28.4,201,0,0,0,0,0,0,9.900000000000034,5032.077448813986,5708.4
2080,M16939,M,299.3,309.3,1523,37.9,204,0,0,0,0,0,0,10.0,6044.602289090465,7731.599999999999
2081,L49260,L,299.3,309.2,2280,15.4,207,0,0,0,0,0,0,9.899999999999977,3676.920041761494,3187.8
2082,M16941,M,299.4,309.3,1485,47.1,209,0,0,0,0,0,0,9.900000000000034,7324.466192211923,9843.9
2083,H31496,H,299.4,309.2,1513,36.1,212,0,0,0,0,0,0,9.800000000000011,5719.719720807233,7653.200000000001
2084,H31497,H,299.4,309.3,1743,28.2,0,0,0,0,0,0,0,9.900000000000034,5147.248235494589,0.0
2085,L49264,L,299.5,309.3,1442,46.2,5,0,0,0,0,0,0,9.800000000000011,6976.471973973782,231.0
2086,L49265,L,299.5,309.3,1462,46.7,7,0,0,0,0,0,0,9.800000000000011,7149.783168696819,326.90000000000003
2087,H31500,H,299.4,309.3,1439,49.7,9,0,0,0,0,0,0,9.900000000000034,7489.378862574364,447.3
2088,L49267,L,299.5,309.3,1577,36.6,14,0,0,0,0,0,0,9.800000000000011,6044.235769947547,512.4
2089,L49268,L,299.6,309.4,1331,46.4,16,0,0,0,0,0,0,9.799999999999955,6467.324524581996,742.4
2090,L49269,L,299.5,309.3,1941,22.5,18,0,0,0,0,0,0,9.800000000000011,4573.373505463341,405.0
2091,L49270,L,299.5,309.2,1393,47.3,20,0,0,0,0,0,0,9.699999999999989,6899.869473103749,946.0
2092,L49271,L,299.4,309.2,1433,42.1,22,0,0,0,0,0,0,9.800000000000011,6317.66952254049,926.2
2093,L49272,L,299.4,309.2,1444,48.2,24,0,0,0,0,0,0,9.800000000000011,7288.578732132416,1156.8000000000002
2094,L49273,L,299.4,309.2,1564,39.0,26,0,0,0,0,0,0,9.800000000000011,6387.486183278767,1014.0
2095,L49274,L,299.4,309.3,1377,43.6,28,0,0,0,0,0,0,9.900000000000034,6287.080882070038,1220.8
2096,L49275,L,299.4,309.3,1525,41.5,30,0,0,0,0,0,0,9.900000000000034,6627.451502135467,1245.0
2097,M16956,M,299.5,309.4,1387,56.2,32,0,0,0,0,0,0,9.899999999999977,8162.842079724408,1798.4
2098,M16957,M,299.4,309.4,1326,47.5,35,0,0,0,0,0,0,10.0,6595.77377621177,1662.5
2099,L49278,L,299.4,309.3,1401,59.0,38,0,0,0,0,0,0,9.900000000000034,8656.030238435957,2242.0
2100,L49279,L,299.4,309.3,1596,31.8,40,0,0,0,0,0,0,9.900000000000034,5314.820787637069,1272.0
2101,M16960,M,299.3,309.3,1471,46.0,42,0,0,0,0,0,0,10.0,7085.9669499268975,1932.0
2102,L49281,L,299.3,309.3,1528,37.8,45,0,0,0,0,0,0,10.0,6048.445504103356,1700.9999999999998
2103,L49282,L,299.3,309.3,1325,62.0,47,0,0,0,0,0,0,10.0,8602.72788308005,2914.0
2104,M16963,M,299.3,309.1,1376,46.7,49,0,0,0,0,0,0,9.800000000000011,6729.207688185241,2288.3
2105,M16964,M,299.3,309.1,1600,35.3,52,0,0,0,0,0,0,9.800000000000011,5914.571769158383,1835.6
2106,L49285,L,299.3,309.1,1495,44.0,55,0,0,0,0,0,0,9.800000000000011,6888.46549177122,2420.0
2107,L49286,L,299.4,309.1,1645,28.6,57,0,0,0,0,0,0,9.700000000000045,4926.750319114633,1630.2
2108,M16967,M,299.4,309.1,1417,47.3,59,0,0,0,0,0,0,9.700000000000045,7018.747339115587,2790.7
2109,H31522,H,299.4,309.0,1415,51.7,62,0,0,0,0,0,0,9.600000000000023,7660.82604565627,3205.4
2110,M16969,M,299.3,309.0,1496,43.4,67,0,0,0,0,0,0,9.699999999999989,6799.076708801078,2907.7999999999997
2111,H31524,H,299.3,309.0,1508,35.0,70,0,0,0,0,0,0,9.699999999999989,5527.1086752156425,2450.0
2112,L49291,L,299.4,309.0,1436,47.9,75,0,0,0,0,0,0,9.600000000000023,7203.085524052724,3592.5
2113,L49292,L,299.5,309.1,1852,22.6,77,0,0,0,0,0,0,9.600000000000023,4383.066294484384,1740.2
2114,L49293,L,299.5,309.1,1863,22.5,79,0,0,0,0,0,0,9.600000000000023,4389.5903352283385,1777.5
2115,H31528,H,299.4,309.1,1373,44.1,81,0,0,0,0,0,0,9.700000000000045,6340.707868666816,3572.1
2116,L49295,L,299.4,309.0,1404,47.3,86,0,0,0,0,0,0,9.600000000000023,6954.355161692509,4067.7999999999997
2117,M16976,M,299.4,309.0,1381,44.9,88,0,0,0,0,0,0,9.600000000000023,6493.347383729231,3951.2
2118,H31531,H,299.4,308.9,1762,29.3,91,0,0,0,0,0,0,9.5,5406.324909660627,2666.3
2119,H31532,H,299.3,308.9,1429,43.0,96,0,0,0,0,0,0,9.599999999999966,6434.7147928377335,4128.0
2120,M16979,M,299.3,308.9,1858,24.7,101,0,0,0,0,0,0,9.599999999999966,4805.861833804498,2494.7
2121,H31534,H,299.2,308.8,1908,21.3,104,0,0,0,0,0,0,9.600000000000023,4255.852735965021,2215.2000000000003
2122,M16981,M,299.2,308.8,1503,37.4,109,0,0,0,0,0,0,9.600000000000023,5886.527818737339,4076.6
2123,M16982,M,299.2,308.8,1523,38.9,112,0,0,0,0,0,0,9.600000000000023,6204.090476137707,4356.8
2124,L49303,L,299.3,309.0,1491,38.4,115,0,0,0,0,0,0,9.699999999999989,5995.666747523048,4416.0
2125,L49304,L,299.2,308.9,1430,39.1,117,0,0,0,0,0,0,9.699999999999989,5855.195668005536,4574.7
2126,L49305,L,299.3,308.9,1258,69.4,119,1,0,0,1,0,0,9.599999999999966,9142.579164672921,8258.6
2127,L49306,L,299.3,309.0,1449,46.5,121,0,0,0,0,0,0,9.699999999999989,7055.860020329996,5626.5
2128,H31541,H,299.3,309.0,1425,40.6,123,0,0,0,0,0,0,9.699999999999989,6058.561432447916,4993.8
2129,L49308,L,299.4,309.0,1800,24.3,128,0,0,0,0,0,0,9.600000000000023,4580.442088933918,3110.4
2130,H31543,H,299.4,309.0,1607,33.7,130,0,0,0,0,0,0,9.600000000000023,5671.192586284783,4381.0
2131,L49310,L,299.4,309.0,1391,58.2,135,0,0,0,0,0,0,9.600000000000023,8477.7134394182,7857.0
2132,L49311,L,299.4,309.1,1432,45.4,137,0,0,0,0,0,0,9.700000000000045,6808.124495643416,6219.8
2133,L49312,L,299.4,309.0,1660,28.4,139,0,0,0,0,0,0,9.600000000000023,4936.90813536124,3947.6
2134,H31547,H,299.3,309.0,1732,29.7,141,0,0,0,0,0,0,9.699999999999989,5386.826091257346,4187.7
2135,L49314,L,299.3,309.0,1473,46.3,146,0,0,0,0,0,0,9.699999999999989,7141.876827185283,6759.799999999999
2136,L49315,L,299.3,309.0,1511,47.8,148,0,0,0,0,0,0,9.699999999999989,7563.468089321523,7074.4
2137,L49316,L,299.2,308.9,1588,41.5,150,0,0,0,0,0,0,9.699999999999989,6901.241301895818,6225.0
2138,L49317,L,299.3,308.9,1623,31.1,152,0,0,0,0,0,0,9.599999999999966,5285.7610555913625,4727.2
2139,L49318,L,299.3,309.0,1734,30.6,154,0,0,0,0,0,0,9.699999999999989,5556.472094551195,4712.400000000001
2140,L49319,L,299.3,309.0,1415,47.6,156,0,0,0,0,0,0,9.699999999999989,7053.294386329564,7425.6
2141,L49320,L,299.3,309.0,1419,46.6,158,0,0,0,0,0,0,9.699999999999989,6924.6356951895505,7362.8
2142,M17001,M,299.3,308.9,1577,34.9,160,0,0,0,0,0,0,9.599999999999966,5763.49257844725,5584.0
2143,L49322,L,299.3,308.9,1376,60.3,163,0,0,0,0,0,0,9.599999999999966,8688.891297592507,9828.9
2144,M17003,M,299.3,308.8,1442,49.0,165,0,0,0,0,0,0,9.5,7399.288457244919,8085.0
2145,L49324,L,299.4,308.9,1451,40.5,168,0,0,0,0,0,0,9.5,6153.908769484366,6804.0
2146,L49325,L,299.3,308.8,1550,45.8,170,0,0,0,0,0,0,9.5,7434.0554159446465,7785.999999999999
2147,L49326,L,299.3,308.8,1647,32.9,172,0,0,0,0,0,0,9.5,5674.376066840419,5658.8
2148,L49327,L,299.4,308.9,1550,33.7,174,0,0,0,0,0,0,9.5,5470.036408675429,5863.8
2149,L49328,L,299.4,308.9,1583,34.1,176,0,0,0,0,0,0,9.5,5652.80379728577,6001.6
2150,L49329,L,299.4,309.0,1613,32.2,178,0,0,0,0,0,0,9.600000000000023,5438.997473257961,5731.6
2151,H31564,H,299.3,308.8,1636,35.5,180,0,0,0,0,0,0,9.5,6081.9139378396,6390.0
2152,M17011,M,299.3,308.7,1289,51.5,185,0,0,0,0,0,0,9.399999999999977,6951.663863985934,9527.5
2153,M17012,M,299.3,308.8,1648,28.4,188,0,0,0,0,0,0,9.5,4901.21964281646,5339.2
2154,H31567,H,299.3,308.8,1397,45.4,191,0,0,0,0,0,0,9.5,6641.724804758276,8671.4
2155,M17014,M,299.3,308.9,1767,24.8,196,0,0,0,0,0,0,9.599999999999966,4588.9872209516825,4860.8
2156,L49335,L,299.3,308.8,1341,47.7,199,0,0,0,0,0,0,9.5,6698.4724400576215,9492.300000000001
2157,M17016,M,299.4,308.9,1457,41.5,201,0,0,0,0,0,0,9.5,6331.932353187787,8341.5
2158,M17017,M,299.4,309.0,1939,19.8,204,0,0,0,0,0,0,9.600000000000023,4020.4217825050023,4039.2000000000003
2159,M17018,M,299.5,309.0,1399,49.7,207,0,0,0,0,0,0,9.5,7281.1959893964795,10287.900000000001
2160,M17019,M,299.5,309.0,1602,31.3,210,0,0,0,0,0,0,9.5,5250.920793063052,6573.0
2161,L49340,L,299.4,309.0,1507,41.0,213,0,0,0,0,0,0,9.600000000000023,6470.319509578418,8733.0
2162,L49341,L,299.4,309.1,1464,40.5,215,0,0,0,0,0,0,9.700000000000045,6209.043720554867,8707.5
2163,L49342,L,299.5,309.1,1336,42.1,217,0,0,0,0,0,0,9.600000000000023,5890.025458558335,9135.7
2164,L49343,L,299.6,309.2,1422,39.8,219,0,0,0,0,0,0,9.599999999999966,5926.677372850216,8716.199999999999
2165,L49344,L,299.6,309.2,1540,36.7,221,0,0,0,0,0,0,9.599999999999966,5918.551119852931,8110.700000000001
2166,L49345,L,299.5,309.1,1476,47.8,223,0,0,0,0,0,0,9.600000000000023,7388.271939006332,10659.4
2167,M17026,M,299.6,309.2,1867,23.4,225,1,1,0,0,0,0,9.599999999999966,4574.975717716671,5265.0
2168,H31581,H,299.6,309.1,1588,41.3,0,0,0,0,0,0,0,9.5,6867.982307669813,0.0
2169,M17028,M,299.5,309.1,1420,49.5,5,0,0,0,0,0,0,9.600000000000023,7360.7515873608845,247.5
2170,L49349,L,299.5,309.1,1415,49.2,8,0,0,0,0,0,0,9.600000000000023,7290.379911920473,393.6
2171,M17030,M,299.4,309.1,1500,43.3,10,0,0,0,0,0,0,9.700000000000045,6801.548095021901,433.0
2172,L49351,L,299.5,309.1,1502,44.6,13,0,0,0,0,0,0,9.600000000000023,7015.092619661912,579.8000000000001
2173,L49352,L,299.5,309.2,1816,23.0,15,0,0,0,0,0,0,9.699999999999989,4373.934731837949,345.0
2174,M17033,M,299.5,309.2,1495,41.6,17,0,0,0,0,0,0,9.699999999999989,6512.73101040188,707.2
2175,L49354,L,299.6,309.2,1572,33.4,20,0,0,0,0,0,0,9.599999999999966,5498.289798606712,668.0
2176,M17035,M,299.5,309.2,1590,35.9,22,0,0,0,0,0,0,9.699999999999989,5977.508341985299,789.8
2177,M17036,M,299.6,309.3,1387,48.3,25,0,0,0,0,0,0,9.699999999999989,7015.396306951758,1207.5
2178,M17037,M,299.6,309.2,1393,47.7,28,0,0,0,0,0,0,9.599999999999966,6958.219320656425,1335.6000000000001
2179,L49358,L,299.6,309.2,1602,37.3,31,0,0,0,0,0,0,9.599999999999966,6257.487079273221,1156.3
2180,L49359,L,299.6,309.2,1601,33.3,33,0,0,0,0,0,0,9.599999999999966,5582.9557206209565,1098.8999999999999
2181,H31594,H,299.6,309.2,1597,36.3,35,0,0,0,0,0,0,9.599999999999966,6070.719396017308,1270.5
2182,H31595,H,299.5,309.1,1548,44.3,40,0,0,0,0,0,0,9.600000000000023,7181.303814987836,1772.0
2183,M17042,M,299.5,309.2,1314,61.8,45,0,0,0,0,0,0,9.699999999999989,8503.788658442994,2781.0
2184,M17043,M,299.6,309.3,1577,39.8,48,0,0,0,0,0,0,9.699999999999989,6572.693542183397,1910.3999999999999
2185,L49364,L,299.8,309.4,1475,43.4,51,0,0,0,0,0,0,9.599999999999966,6703.63512398502,2213.4
2186,L49365,L,299.8,309.4,1630,32.4,53,0,0,0,0,0,0,9.599999999999966,5530.459707379471,1717.1999999999998
2187,L49366,L,299.7,309.4,1445,42.9,55,0,0,0,0,0,0,9.699999999999989,6491.629979745268,2359.5
2188,M17047,M,299.8,309.4,1439,47.4,57,0,0,0,0,0,0,9.599999999999966,7142.7878890548245,2701.7999999999997
2189,L49368,L,299.7,309.3,1420,44.1,60,0,0,0,0,0,0,9.600000000000023,6557.760505103334,2646.0
2190,H31603,H,299.7,309.2,1554,41.6,62,0,0,0,0,0,0,9.5,6769.755177367573,2579.2000000000003
2191,M17050,M,299.6,309.1,1471,44.3,67,0,0,0,0,0,0,9.5,6824.094258299164,2968.1
2192,L49371,L,299.6,309.0,1648,33.6,70,0,0,0,0,0,0,9.399999999999977,5798.626056289897,2352.0
2193,L49372,L,299.6,309.0,1472,48.8,72,0,0,0,0,0,0,9.399999999999977,7522.397001363591,3513.6
2194,M17053,M,299.5,308.9,1448,42.9,74,0,0,0,0,0,0,9.399999999999977,6505.107412229168,3174.6
2195,M17054,M,299.6,308.9,1568,35.3,77,0,0,0,0,0,0,9.299999999999955,5796.280333775216,2718.1
2196,L49375,L,299.6,308.9,1613,30.8,80,0,0,0,0,0,0,9.299999999999955,5202.519322246745,2464.0
2197,M17056,M,299.7,308.9,1551,35.4,82,0,0,0,0,0,0,9.199999999999989,5749.680042746967,2902.7999999999997
2198,L49377,L,299.7,309.0,1412,49.2,85,0,0,0,0,0,0,9.300000000000011,7274.923276064813,4182.0
2199,M17058,M,299.7,308.9,1478,41.0,87,0,0,0,0,0,0,9.199999999999989,6345.8077207411425,3567.0
2200,M17059,M,299.8,309.1,1268,58.0,90,0,0,0,0,0,0,9.300000000000011,7701.509670520258,5220.0
2201,L49380,L,299.8,309.1,1546,35.6,93,0,0,0,0,0,0,9.300000000000011,5763.523994373787,3310.8
2202,L49381,L,299.8,309.0,1567,36.1,95,0,0,0,0,0,0,9.199999999999989,5923.8604114374975,3429.5
2203,M17062,M,299.9,309.2,1548,35.7,97,0,0,0,0,0,0,9.300000000000011,5787.19065903083,3462.9
2204,L49383,L,299.8,309.0,1614,30.8,100,0,0,0,0,0,0,9.199999999999989,5205.744690704431,3080.0
2205,M17064,M,299.7,309.1,1352,46.1,102,0,0,0,0,0,0,9.400000000000034,6526.889121294059,4702.2
2206,L49385,L,299.9,309.2,1624,34.6,105,0,0,0,0,0,0,9.300000000000011,5884.24492807573,3633.0
2207,L49386,L,299.9,309.2,1436,52.0,107,0,0,0,0,0,0,9.300000000000011,7819.633554295234,5564.0
2208,L49387,L,299.8,309.2,1591,37.5,109,0,0,0,0,0,0,9.399999999999977,6247.842389826701,4087.5
2209,H31622,H,299.8,309.2,1435,42.6,111,0,0,0,0,0,0,9.399999999999977,6401.623350219921,4728.6
2210,L49389,L,299.8,309.3,1386,49.4,116,0,0,0,0,0,0,9.5,7169.994081434912,5730.4
2211,L49390,L,299.7,309.2,1401,54.1,118,0,0,0,0,0,0,9.5,7937.139591515005,6383.8
2212,M17071,M,299.6,309.0,1245,64.0,120,0,0,0,0,0,0,9.399999999999977,8344.07008793449,7680.0
2213,L49392,L,299.7,309.1,1475,40.0,123,0,0,0,0,0,0,9.400000000000034,6178.465552059926,4920.0
2214,L49393,L,299.7,309.1,1473,39.4,125,0,0,0,0,0,0,9.400000000000034,6077.536652075598,4925.0
2215,H31628,H,299.7,309.2,1355,44.8,127,0,0,0,0,0,0,9.5,6356.908014783826,5689.599999999999
2216,H31629,H,299.7,309.2,1468,49.6,132,0,0,0,0,0,0,9.5,7624.938585576763,6547.2
2217,L49396,L,299.7,309.2,1645,30.8,137,0,0,0,0,0,0,9.5,5305.731112892681,4219.6
2218,L49397,L,299.7,309.1,1347,55.3,139,0,0,0,0,0,0,9.400000000000034,7800.4803110838475,7686.7
2219,L49398,L,299.7,309.1,1713,33.5,141,0,0,0,0,0,0,9.400000000000034,6009.395507419235,4723.5
2220,M17079,M,299.6,309.1,1435,48.4,143,0,0,0,0,0,0,9.5,7273.205872080849,6921.2
2221,M17080,M,299.6,309.0,1736,26.1,146,0,0,0,0,0,0,9.399999999999977,4744.810216569736,3810.6000000000004
2222,L49401,L,299.6,309.0,1372,60.4,149,0,0,0,0,0,0,9.399999999999977,8678.000443060062,8999.6
2223,L49402,L,299.7,309.0,1605,33.0,151,0,0,0,0,0,0,9.300000000000011,5546.481829912779,4983.0
2224,L49403,L,299.6,309.0,1413,48.5,153,0,0,0,0,0,0,9.399999999999977,7176.4971782278435,7420.5
2225,M17084,M,299.7,309.0,1645,31.9,155,0,0,0,0,0,0,9.300000000000011,5495.221509781706,4944.5
2226,M17085,M,299.7,309.0,1465,49.0,158,0,0,0,0,0,0,9.300000000000011,7517.307621264777,7742.0
2227,M17086,M,299.6,308.9,1685,27.8,161,0,0,0,0,0,0,9.299999999999955,4905.387489070223,4475.8
2228,L49407,L,299.5,308.8,1965,20.4,164,0,0,0,0,0,0,9.300000000000011,4197.796103726681,3345.6
2229,H31642,H,299.4,308.6,1542,41.8,166,0,0,0,0,0,0,9.200000000000045,6749.774648090742,6938.799999999999
2230,L49409,L,299.4,308.7,1681,30.8,171,0,0,0,0,0,0,9.300000000000011,5421.844377369361,5266.8
2231,L49410,L,299.5,308.7,1446,45.7,173,0,0,0,0,0,0,9.199999999999989,6920.11180176838,7906.1
2232,L49411,L,299.4,308.6,1415,56.4,175,0,0,0,0,0,0,9.200000000000045,8357.264777079567,9870.0
2233,L49412,L,299.5,308.6,1672,30.5,177,0,0,0,0,0,0,9.100000000000023,5340.288632082169,5398.5
2234,L49413,L,299.5,308.7,2549,13.0,179,1,0,0,1,0,0,9.199999999999989,3470.0985254001657,2327.0
2235,L49414,L,299.4,308.6,1492,40.5,181,0,0,0,0,0,0,9.200000000000045,6327.795922860561,7330.5
2236,M17095,M,299.4,308.6,1455,42.7,183,0,0,0,0,0,0,9.200000000000045,6506.081305951782,7814.1
2237,M17096,M,299.3,308.5,1422,43.1,186,0,0,0,0,0,0,9.199999999999989,6418.0852957247325,8016.6
2238,L49417,L,299.3,308.6,1403,50.6,189,0,0,0,0,0,0,9.300000000000011,7434.243911503862,9563.4
2239,L49418,L,299.3,308.6,1474,49.6,191,0,0,0,0,0,0,9.300000000000011,7656.103184700374,9473.6
2240,L49419,L,299.2,308.6,1381,50.0,193,0,0,0,0,0,0,9.400000000000034,7230.899091012507,9650.0
2241,L49420,L,299.2,308.5,1457,44.7,195,0,0,0,0,0,0,9.300000000000011,6820.177739457689,8716.5
2242,L49421,L,299.2,308.4,1711,28.9,197,0,0,0,0,0,0,9.199999999999989,5178.171979181424,5693.299999999999
2243,L49422,L,299.2,308.4,1667,29.0,199,0,0,0,0,0,0,9.199999999999989,5062.467121749712,5771.0
2244,L49423,L,299.2,308.4,1465,35.0,201,0,0,0,0,0,0,9.199999999999989,5369.505443760554,7035.0
2245,M17104,M,299.3,308.4,1542,37.5,203,1,1,0,0,0,0,9.099999999999966,6055.4198397943255,7612.5
2246,M17105,M,299.3,308.4,1438,42.3,0,0,0,0,0,0,0,9.099999999999966,6369.830432565592,0.0
2247,L49426,L,299.3,308.4,1406,47.4,3,0,0,0,0,0,0,9.099999999999966,6978.985248096653,142.2
2248,M17107,M,299.2,308.4,1396,48.5,5,0,0,0,0,0,0,9.199999999999989,7090.155740131684,242.5
2249,M17108,M,299.3,308.5,1304,60.6,8,0,0,0,0,0,0,9.199999999999989,8275.206376967802,484.8
2250,L49429,L,299.2,308.5,1442,46.5,11,0,0,0,0,0,0,9.300000000000011,7021.773740038546,511.5
2251,M17110,M,299.2,308.4,1396,48.7,13,0,0,0,0,0,0,9.199999999999989,7119.393495761093,633.1
2252,H31665,H,299.1,308.3,1424,43.4,16,0,0,0,0,0,0,9.199999999999989,6471.848418003165,694.4
2253,H31666,H,299.1,308.3,1451,42.8,21,0,0,0,0,0,0,9.199999999999989,6503.390008245206,898.8
2254,L49433,L,299.2,308.4,1386,54.1,26,0,0,0,0,0,0,9.199999999999989,7852.159510235401,1406.6000000000001
2255,L49434,L,299.1,308.3,1325,46.9,28,0,0,0,0,0,0,9.199999999999989,6507.547382523457,1313.2
2256,L49435,L,299.1,308.3,1559,33.7,30,0,0,0,0,0,0,9.199999999999989,5501.797910403221,1011.0000000000001
2257,L49436,L,299.1,308.3,1489,38.1,32,0,0,0,0,0,0,9.199999999999989,5940.845955717907,1219.2
2258,L49437,L,299.1,308.3,1892,25.2,34,0,0,0,0,0,0,9.199999999999989,4992.8703724971865,856.8
2259,L49438,L,299.1,308.2,1319,60.3,36,0,0,0,0,0,0,9.099999999999966,8328.959027270723,2170.7999999999997
2260,L49439,L,299.1,308.3,1431,52.3,38,0,0,0,0,0,0,9.199999999999989,7837.362608836993,1987.3999999999999
2261,H31674,H,299.1,308.3,1521,36.5,40,0,0,0,0,0,0,9.199999999999989,5813.674285100591,1460.0
2262,M17121,M,299.1,308.2,1435,45.2,45,0,0,0,0,0,0,9.099999999999966,6792.332756571373,2034.0000000000002
2263,L49442,L,299.1,308.3,1533,42.4,48,0,0,0,0,0,0,9.199999999999989,6806.700306973788,2035.1999999999998
2264,M17123,M,299.2,308.4,1529,43.0,50,0,0,0,0,0,0,9.199999999999989,6885.00973985227,2150.0
2265,M17124,M,299.2,308.4,1415,43.5,53,0,0,0,0,0,0,9.199999999999989,6445.762727002858,2305.5
2266,M17125,M,299.2,308.4,1330,51.2,56,0,0,0,0,0,0,9.199999999999989,7130.996444628351,2867.2000000000003
2267,L49446,L,299.2,308.5,1381,60.6,59,0,0,0,0,0,0,9.300000000000011,8763.849698307158,3575.4
2268,L49447,L,299.2,308.5,1370,52.4,61,0,0,0,0,0,0,9.300000000000011,7517.621780530135,3196.4
2269,L49448,L,299.2,308.5,1438,46.6,63,0,0,0,0,0,0,9.300000000000011,7017.354566372497,2935.8
2270,L49449,L,299.3,308.6,1314,48.2,65,0,0,0,0,0,0,9.300000000000011,6632.404746552627,3133.0
2271,L49450,L,299.3,308.6,1437,48.1,67,0,0,0,0,0,0,9.300000000000011,7238.198057944347,3222.7000000000003
2272,L49451,L,299.2,308.5,1821,26.1,69,0,0,0,0,0,0,9.300000000000011,4977.130993302702,1800.9
2273,M17132,M,299.3,308.6,1448,52.1,71,0,0,0,0,0,0,9.300000000000011,7900.142102031229,3699.1
2274,L49453,L,299.3,308.5,1589,32.7,74,0,0,0,0,0,0,9.199999999999989,5441.269891944057,2419.8
2275,L49454,L,299.3,308.6,1520,33.7,76,0,0,0,0,0,0,9.300000000000011,5364.164736249452,2561.2000000000003
2276,L49455,L,299.3,308.6,1605,37.0,78,0,0,0,0,0,0,9.300000000000011,6218.782657780996,2886.0
2277,L49456,L,299.3,308.7,1393,54.2,80,0,0,0,0,0,0,9.399999999999977,7906.404343387385,4336.0
2278,H31691,H,299.3,308.7,1408,44.4,82,0,0,0,0,0,0,9.399999999999977,6546.576435256554,3640.7999999999997
2279,M17138,M,299.3,308.7,1459,35.6,87,0,0,0,0,0,0,9.399999999999977,5439.185968817176,3097.2000000000003
2280,L49459,L,299.4,308.7,1525,39.0,90,0,0,0,0,0,0,9.300000000000011,6228.207435741764,3510.0
2281,L49460,L,299.4,308.8,1390,57.0,92,0,0,0,0,0,0,9.400000000000034,8296.946198130643,5244.0
2282,L49461,L,299.3,308.7,1536,38.9,94,0,0,0,0,0,0,9.399999999999977,6257.047256301718,3656.6
2283,L49462,L,299.4,308.7,1459,47.6,96,0,0,0,0,0,0,9.300000000000011,7272.619441452181,4569.6
2284,L49463,L,299.2,308.5,1387,51.1,98,0,0,0,0,0,0,9.300000000000011,7422.085947934469,5007.8
2285,L49464,L,299.2,308.5,1378,53.4,100,0,0,0,0,0,0,9.300000000000011,7705.824124431188,5340.0
2286,L49465,L,299.4,308.7,1381,56.7,102,0,0,0,0,0,0,9.300000000000011,8199.839569208183,5783.400000000001
2287,M17146,M,299.4,308.7,1289,60.5,104,0,0,0,0,0,0,9.300000000000011,8166.517743129107,6292.0
2288,L49467,L,299.4,308.6,1746,26.8,107,0,0,0,0,0,0,9.200000000000045,4900.130557363216,2867.6
2289,M17148,M,299.4,308.6,1541,39.1,109,0,0,0,0,0,0,9.200000000000045,6309.689877200372,4261.900000000001
2290,L49469,L,299.4,308.7,1504,37.8,112,0,0,0,0,0,0,9.300000000000011,5953.443742258801,4233.599999999999
2291,M17150,M,299.5,308.7,1321,51.9,114,0,0,0,0,0,0,9.199999999999989,7179.575939028361,5916.599999999999
2292,M17151,M,299.5,308.8,1886,20.9,117,0,0,0,0,0,0,9.300000000000011,4127.780475453676,2445.2999999999997
2293,L49472,L,299.6,308.9,1422,53.2,120,0,0,0,0,0,0,9.299999999999955,7922.09136270431,6384.0
2294,L49473,L,299.5,308.9,1520,38.3,122,0,0,0,0,0,0,9.399999999999977,6096.365264046112,4672.599999999999
2295,L49474,L,299.4,308.8,1627,32.6,124,0,0,0,0,0,0,9.400000000000034,5554.356755497778,4042.4
2296,L49475,L,299.4,308.7,1512,37.2,126,0,0,0,0,0,0,9.300000000000011,5890.109234362431,4687.200000000001
2297,L49476,L,299.4,308.7,1553,42.7,128,0,0,0,0,0,0,9.300000000000011,6944.291593225511,5465.6
2298,L49477,L,299.3,308.7,1802,26.0,130,0,0,0,0,0,0,9.399999999999977,4906.329966866299,3380.0
2299,L49478,L,299.3,308.6,1482,37.6,132,0,0,0,0,0,0,9.300000000000011,5835.319858483826,4963.2
2300,L49479,L,299.4,308.7,1446,62.9,134,1,0,0,1,0,0,9.300000000000011,9524.617775300461,8428.6
2301,L49480,L,299.3,308.6,1371,50.5,136,0,0,0,0,0,0,9.300000000000011,7250.324605587204,6868.0
2302,M17161,M,299.2,308.6,1586,35.7,138,0,0,0,0,0,0,9.400000000000034,5929.25347882616,4926.6
2303,L49482,L,299.2,308.5,1515,39.8,141,0,0,0,0,0,0,9.300000000000011,6314.287074450124,5611.799999999999
2304,L49483,L,299.2,308.5,1374,53.6,143,0,0,0,0,0,0,9.300000000000011,7712.232973444512,7664.8
2305,L49484,L,299.1,308.5,1455,39.8,145,0,0,0,0,0,0,9.399999999999977,6064.216299224377,5771.0
2306,H31719,H,299.2,308.5,1342,47.5,147,0,0,0,0,0,0,9.300000000000011,6675.360790102712,6982.5
2307,L49486,L,299.1,308.6,1260,57.8,152,0,0,0,0,0,0,9.5,7626.530325854582,8785.6
2308,H31721,H,299.0,308.5,1623,33.5,154,0,0,0,0,0,0,9.5,5693.665445733462,5159.0
2309,L49488,L,299.1,308.5,1371,55.5,159,0,0,0,0,0,0,9.399999999999977,7968.178526932472,8824.5
2310,L49489,L,299.1,308.6,1611,31.4,161,0,0,0,0,0,0,9.5,5297.290700630037,5055.4
2311,M17170,M,299.0,308.4,1535,47.5,163,0,0,0,0,0,0,9.399999999999977,7635.379145162193,7742.5
2312,M17171,M,299.1,308.6,1491,38.5,166,0,0,0,0,0,0,9.5,6011.28046301139,6391.0
2313,M17172,M,299.1,308.6,1441,36.2,169,0,0,0,0,0,0,9.5,5462.622250012956,6117.8
2314,M17173,M,299.1,308.8,1725,26.6,172,0,0,0,0,0,0,9.699999999999989,4805.065963665588,4575.2
2315,L49494,L,299.2,308.9,1368,47.2,175,0,0,0,0,0,0,9.699999999999989,6761.712700174384,8260.0
2316,L49495,L,299.2,308.9,1526,37.9,177,0,0,0,0,0,0,9.699999999999989,6056.508925247571,6708.3
2317,L49496,L,299.2,308.8,1542,39.2,179,0,0,0,0,0,0,9.600000000000023,6329.932205865002,7016.8
2318,L49497,L,299.2,308.8,1605,31.1,181,0,0,0,0,0,0,9.600000000000023,5227.138936675377,5629.1
2319,L49498,L,299.2,308.8,1405,51.4,183,0,0,0,0,0,0,9.600000000000023,7562.54655547647,9406.199999999999
2320,M17179,M,299.2,308.8,1700,33.5,185,0,0,0,0,0,0,9.600000000000023,5963.790054064623,6197.5
2321,H31734,H,299.2,308.8,1440,39.1,188,0,0,0,0,0,0,9.600000000000023,5896.141092257323,7350.8
2322,M17181,M,299.2,308.8,1314,52.5,193,0,0,0,0,0,0,9.600000000000023,7224.092306929729,10132.5
2323,L49502,L,299.2,308.7,1514,41.9,196,0,0,0,0,0,0,9.5,6643.065217623808,8212.4
2324,M17183,M,299.2,308.7,1401,47.0,198,0,0,0,0,0,0,9.5,6895.481715364236,9306.0
2325,L49504,L,299.3,308.8,1636,29.9,201,0,0,0,0,0,0,9.5,5122.513429335324,6009.9
2326,L49505,L,299.3,308.8,1603,33.9,203,0,0,0,0,0,0,9.5,5690.649516786015,6881.7
2327,M17186,M,299.4,308.7,1487,52.6,205,0,0,0,0,0,0,9.300000000000011,8190.781310390332,10783.0
2328,M17187,M,299.3,308.7,1420,50.3,208,0,0,0,0,0,0,9.399999999999977,7479.7132291768185,10462.4
2329,L49508,L,299.3,308.7,1579,36.3,211,0,0,0,0,0,0,9.399999999999977,6002.295508022123,7659.299999999999
2330,L49509,L,299.3,308.7,1484,40.5,213,0,0,0,0,0,0,9.399999999999977,6293.866722201791,8626.5
2331,M17190,M,299.3,308.7,1390,49.3,215,0,0,0,0,0,0,9.399999999999977,7176.130659084924,10599.5
2332,L49511,L,299.3,308.6,1384,53.6,218,1,0,0,0,1,0,9.300000000000011,7768.36276218865,11684.800000000001
2333,L49512,L,299.2,308.5,1378,50.4,220,1,0,0,0,1,0,9.300000000000011,7272.912656766514,11088.0
2334,L49513,L,299.2,308.5,1445,45.2,222,0,0,0,0,0,0,9.300000000000011,6839.666085885458,10034.400000000001
2335,L49514,L,299.2,308.4,1445,43.5,224,0,0,0,0,0,0,9.199999999999989,6582.422007434014,9744.0
2336,L49515,L,299.2,308.4,1509,39.4,0,0,0,0,0,0,0,9.199999999999989,6226.071152737323,0.0
2337,L49516,L,299.2,308.4,1434,46.8,2,0,0,0,0,0,0,9.199999999999989,7027.86842978651,93.6
2338,L49517,L,299.2,308.4,1877,23.9,4,0,0,0,0,0,0,9.199999999999989,4697.759630594473,95.6
2339,L49518,L,299.3,308.3,1651,28.0,6,0,0,0,0,0,0,9.0,4840.984839671632,168.0
2340,L49519,L,299.2,308.2,1466,41.3,8,0,0,0,0,0,0,9.0,6340.341349523896,330.4
2341,L49520,L,299.1,308.1,1479,40.7,10,0,0,0,0,0,0,9.0,6303.637075354456,407.0
2342,L49521,L,299.1,308.2,1409,46.4,12,0,0,0,0,0,0,9.099999999999966,6846.326262311069,556.8
2343,M17202,M,299.2,308.2,1674,28.2,14,0,0,0,0,0,0,9.0,4943.484535982754,394.8
2344,L49523,L,299.1,308.3,1305,61.4,17,0,0,0,0,0,0,9.199999999999989,8390.879818472979,1043.8
2345,M17204,M,299.2,308.3,1755,26.4,19,0,0,0,0,0,0,9.100000000000023,4851.875694204076,501.59999999999997
2346,L49525,L,299.2,308.4,1475,38.7,22,0,0,0,0,0,0,9.199999999999989,5977.6654216179795,851.4000000000001
2347,L49526,L,299.2,308.4,1402,47.7,24,0,0,0,0,0,0,9.199999999999989,7003.175511529295,1144.8000000000002
2348,L49527,L,299.2,308.3,1410,43.0,26,0,0,0,0,0,0,9.100000000000023,6349.158752904972,1118.0
2349,L49528,L,299.2,308.4,1436,41.8,28,0,0,0,0,0,0,9.199999999999989,6285.782357106553,1170.3999999999999
2350,M17209,M,299.3,308.5,1386,42.2,30,0,0,0,0,0,0,9.199999999999989,6124.974701144804,1266.0
2351,L49530,L,299.3,308.6,1744,26.4,33,0,0,0,0,0,0,9.300000000000011,4821.465077317327,871.1999999999999
2352,L49531,L,299.2,308.4,1393,48.4,35,0,0,0,0,0,0,9.199999999999989,7060.331553873605,1694.0
2353,M17212,M,299.3,308.5,1422,45.4,37,0,0,0,0,0,0,9.199999999999989,6760.58172681909,1679.8
2354,L49533,L,299.2,308.4,1841,22.8,40,0,0,0,0,0,0,9.199999999999989,4395.590777196695,912.0
2355,L49534,L,299.3,308.6,1433,37.7,42,0,0,0,0,0,0,9.300000000000011,5657.390522560012,1583.4
2356,M17215,M,299.3,308.5,1305,60.6,44,0,0,0,0,0,0,9.199999999999989,8281.552394128053,2666.4
2357,H31770,H,299.3,308.6,1498,39.5,47,0,0,0,0,0,0,9.300000000000011,6196.372630185388,1856.5
2358,L49537,L,299.3,308.5,1772,26.1,52,0,0,0,0,0,0,9.199999999999989,4843.204898480169,1357.2
2359,M17218,M,299.2,308.4,1381,42.5,54,0,0,0,0,0,0,9.199999999999989,6146.264227360631,2295.0
2360,L49539,L,299.3,308.5,1413,38.5,57,0,0,0,0,0,0,9.199999999999989,5696.807038387051,2194.5
2361,H31774,H,299.2,308.4,1388,53.2,59,0,0,0,0,0,0,9.199999999999989,7732.67426964387,3138.8
2362,M17221,M,299.2,308.6,1631,35.4,64,0,0,0,0,0,0,9.400000000000034,6046.246389245844,2265.6
2363,H31776,H,299.3,308.6,1520,41.4,67,0,0,0,0,0,0,9.300000000000011,6589.804750169949,2773.7999999999997
2364,L49543,L,299.3,308.5,1510,45.4,72,0,0,0,0,0,0,9.199999999999989,7178.958092473155,3268.7999999999997
2365,L49544,L,299.2,308.5,1366,49.7,74,0,0,0,0,0,0,9.300000000000011,7109.4451190247255,3677.8
2366,L49545,L,299.4,308.5,1845,22.9,76,0,0,0,0,0,0,9.100000000000023,4424.4620136831845,1740.3999999999999
2367,L49546,L,299.3,308.5,1485,44.7,78,0,0,0,0,0,0,9.199999999999989,6951.244984965456,3486.6000000000004
2368,M17227,M,299.3,308.5,1496,39.4,80,0,0,0,0,0,0,9.199999999999989,6172.433694165034,3152.0
2369,M17228,M,299.3,308.4,1468,42.2,83,0,0,0,0,0,0,9.099999999999966,6487.346941760875,3502.6000000000004
2370,M17229,M,299.2,308.4,1856,22.7,86,0,0,0,0,0,0,9.199999999999989,4411.968946897409,1952.2
2371,L49550,L,299.2,308.4,1620,34.1,89,0,0,0,0,0,0,9.199999999999989,5784.928712320245,3034.9
2372,L49551,L,299.3,308.5,1409,44.8,91,0,0,0,0,0,0,9.199999999999989,6610.246046369307,4076.7999999999997
2373,M17232,M,299.3,308.5,1404,49.4,93,0,0,0,0,0,0,9.199999999999989,7263.110887687313,4594.2
2374,L49553,L,299.2,308.4,1350,51.3,96,0,0,0,0,0,0,9.199999999999989,7252.366640812037,4924.799999999999
2375,M17234,M,299.2,308.4,1538,38.0,98,0,0,0,0,0,0,9.199999999999989,6120.241368213396,3724.0
2376,M17235,M,299.2,308.4,1476,32.7,101,0,0,0,0,0,0,9.199999999999989,5054.319924801403,3302.7000000000003
2377,M17236,M,299.2,308.3,1364,51.8,104,0,0,0,0,0,0,9.100000000000023,7398.995241930585,5387.2
2378,M17237,M,299.2,308.3,1582,45.5,107,0,0,0,0,0,0,9.100000000000023,7537.832693268229,4868.5
2379,L49558,L,299.1,308.2,1348,56.1,110,0,0,0,0,0,0,9.099999999999966,7919.201097463007,6171.0
2380,H31793,H,299.1,308.2,1450,46.1,112,0,0,0,0,0,0,9.099999999999966,6999.992030973657,5163.2
2381,L49560,L,299.0,308.1,1242,60.9,117,0,0,0,0,0,0,9.100000000000023,7920.771893789802,7125.3
2382,L49561,L,299.1,308.2,1493,34.9,119,0,0,0,0,0,0,9.099999999999966,5456.496144338455,4153.099999999999
2383,L49562,L,299.1,308.3,1601,31.4,121,0,0,0,0,0,0,9.199999999999989,5264.408697522464,3799.3999999999996
2384,L49563,L,299.1,308.2,1568,33.3,123,0,0,0,0,0,0,9.099999999999966,5467.879181719963,4095.8999999999996
2385,M17244,M,299.1,308.3,1506,38.0,125,0,0,0,0,0,0,9.199999999999989,5992.9021459878895,4750.0
2386,L49565,L,299.1,308.3,1524,34.1,128,0,0,0,0,0,0,9.199999999999989,5442.118121960527,4364.8
2387,L49566,L,299.1,308.4,1543,37.9,130,0,0,0,0,0,0,9.299999999999955,6123.979863471167,4927.0
2388,M17247,M,299.2,308.5,1474,47.2,132,0,0,0,0,0,0,9.300000000000011,7285.646578989065,6230.400000000001
2389,M17248,M,299.2,308.5,1526,37.3,135,0,0,0,0,0,0,9.300000000000011,5960.62751746001,5035.5
2390,L49569,L,299.2,308.5,1867,27.0,138,0,0,0,0,0,0,9.300000000000011,5278.818135826929,3726.0
2391,L49570,L,299.2,308.5,1487,41.2,140,0,0,0,0,0,0,9.300000000000011,6415.5929655528835,5768.0
2392,L49571,L,299.2,308.4,1580,32.6,142,0,0,0,0,0,0,9.199999999999989,5393.905146703435,4629.2
2393,L49572,L,299.2,308.5,1340,50.0,144,0,0,0,0,0,0,9.300000000000011,7016.223593017205,7200.0
2394,L49573,L,299.2,308.5,1544,41.6,146,0,0,0,0,0,0,9.300000000000011,6726.191759237795,6073.6
2395,L49574,L,299.2,308.5,1488,40.3,148,0,0,0,0,0,0,9.300000000000011,6279.666723407565,5964.4
2396,M17255,M,299.2,308.5,1742,28.9,150,0,0,0,0,0,0,9.300000000000011,5271.990407793127,4335.0
2397,M17256,M,299.1,308.5,1592,34.2,153,0,0,0,0,0,0,9.399999999999977,5701.613675147044,5232.6
2398,L49577,L,299.2,308.6,1582,38.8,156,0,0,0,0,0,0,9.400000000000034,6427.866120852907,6052.799999999999
2399,L49578,L,299.2,308.5,1490,43.2,158,0,0,0,0,0,0,9.300000000000011,6740.601197542261,6825.6
2400,M17259,M,299.2,308.5,1594,35.8,160,0,0,0,0,0,0,9.300000000000011,5975.853769854408,5728.0
2401,H31814,H,299.2,308.6,1462,55.0,163,0,0,0,0,0,0,9.400000000000034,8420.515509171842,8965.0
2402,M17261,M,299.2,308.6,1367,47.6,168,0,0,0,0,0,0,9.400000000000034,6814.030689832166,7996.8
2403,L49582,L,299.2,308.7,1325,51.0,171,0,0,0,0,0,0,9.5,7076.437452211008,8721.0
2404,H31817,H,299.2,308.7,1448,51.4,173,0,0,0,0,0,0,9.5,7793.998158241941,8892.199999999999
2405,M17264,M,299.1,308.7,2008,20.3,178,0,0,0,0,0,0,9.599999999999966,4268.62854608962,3613.4
2406,L49585,L,299.1,308.7,1498,38.9,181,0,0,0,0,0,0,9.599999999999966,6102.250514283837,7040.9
2407,L49586,L,299.1,308.6,1437,41.6,183,0,0,0,0,0,0,9.5,6260.063185249165,7612.8
2408,M17267,M,299.1,308.6,1499,45.1,185,0,0,0,0,0,0,9.5,7079.568572889088,8343.5
2409,L49588,L,299.0,308.4,1356,52.6,188,0,0,0,0,0,0,9.399999999999977,7469.199365762805,9888.800000000001
2410,L49589,L,299.1,308.5,1539,46.8,190,0,0,0,0,0,0,9.399999999999977,7542.461306444518,8892.0
2411,L49590,L,299.1,308.5,1689,32.1,192,0,0,0,0,0,0,9.399999999999977,5677.580491347082,6163.200000000001
2412,L49591,L,299.0,308.5,1559,38.1,194,0,0,0,0,0,0,9.5,6220.133542622039,7391.400000000001
2413,L49592,L,299.1,308.6,1408,46.7,196,0,0,0,0,0,0,9.5,6885.700890236061,9153.2
2414,L49593,L,299.0,308.5,1886,23.0,198,0,0,0,0,0,0,9.5,4542.533537580602,4554.0
2415,L49594,L,299.1,308.5,1415,43.4,0,0,0,0,0,0,0,9.399999999999977,6430.944881653426,0.0
2416,M17275,M,299.1,308.5,1587,35.6,2,0,0,0,0,0,0,9.399999999999977,5916.372948946442,71.2
2417,L49596,L,299.0,308.4,1571,38.6,5,0,0,0,0,0,0,9.399999999999977,6350.268782309241,193.0
2418,L49597,L,298.9,308.3,1576,36.6,7,0,0,0,0,0,0,9.400000000000034,6040.403026910168,256.2
2419,L49598,L,298.9,308.3,1660,34.4,9,0,0,0,0,0,0,9.400000000000034,5979.916896353051,309.59999999999997
2420,M17279,M,298.9,308.2,1328,49.2,11,0,0,0,0,0,0,9.300000000000011,6842.137472106283,541.2
2421,H31834,H,298.8,308.2,1450,44.7,14,0,0,0,0,0,0,9.399999999999977,6787.410928080749,625.8000000000001
2422,L49601,L,298.9,308.2,2384,15.0,19,0,0,0,0,0,0,9.300000000000011,3744.7784430790334,285.0
2423,L49602,L,298.8,308.2,1443,53.4,21,0,0,0,0,0,0,9.399999999999977,8069.306394451526,1121.3999999999999
2424,M17283,M,298.9,308.2,2022,20.0,23,0,0,0,0,0,0,9.300000000000011,4234.866897039041,460.0
2425,L49604,L,298.9,308.2,1828,23.8,26,0,0,0,0,0,0,9.300000000000011,4555.979554137965,618.8000000000001
2426,L49605,L,298.8,308.1,1472,53.5,28,0,0,0,0,0,0,9.300000000000011,8246.890155183446,1498.0
2427,M17286,M,298.9,308.2,1372,63.6,30,1,0,0,1,0,0,9.300000000000011,9137.762055937415,1908.0
2428,L49607,L,298.9,308.3,1855,23.8,33,0,0,0,0,0,0,9.400000000000034,4623.272468777859,785.4
2429,M17288,M,299.0,308.3,1377,47.2,35,0,0,0,0,0,0,9.300000000000011,6806.197652149215,1652.0
2430,L49609,L,298.9,308.3,1432,48.9,38,0,0,0,0,0,0,9.400000000000034,7332.979908303151,1858.2
2431,M17290,M,298.9,308.2,1335,47.8,40,0,0,0,0,0,0,9.300000000000011,6682.481733450848,1912.0
2432,M17291,M,298.9,308.2,1411,51.3,43,0,0,0,0,0,0,9.300000000000011,7580.066170507988,2205.9
2433,L49612,L,298.9,308.2,1510,43.5,46,0,0,0,0,0,0,9.300000000000011,6878.5171150348515,2001.0
2434,L49613,L,299.0,308.3,1441,44.0,48,0,0,0,0,0,0,9.300000000000011,6639.651353606908,2112.0
2435,M17294,M,299.0,308.2,1358,42.7,50,0,0,0,0,0,0,9.199999999999989,6072.342552221664,2135.0
2436,L49615,L,298.9,308.2,1686,30.4,53,0,0,0,0,0,0,9.300000000000011,5367.348216805089,1611.1999999999998
2437,H31850,H,299.0,308.2,1662,30.4,55,0,0,0,0,0,0,9.199999999999989,5290.944683469786,1672.0
2438,L49617,L,299.1,308.3,1426,40.1,60,0,0,0,0,0,0,9.199999999999989,5988.147869105456,2406.0
2439,M17298,M,299.1,308.4,1330,53.6,62,0,0,0,0,0,0,9.299999999999955,7465.2619029703055,3323.2000000000003
2440,L49619,L,299.1,308.4,1693,31.6,65,0,0,0,0,0,0,9.299999999999955,5602.381235195654,2054.0
2441,L49620,L,299.1,308.4,1426,47.9,67,0,0,0,0,0,0,9.299999999999955,7152.924761350408,3209.2999999999997
2442,L49621,L,299.1,308.5,1676,31.0,69,0,0,0,0,0,0,9.399999999999977,5440.819596997043,2139.0
2443,M17302,M,299.1,308.4,1332,51.7,71,0,0,0,0,0,0,9.299999999999955,7211.463104462299,3670.7000000000003
2444,L49623,L,299.1,308.5,1647,35.0,74,0,0,0,0,0,0,9.399999999999977,6036.5702838727875,2590.0
2445,L49624,L,299.2,308.6,1267,68.2,76,1,0,0,1,0,0,9.400000000000034,9048.77120803673,5183.2
2446,H31859,H,299.2,308.7,1375,55.1,78,0,0,0,0,0,0,9.5,7933.830447253223,4297.8
2447,L49626,L,299.3,308.6,1422,48.9,83,0,0,0,0,0,0,9.300000000000011,7281.771948049638,4058.7
2448,L49627,L,299.3,308.7,1408,48.7,85,0,0,0,0,0,0,9.399999999999977,7180.591720653023,4139.5
2449,L49628,L,299.4,308.9,1440,42.5,87,0,0,0,0,0,0,9.5,6408.849013323178,3697.5
2450,L49629,L,299.3,308.8,1772,25.2,89,0,0,0,0,0,0,9.5,4676.197833015335,2242.7999999999997
2451,L49630,L,299.2,308.7,1492,37.8,91,0,0,0,0,0,0,9.5,5905.9428613365235,3439.7999999999997
2452,L49631,L,299.2,308.7,1650,30.5,93,0,0,0,0,0,0,9.5,5270.021676396877,2836.5
2453,M17312,M,299.1,308.6,2329,14.6,95,0,0,0,0,0,0,9.5,3560.827721235839,1387.0
2454,L49633,L,299.0,308.6,1648,30.8,98,0,0,0,0,0,0,9.600000000000023,5315.407218265738,3018.4
2455,L49634,L,299.0,308.6,1653,31.7,100,0,0,0,0,0,0,9.600000000000023,5487.325640245684,3170.0
2456,L49635,L,299.0,308.6,1946,22.3,102,0,0,0,0,0,0,9.600000000000023,4544.397549221731,2274.6
2457,L49636,L,299.1,308.6,1555,36.6,104,0,0,0,0,0,0,9.5,5959.915423125196,3806.4
2458,L49637,L,299.0,308.6,1661,32.2,106,0,0,0,0,0,0,9.600000000000023,5600.852326770907,3413.2000000000003
2459,L49638,L,299.0,308.6,1434,45.9,108,0,0,0,0,0,0,9.600000000000023,6892.717113829077,4957.2
2460,L49639,L,299.0,308.6,1297,54.2,110,0,0,0,0,0,0,9.600000000000023,7361.526513548772,5962.0
2461,L49640,L,299.0,308.6,1466,46.4,112,0,0,0,0,0,0,9.600000000000023,7123.289070651544,5196.8
2462,M17321,M,298.9,308.6,1517,39.8,114,0,0,0,0,0,0,9.700000000000045,6322.622766957649,4537.2
2463,L49642,L,298.9,308.5,1742,34.5,117,0,0,0,0,0,0,9.600000000000023,6293.552562936432,4036.5
2464,L49643,L,298.9,308.5,1580,39.1,119,0,0,0,0,0,0,9.600000000000023,6469.377031782341,4652.900000000001
2465,M17324,M,298.9,308.5,1534,42.9,121,0,0,0,0,0,0,9.600000000000023,6891.460476767641,5190.9
2466,L49645,L,298.9,308.6,1481,40.7,124,0,0,0,0,0,0,9.700000000000045,6312.161263421196,5046.8
2467,L49646,L,299.0,308.6,1429,37.7,126,0,0,0,0,0,0,9.600000000000023,5641.598783487967,4750.200000000001
2468,M17327,M,298.9,308.6,1574,33.5,128,0,0,0,0,0,0,9.700000000000045,5521.76796770454,4288.0
2469,M17328,M,298.9,308.6,1524,40.4,131,0,0,0,0,0,0,9.700000000000045,6447.553434815404,5292.4
2470,L49649,L,299.0,308.7,1507,37.5,134,0,0,0,0,0,0,9.699999999999989,5917.975161199773,5025.0
2471,L49650,L,298.9,308.5,1467,44.7,136,0,0,0,0,0,0,9.600000000000023,6866.987469996178,6079.200000000001
2472,L49651,L,298.9,308.4,1301,51.1,138,0,0,0,0,0,0,9.5,6961.884512085613,7051.8
2473,L49652,L,298.9,308.5,1429,55.1,140,0,0,0,0,0,0,9.600000000000023,8245.413606636259,7714.0
2474,M17333,M,298.9,308.5,1555,37.6,142,0,0,0,0,0,0,9.600000000000023,6122.754642336267,5339.2
2475,L49654,L,298.9,308.5,1503,40.6,145,0,0,0,0,0,0,9.600000000000023,6390.187952960855,5887.0
2476,L49655,L,298.9,308.5,1459,43.1,147,0,0,0,0,0,0,9.600000000000023,6585.081889214053,6335.7
2477,H31890,H,298.9,308.4,1449,42.4,149,0,0,0,0,0,0,9.5,6433.730427139609,6317.599999999999
2478,L49657,L,298.9,308.5,1387,57.3,154,0,0,0,0,0,0,9.600000000000023,8322.613010110472,8824.199999999999
2479,M17338,M,298.9,308.5,1456,50.0,156,0,0,0,0,0,0,9.600000000000023,7623.598172711231,7800.0
2480,L49659,L,299.0,308.5,1604,34.7,159,0,0,0,0,0,0,9.5,5828.575906254119,5517.3
2481,L49660,L,299.0,308.6,1734,32.4,161,0,0,0,0,0,0,9.600000000000023,5883.323394230677,5216.4
2482,L49661,L,299.0,308.6,1378,47.8,163,0,0,0,0,0,0,9.600000000000023,6897.722718123797,7791.4
2483,L49662,L,298.9,308.7,1504,41.8,165,0,0,0,0,0,0,9.800000000000011,6583.437789058674,6896.999999999999
2484,M17343,M,298.9,308.7,1402,49.8,167,0,0,0,0,0,0,9.800000000000011,7311.491414552596,8316.6
2485,H31898,H,298.8,308.6,1524,37.7,170,0,0,0,0,0,0,9.800000000000011,6016.652586449029,6409.000000000001
2486,L49665,L,298.8,308.6,1593,35.5,175,0,0,0,0,0,0,9.800000000000011,5922.059231649439,6212.5
2487,M17346,M,298.9,308.7,1772,28.4,177,0,0,0,0,0,0,9.800000000000011,5270.000732445853,5026.8
2488,H31901,H,298.9,308.6,1623,31.0,180,0,0,0,0,0,0,9.700000000000045,5268.7650393354415,5580.0
2489,L49668,L,298.9,308.7,1356,50.7,185,0,0,0,0,0,0,9.800000000000011,7199.399388672513,9379.5
2490,H31903,H,298.9,308.7,1500,41.6,187,0,0,0,0,0,0,9.800000000000011,6534.512719466769,7779.2
2491,H31904,H,299.1,308.8,1566,46.6,192,0,0,0,0,0,0,9.699999999999989,7641.986961710244,8947.2
2492,L49671,L,299.1,308.9,1445,43.4,197,0,0,0,0,0,0,9.799999999999955,6567.2900028192225,8549.8
2493,H31906,H,299.0,308.8,1382,58.5,199,0,0,0,0,0,0,9.800000000000011,8466.278042159132,11641.5
2494,M17353,M,299.0,308.8,1418,45.7,204,0,0,0,0,0,0,9.800000000000011,6786.112403117265,9322.800000000001
2495,L49674,L,299.1,308.8,1329,53.6,207,1,0,0,0,1,0,9.699999999999989,7459.648924095893,11095.2
2496,M17355,M,299.1,308.8,1491,41.0,209,0,0,0,0,0,0,9.699999999999989,6401.623350219921,8569.0
2497,M17356,M,299.2,308.9,1573,37.4,212,0,0,0,0,0,0,9.699999999999989,6160.684137640607,7928.799999999999
2498,M17357,M,299.2,308.9,1521,42.3,215,0,0,0,0,0,0,9.699999999999989,6737.491020815205,9094.5
2499,L49678,L,299.1,308.9,1467,47.2,218,0,0,0,0,0,0,9.799999999999955,7251.0471718975305,10289.6
2500,M17359,M,299.1,308.9,1325,48.4,220,0,0,0,0,0,0,9.799999999999955,6715.677895823781,10648.0
2501,L49680,L,299.1,308.9,1617,32.3,223,0,0,0,0,0,0,9.799999999999955,5469.418562120221,7202.9
2502,M17361,M,299.1,308.9,1476,42.7,225,0,0,0,0,0,0,9.799999999999955,6599.983510367581,9607.5
2503,L49682,L,299.2,309.0,1515,48.9,228,1,0,0,0,1,0,9.800000000000011,7758.005978407315,11149.199999999999
2504,L49683,L,299.2,309.0,1408,47.2,0,0,0,0,0,0,0,9.800000000000011,6959.423597840301,0.0
2505,L49684,L,299.2,309.1,1468,45.6,2,0,0,0,0,0,0,9.900000000000034,7010.0241835141205,91.2
2506,L49685,L,299.2,309.1,1387,48.7,4,0,0,0,0,0,0,9.900000000000034,7073.494827092147,194.8
2507,M17366,M,299.2,309.1,1503,34.7,6,0,0,0,0,0,0,9.900000000000034,5461.564580486248,208.20000000000002
2508,H31921,H,299.2,309.1,1410,47.1,9,0,0,0,0,0,0,9.900000000000034,6954.543657251725,423.90000000000003
2509,L49688,L,299.0,308.9,1615,30.6,14,0,0,0,0,0,0,9.899999999999977,5175.145578258466,428.40000000000003
2510,L49689,L,299.0,308.9,1511,35.9,16,0,0,0,0,0,0,9.899999999999977,5680.512644490432,574.4
2511,L49690,L,299.1,309.0,1405,53.8,18,0,0,0,0,0,0,9.899999999999977,7915.661569739962,968.4
2512,M17371,M,299.0,308.9,1526,41.1,20,0,0,0,0,0,0,9.899999999999977,6567.876433447893,822.0
2513,L49692,L,298.9,308.8,1530,38.3,23,0,0,0,0,0,0,9.900000000000034,6136.472930256942,880.9
2514,L49693,L,299.0,308.7,1583,32.5,25,0,0,0,0,0,0,9.699999999999989,5387.569601518696,812.5
2515,L49694,L,298.9,308.6,2069,18.7,27,0,0,0,0,0,0,9.700000000000045,4051.6387415061718,504.9
2516,L49695,L,298.8,308.5,1490,35.0,29,0,0,0,0,0,0,9.699999999999989,5461.135229490257,1015.0
2517,L49696,L,298.8,308.5,1736,29.0,31,0,0,0,0,0,0,9.699999999999989,5272.011351744151,899.0
2518,L49697,L,298.8,308.5,1395,44.4,33,0,0,0,0,0,0,9.699999999999989,6486.132192601486,1465.2
2519,M17378,M,298.9,308.6,1425,49.6,35,0,0,0,0,0,0,9.700000000000045,7401.5922918575525,1736.0
2520,L49699,L,298.8,308.6,1631,32.4,38,0,0,0,0,0,0,9.800000000000011,5533.852627445348,1231.2
2521,L49700,L,298.8,308.6,1535,41.2,40,0,0,0,0,0,0,9.800000000000011,6622.686753277524,1648.0
2522,L49701,L,298.8,308.6,1584,34.4,42,0,0,0,0,0,0,9.800000000000011,5706.137568568212,1444.8
2523,M17382,M,298.8,308.7,1543,38.2,44,0,0,0,0,0,0,9.899999999999977,6172.454638116058,1680.8000000000002
2524,L49703,L,298.8,308.7,1635,35.2,47,0,0,0,0,0,0,9.899999999999977,6026.83134664666,1654.4
2525,M17384,M,298.8,308.7,1446,45.5,49,0,0,0,0,0,0,9.899999999999977,6889.826848587775,2229.5
2526,M17385,M,298.8,308.6,1598,35.1,52,0,0,0,0,0,0,9.800000000000011,5873.7101207106925,1825.2
2527,L49706,L,298.8,308.6,1501,35.0,55,0,0,0,0,0,0,9.800000000000011,5501.452335211326,1925.0
2528,L49707,L,298.8,308.5,1450,50.8,57,0,0,0,0,0,0,9.699999999999989,7713.657162114138,2895.6
2529,L49708,L,298.8,308.6,1730,25.9,59,0,0,0,0,0,0,9.800000000000011,4692.178067646595,1528.1
2530,M17389,M,298.8,308.6,1571,33.7,61,0,0,0,0,0,0,9.800000000000011,5544.1465793736115,2055.7000000000003
2531,L49710,L,298.9,308.7,1438,51.7,64,0,0,0,0,0,0,9.800000000000011,7785.348306469058,3308.8
2532,M17391,M,298.8,308.5,1510,38.7,66,0,0,0,0,0,0,9.699999999999989,6119.508329927558,2554.2000000000003
2533,L49712,L,298.9,308.7,1389,44.9,69,0,0,0,0,0,0,9.800000000000011,6530.962719768213,3098.1
2534,L49713,L,298.8,308.7,1490,33.6,71,0,0,0,0,0,0,9.899999999999977,5242.689820310647,2385.6
2535,L49714,L,298.9,308.7,1729,26.6,73,0,0,0,0,0,0,9.800000000000011,4816.208145610321,1941.8000000000002
2536,L49715,L,299.0,308.8,1495,38.4,75,0,0,0,0,0,0,9.800000000000011,6011.7517019094275,2880.0
2537,L49716,L,298.9,308.8,1281,53.9,77,0,0,0,0,0,0,9.900000000000034,7230.469740016516,4150.3
2538,H31951,H,298.9,308.7,1353,48.1,79,0,0,0,0,0,0,9.800000000000011,6815.088359358874,3799.9
2539,L49718,L,299.1,308.8,1429,50.1,84,0,0,0,0,0,0,9.699999999999989,7497.190956306291,4208.400000000001
2540,L49719,L,299.1,308.8,1413,42.1,86,0,0,0,0,0,0,9.699999999999989,6229.495488729736,3620.6
2541,L49720,L,299.1,308.8,1502,38.3,88,0,0,0,0,0,0,9.699999999999989,6024.171464866619,3370.3999999999996
2542,H31955,H,299.1,308.8,1553,32.6,90,0,0,0,0,0,0,9.699999999999989,5301.730818247111,2934.0
2543,H31956,H,299.2,308.9,1712,26.4,95,0,0,0,0,0,0,9.699999999999989,4732.997828192238,2508.0
2544,L49723,L,299.3,309.0,1786,23.5,100,0,0,0,0,0,0,9.699999999999989,4395.19284212724,2350.0
2545,L49724,L,299.2,309.0,1951,21.4,102,0,0,0,0,0,0,9.800000000000011,4372.196383902962,2182.7999999999997
2546,M17405,M,299.2,309.0,1541,36.3,104,0,0,0,0,0,0,9.800000000000011,5857.845077810063,3775.2
2547,L49726,L,299.2,309.1,1605,34.3,107,0,0,0,0,0,0,9.900000000000034,5764.979598969949,3670.1
2548,L49727,L,299.2,309.1,1578,38.1,109,0,0,0,0,0,0,9.900000000000034,6295.94017335316,4152.900000000001
2549,M17408,M,299.3,309.2,1440,37.5,111,0,0,0,0,0,0,9.899999999999977,5654.8667764616275,4162.5
2550,L49729,L,299.4,309.2,1489,42.3,114,0,0,0,0,0,0,9.800000000000011,6595.742360285234,4822.2
2551,L49730,L,299.4,309.3,1366,48.4,116,0,0,0,0,0,0,9.900000000000034,6923.483777883233,5614.4
2552,L49731,L,299.3,309.2,1541,37.2,118,0,0,0,0,0,0,9.899999999999977,6003.080906185521,4389.6
2553,H31966,H,299.3,309.1,1552,40.7,120,0,0,0,0,0,0,9.800000000000011,6614.769939790477,4884.0
2554,L49733,L,299.3,309.1,1473,40.3,125,0,0,0,0,0,0,9.800000000000011,6216.363631437731,5037.5
2555,L49734,L,299.3,309.1,1531,37.9,127,0,0,0,0,0,0,9.800000000000011,6076.353318842746,4813.3
2556,L49735,L,299.3,309.2,1511,37.2,129,0,0,0,0,0,0,9.899999999999977,5886.2136594719805,4798.8
2557,M17416,M,299.3,309.1,1449,47.9,131,0,0,0,0,0,0,9.800000000000011,7268.294515565736,6274.9
2558,M17417,M,299.4,309.1,1440,50.0,134,0,0,0,0,0,0,9.700000000000045,7539.822368615503,6700.0
2559,M17418,M,299.2,309.0,1881,23.9,137,0,0,0,0,0,0,9.800000000000011,4707.770839183911,3274.2999999999997
2560,L49739,L,299.3,309.0,1447,50.4,140,0,0,0,0,0,1,9.699999999999989,7637.086077170644,7056.0
2561,M17420,M,299.4,309.1,1326,62.0,142,0,0,0,0,0,0,9.700000000000045,8609.22050789747,8804.0
2562,L49741,L,299.4,309.2,1607,31.7,145,0,0,0,0,0,0,9.800000000000011,5334.623293330196,4596.5
2563,L49742,L,299.3,309.1,1551,39.1,147,0,0,0,0,0,0,9.800000000000011,6350.635301452159,5747.7
2564,L49743,L,299.3,309.1,1496,37.2,149,0,0,0,0,0,0,9.800000000000011,5827.78003611521,5542.8
2565,L49744,L,299.3,309.1,1493,38.0,151,0,0,0,0,0,0,9.800000000000011,5941.170586958777,5738.0
2566,L49745,L,299.4,309.1,1304,50.5,153,0,0,0,0,0,0,9.700000000000045,6896.005314139835,7726.5
2567,M17426,M,299.3,309.0,1420,41.6,155,0,0,0,0,0,0,9.699999999999989,6186.0053744285415,6448.0
2568,L49747,L,299.4,309.1,1766,24.6,158,0,0,0,0,0,0,9.700000000000045,4549.403153516451,3886.8
2569,L49748,L,299.6,309.2,1450,43.1,160,0,0,0,0,0,0,9.599999999999966,6544.4610962031375,6896.0
2570,H31983,H,299.5,309.2,1872,22.6,162,0,0,0,0,0,0,9.699999999999989,4430.39962379847,3661.2000000000003
2571,L49750,L,299.6,309.2,1713,26.5,167,0,0,0,0,0,0,9.599999999999966,4753.700923779395,4425.5
2572,M17431,M,299.5,309.2,1497,40.9,169,0,0,0,0,0,0,9.699999999999989,6411.707862637944,6912.099999999999
2573,M17432,M,299.4,309.1,1352,44.7,172,0,0,0,0,0,0,9.700000000000045,6328.675568803566,7688.400000000001
2574,L49753,L,299.5,309.2,1499,41.5,175,0,0,0,0,0,0,9.699999999999989,6514.458886361354,7262.5
2575,L49754,L,299.5,309.3,1972,19.3,177,0,0,0,0,0,0,9.800000000000011,3985.5919919522025,3416.1
2576,L49755,L,299.5,309.3,1422,49.2,179,0,0,0,0,0,0,9.800000000000011,7326.445395583685,8806.800000000001
2577,L49756,L,299.5,309.3,1523,41.5,181,0,0,0,0,0,0,9.800000000000011,6618.759762460536,7511.5
2578,L49757,L,299.5,309.4,1563,41.5,183,0,0,0,0,0,0,9.899999999999977,6792.594555959171,7594.5
2579,L49758,L,299.4,309.3,1391,46.6,185,0,0,0,0,0,0,9.900000000000034,6787.997358709417,8621.0
2580,L49759,L,299.3,309.1,1795,24.7,187,0,0,0,0,0,0,9.800000000000011,4642.907422862795,4618.9
2581,L49760,L,299.3,309.1,1293,53.7,189,0,0,0,0,0,0,9.800000000000011,7271.121948953969,10149.300000000001
2582,L49761,L,299.2,309.1,1345,60.7,191,1,0,0,0,1,0,9.900000000000034,8549.477887601703,11593.7
2583,L49762,L,299.2,309.0,1615,33.7,193,0,0,0,0,0,0,9.800000000000011,5699.425032265043,6504.1
2584,L49763,L,299.2,308.9,1342,50.8,195,0,0,0,0,0,0,9.699999999999989,7139.122697625636,9906.0
2585,L49764,L,299.1,308.8,1502,46.7,197,0,0,0,0,0,0,9.699999999999989,7345.399671260344,9199.900000000001
2586,M17445,M,299.0,308.7,1620,35.4,199,0,0,0,0,0,0,9.699999999999989,6005.468516602248,7044.599999999999
2587,L49766,L,299.0,308.7,1537,42.8,202,0,0,0,0,0,0,9.699999999999989,6888.84248288965,8645.599999999999
2588,L49767,L,299.0,308.7,2248,16.8,204,0,0,0,0,0,0,9.699999999999989,3954.8881597511186,3427.2000000000003
2589,L49768,L,299.0,308.7,1706,28.6,206,0,0,0,0,0,0,9.699999999999989,5109.444403896392,5891.6
2590,L49769,L,299.0,308.7,2250,16.6,208,0,0,0,0,0,0,9.699999999999989,3911.2828537192922,3452.8
2591,L49770,L,299.0,308.7,1396,48.6,0,0,0,0,0,0,0,9.699999999999989,7104.774617946389,0.0
2592,L49771,L,298.9,308.6,1522,46.4,2,0,0,0,0,0,0,9.700000000000045,7395.392882354468,92.8
2593,L49772,L,298.9,308.6,1539,45.4,4,0,0,0,0,0,0,9.700000000000045,7316.832122063699,181.6
2594,H32007,H,298.9,308.5,1415,54.0,6,0,0,0,0,0,0,9.600000000000023,8001.636488693202,324.0
2595,L49774,L,298.8,308.5,1446,37.0,11,0,0,0,0,0,0,9.699999999999989,5602.716338412037,407.0
2596,M17455,M,298.8,308.6,1486,41.1,13,0,0,0,0,0,0,9.800000000000011,6395.717156031173,534.3000000000001
2597,L49776,L,299.0,308.7,1426,38.6,16,0,0,0,0,0,0,9.699999999999989,5764.1523129045045,617.6
2598,L49777,L,299.0,308.7,1449,38.9,18,0,0,0,0,0,0,9.699999999999989,5902.644189050254,700.1999999999999
2599,L49778,L,299.1,308.8,1320,67.5,20,1,0,0,1,0,0,9.699999999999989,9330.530181161685,1350.0
2600,M17459,M,299.2,308.9,1447,39.6,22,0,0,0,0,0,0,9.699999999999989,6000.567632062649,871.2
2601,L49780,L,299.3,309.0,1422,47.3,25,0,0,0,0,0,0,9.699999999999989,7043.513561201386,1182.5
2602,L49781,L,299.3,309.1,1399,52.1,27,0,0,0,0,0,0,9.800000000000011,7632.80303918625,1406.7
2603,L49782,L,299.4,309.2,1427,41.5,29,0,0,0,0,0,0,9.800000000000011,6201.556258063812,1203.5
2604,M17463,M,299.3,309.2,1334,46.3,31,0,0,0,0,0,0,9.899999999999977,6467.931899161689,1435.3
2605,M17464,M,299.3,309.1,1385,45.6,34,0,0,0,0,0,0,9.800000000000011,6613.680854337232,1550.4
2606,L49785,L,299.4,309.2,1552,37.4,37,0,0,0,0,0,0,9.800000000000011,6078.4372419696265,1383.8
2607,H32020,H,299.4,309.3,1534,37.5,39,0,0,0,0,0,0,9.900000000000034,6024.003913258428,1462.5
2608,L49787,L,299.4,309.3,1448,48.6,44,0,0,0,0,0,0,9.900000000000034,7369.422383084793,2138.4
2609,L49788,L,299.5,309.3,1409,44.7,46,0,0,0,0,0,0,9.800000000000011,6595.4910328729475,2056.2000000000003
2610,L49789,L,299.4,309.2,1621,34.5,48,0,0,0,0,0,0,9.800000000000011,5856.399945189412,1656.0
2611,H32024,H,299.4,309.1,1547,40.9,50,0,0,0,0,0,0,9.700000000000045,6625.859761857648,2045.0
2612,L49791,L,299.4,309.1,1957,22.1,55,0,0,0,0,0,0,9.700000000000045,4529.09799299875,1215.5
2613,L49792,L,299.4,309.1,2421,14.2,57,0,0,0,0,0,0,9.700000000000045,3600.076685454687,809.4
2614,M17473,M,299.3,309.1,1571,38.3,59,0,0,0,0,0,0,9.800000000000011,6300.914361721344,2259.7
2615,L49794,L,299.3,309.1,1634,36.8,62,0,0,0,0,0,0,9.800000000000011,6296.924539051285,2281.6
2616,L49795,L,299.3,309.0,1516,38.7,64,0,0,0,0,0,0,9.699999999999989,6143.824257066343,2476.8
2617,L49796,L,299.4,309.1,1207,66.5,66,0,0,0,0,0,0,9.700000000000045,8405.38350455705,4389.0
2618,L49797,L,299.4,309.1,1670,35.9,68,0,0,0,0,0,0,9.700000000000045,6278.263478688962,2441.2
2619,M17478,M,299.4,309.1,1461,48.6,70,0,0,0,0,0,0,9.700000000000045,7435.584324369394,3402.0
2620,L49799,L,299.4,309.2,1569,40.8,73,0,0,0,0,0,0,9.800000000000011,6703.656067936044,2978.3999999999996
2621,L49800,L,299.4,309.2,1556,35.7,75,0,0,0,0,0,0,9.800000000000011,5817.098621093005,2677.5
2622,M17481,M,299.5,309.3,1506,41.5,77,0,0,0,0,0,0,9.800000000000011,6544.8799752236155,3195.5
2623,M17482,M,299.6,309.4,1642,30.3,80,0,0,0,0,0,0,9.799999999999955,5210.080088566384,2424.0
2624,M17483,M,299.6,309.4,1283,62.1,83,0,0,0,0,0,0,9.799999999999955,8343.47318533031,5154.3
2625,H32038,H,299.7,309.5,1375,46.8,86,0,0,0,0,0,0,9.800000000000011,6738.7162419501055,4024.7999999999997
2626,L49805,L,299.7,309.4,1399,39.9,91,0,0,0,0,0,0,9.699999999999989,5845.4672027549195,3630.9
2627,L49806,L,299.7,309.4,1650,29.8,93,0,0,0,0,0,0,9.699999999999989,5149.07035923367,2771.4
2628,M17487,M,299.8,309.6,1346,53.2,95,0,0,0,0,0,0,9.800000000000011,7498.688448804501,5054.0
2629,H32042,H,299.9,309.6,1410,51.2,98,0,0,0,0,0,0,9.700000000000045,7559.928561598478,5017.6
2630,L49809,L,300.0,309.7,1586,37.8,103,0,0,0,0,0,0,9.699999999999989,6278.033095227698,3893.3999999999996
2631,L49810,L,300.0,309.8,1372,39.6,105,0,0,0,0,0,0,9.800000000000011,5689.5499593572595,4158.0
2632,H32045,H,300.0,309.7,1529,42.4,107,0,0,0,0,0,0,9.699999999999989,6788.939836505495,4536.8
2633,M17492,M,300.0,309.7,1652,28.6,112,0,0,0,0,0,0,9.699999999999989,4947.71521408959,3203.2000000000003
2634,L49813,L,300.1,309.8,1532,39.8,115,0,0,0,0,0,0,9.699999999999989,6385.140460764086,4577.0
2635,L49814,L,300.0,309.7,1554,32.0,117,0,0,0,0,0,0,9.699999999999989,5207.5039825904405,3744.0
2636,H32049,H,299.9,309.6,1462,51.0,119,0,0,0,0,0,0,9.700000000000045,7808.1143812320715,6069.0
2637,L49816,L,299.9,309.6,1254,61.3,124,0,0,0,0,0,0,9.700000000000045,8049.82851999927,7601.2
2638,L49817,L,299.9,309.6,1294,49.7,126,0,0,0,0,0,0,9.700000000000045,6734.715947304535,6262.200000000001
2639,L49818,L,299.8,309.5,1739,27.5,128,0,0,0,0,0,0,9.699999999999989,5007.960489209929,3520.0
2640,M17499,M,299.8,309.4,1412,47.8,130,0,0,0,0,0,0,9.599999999999966,7067.9132641442675,6214.0
2641,M17500,M,299.9,309.5,1372,56.2,133,0,0,0,0,0,0,9.600000000000023,8074.563326158534,7474.6
2642,H32055,H,299.8,309.5,1420,46.7,136,0,0,0,0,0,0,9.699999999999989,6944.385841005118,6351.200000000001
2643,L49822,L,299.8,309.5,1542,40.3,141,0,0,0,0,0,0,9.699999999999989,6507.5578544989685,5682.299999999999
2644,M17503,M,299.8,309.4,1401,48.1,143,0,0,0,0,0,0,9.599999999999966,7056.865329979145,6878.3
2645,L49824,L,299.8,309.4,1510,42.5,146,0,0,0,0,0,0,9.599999999999966,6720.390284804165,6205.0
2646,H32059,H,299.9,309.5,1547,38.5,148,0,0,0,0,0,0,9.600000000000023,6237.056255049376,5698.0
2647,M17506,M,299.8,309.5,1453,43.2,153,0,0,0,0,0,0,9.699999999999989,6573.217140958996,6609.6
2648,L49827,L,299.8,309.4,1408,45.6,156,0,0,0,0,0,0,9.599999999999966,6723.510933506732,7113.6
2649,L49828,L,299.8,309.4,1436,51.6,158,0,0,0,0,0,0,9.599999999999966,7759.482526954502,8152.8
2650,M17509,M,299.9,309.5,1582,38.2,160,0,0,0,0,0,0,9.600000000000023,6328.466129293327,6112.0
2651,L49830,L,299.9,309.6,1280,59.3,163,0,0,0,0,0,0,9.700000000000045,7948.648292602655,9665.9
2652,L49831,L,299.9,309.5,2008,20.4,165,0,0,0,0,0,0,9.600000000000023,4289.656272917647,3365.9999999999995
2653,L49832,L,299.9,309.5,1772,23.5,167,0,0,0,0,0,0,9.600000000000023,4360.740042692872,3924.5
2654,L49833,L,299.9,309.5,1779,26.1,169,0,0,0,0,0,0,9.600000000000023,4862.33719774053,4410.900000000001
2655,L49834,L,299.9,309.5,1567,35.5,171,0,0,0,0,0,0,9.600000000000023,5825.402897673994,6070.5
2656,M17515,M,299.8,309.4,1751,27.0,173,0,0,0,0,0,0,9.599999999999966,4950.835862792154,4671.0
2657,L49836,L,299.9,309.5,1349,51.3,176,0,0,0,0,0,0,9.600000000000023,7246.994517374398,9028.8
2658,M17517,M,300.0,309.5,1425,40.8,178,0,0,0,0,0,0,9.5,6088.406562657018,7262.4
2659,L49838,L,300.0,309.4,1395,44.5,181,0,0,0,0,0,0,9.399999999999977,6500.740598440679,8054.5
2660,H32073,H,299.8,309.3,1595,32.1,183,0,0,0,0,0,0,9.5,5361.59910224902,5874.3
2661,L49840,L,299.8,309.3,1291,56.4,188,0,0,0,0,0,0,9.5,7624.896697674714,10603.199999999999
2662,M17521,M,299.9,309.4,1509,42.8,190,0,0,0,0,0,0,9.5,6763.34632835425,8131.999999999999
2663,M17522,M,299.9,309.4,1483,38.1,193,0,0,0,0,0,0,9.5,5916.907019697553,7353.3
2664,L49843,L,299.9,309.3,1620,31.1,196,0,0,0,0,0,0,9.400000000000034,5275.9907024386985,6095.6
2665,M17524,M,299.9,309.4,1487,42.2,198,0,0,0,0,0,0,9.5,6571.311241415818,8355.6
2666,L49845,L,299.8,309.4,2256,15.9,201,0,0,0,0,0,0,9.599999999999966,3756.3395040442438,3195.9
2667,H32080,H,299.7,309.2,1691,27.7,203,0,0,0,0,0,0,9.5,4905.146633633447,5623.099999999999
2668,M17527,M,299.8,309.3,1663,35.2,208,0,0,0,0,0,0,9.5,6130.043137292596,7321.6
2669,M17528,M,299.8,309.3,1640,31.1,211,0,0,0,0,0,0,9.5,5341.126390123127,6562.1
2670,H32083,H,299.7,309.3,1494,37.8,214,0,0,0,0,0,0,9.600000000000023,5913.85967482357,8089.2
2671,L49850,L,299.8,309.4,1467,46.2,219,0,0,0,0,0,0,9.599999999999966,7097.423291136989,10117.800000000001
2672,M17531,M,299.7,309.3,1399,41.9,221,1,1,0,0,0,0,9.600000000000023,6138.473077579728,9259.9
2673,L49852,L,299.7,309.3,1445,42.6,0,0,0,0,0,0,0,9.600000000000023,6446.233965900896,0.0
2674,L49853,L,299.8,309.4,1480,40.9,2,0,0,0,0,0,0,9.599999999999966,6338.896216903245,81.8
2675,L49854,L,299.7,309.3,1546,37.2,4,0,0,0,0,0,0,9.600000000000023,6022.558780637777,148.8
2676,L49855,L,299.7,309.3,1574,35.8,6,0,0,0,0,0,0,9.600000000000023,5900.874425188732,214.79999999999998
2677,L49856,L,299.7,309.3,1592,34.2,8,0,0,0,0,0,0,9.600000000000023,5701.613675147044,273.6
2678,L49857,L,299.8,309.5,1495,39.6,10,0,0,0,0,0,0,9.699999999999989,6199.6189425940975,396.0
2679,L49858,L,299.8,309.6,1447,43.1,12,0,0,0,0,0,0,9.800000000000011,6530.920831866166,517.2
2680,L49859,L,299.8,309.5,1476,44.4,14,0,0,0,0,0,0,9.699999999999989,6862.746319913831,621.6
2681,L49860,L,299.8,309.5,1641,27.1,16,0,0,0,0,0,0,9.699999999999989,4657.002701901902,433.6
2682,L49861,L,299.8,309.5,1545,32.2,18,0,0,0,0,0,0,9.699999999999989,5209.703097447955,579.6
2683,M17542,M,299.9,309.6,1364,44.4,20,0,0,0,0,0,0,9.700000000000045,6341.995921654787,888.0
2684,L49863,L,299.8,309.5,1590,28.5,23,0,0,0,0,0,0,9.699999999999989,4745.375703247382,655.5
2685,L49864,L,299.8,309.4,1460,37.4,25,0,0,0,0,0,0,9.599999999999966,5718.117508553902,935.0
2686,L49865,L,299.8,309.4,1609,32.5,27,0,0,0,0,0,0,9.599999999999966,5476.057794594808,877.5
2687,L49866,L,299.8,309.4,1633,27.5,29,0,0,0,0,0,0,9.599999999999966,4702.702403036121,797.5
2688,L49867,L,299.9,309.4,1348,52.8,31,0,0,0,0,0,0,9.5,7453.3657387887115,1636.8
2689,L49868,L,299.9,309.4,1322,53.9,33,0,0,0,0,0,0,9.5,7461.889926855452,1778.7
2690,L49869,L,300.0,309.5,1641,30.1,35,0,0,0,0,0,0,9.5,5172.5380563559875,1053.5
2691,L49870,L,300.0,309.5,1728,26.0,37,0,0,0,0,0,0,9.5,4704.849158016074,962.0
2692,L49871,L,300.0,309.6,1431,47.7,39,0,0,0,0,0,0,9.600000000000023,7148.03434878632,1860.3000000000002
2693,L49872,L,300.1,309.7,1641,30.4,41,0,0,0,0,0,0,9.599999999999966,5224.091591801394,1246.3999999999999
2694,M17553,M,300.1,309.6,1622,36.1,43,0,0,0,0,0,0,9.5,6131.781485227582,1552.3
2695,M17554,M,300.1,309.6,1625,38.0,46,0,0,0,0,0,0,9.5,6466.44487863899,1748.0
2696,L49875,L,300.0,309.5,1869,22.7,49,0,0,0,0,0,0,9.5,4442.871746633221,1112.3
2697,L49876,L,300.0,309.6,1452,46.0,51,0,0,0,0,0,0,9.600000000000023,6994.441883952315,2346.0
2698,L49877,L,300.0,309.6,1618,28.7,53,0,0,0,0,0,0,9.600000000000023,4862.829380589593,1521.1
2699,L49878,L,300.0,309.4,2010,20.0,55,0,0,0,0,0,0,9.399999999999977,4209.734155810323,1100.0
2700,L49879,L,299.9,309.4,1363,60.9,57,0,0,0,0,0,0,9.5,8692.441297291061,3471.2999999999997
2701,L49880,L,299.9,309.3,1473,40.4,59,0,0,0,0,0,0,9.400000000000034,6231.788851366857,2383.6
2702,L49881,L,299.9,309.2,1333,50.8,61,0,0,0,0,0,0,9.300000000000011,7091.244825584928,3098.7999999999997
2703,L49882,L,299.8,309.2,1760,25.9,63,0,0,0,0,0,0,9.399999999999977,4773.545317374571,1631.6999999999998
2704,M17563,M,299.8,309.2,1372,58.2,65,0,0,0,0,0,0,9.399999999999977,8361.914334206882,3783.0
2705,M17564,M,299.7,309.2,1608,34.4,68,0,0,0,0,0,0,9.5,5792.594198395003,2339.2
2706,L49885,L,299.7,309.2,1326,64.8,71,0,0,0,0,0,0,9.5,8998.024014705741,4600.8
2707,M17566,M,299.6,309.1,1560,37.1,73,0,0,0,0,0,0,9.5,6060.760547305428,2708.3
2708,M17567,M,299.6,309.0,1539,36.1,76,0,0,0,0,0,0,9.399999999999977,5818.009682962545,2743.6
2709,L49888,L,299.6,309.1,2266,15.3,79,0,0,0,0,0,0,9.5,3630.6129660475804,1208.7
2710,L49889,L,299.6,309.1,1641,35.8,81,0,0,0,0,0,0,9.5,6152.055229818748,2899.7999999999997
2711,L49890,L,299.6,309.1,1574,39.2,83,0,0,0,0,0,0,9.5,6461.2926666871035,3253.6000000000004
2712,L49891,L,299.6,309.1,1407,50.6,85,0,0,0,0,0,0,9.5,7455.439189940081,4301.0
2713,H32126,H,299.7,309.2,1302,55.5,87,0,0,0,0,0,0,9.5,7567.154224701734,4828.5
2714,M17573,M,299.6,309.2,1651,30.8,92,0,0,0,0,0,0,9.599999999999966,5325.083323638795,2833.6
2715,M17574,M,299.6,309.1,1366,55.2,95,0,0,0,0,0,0,9.5,7896.204639238729,5244.0
2716,M17575,M,299.5,309.0,1701,28.6,98,0,0,0,0,0,0,9.5,5094.46947891428,2802.8
2717,L49896,L,299.5,309.0,1498,44.6,101,0,0,0,0,0,0,9.5,6996.410615348565,4504.6
2718,M17577,M,299.5,309.1,1422,45.3,103,0,0,0,0,0,0,9.600000000000023,6745.690577641075,4665.9
2719,L49898,L,299.5,309.1,1357,47.3,106,0,0,0,0,0,0,9.600000000000023,6721.552674085993,5013.799999999999
2720,L49899,L,299.5,309.2,1690,29.2,108,0,0,0,0,0,0,9.699999999999989,5167.71047564497,3153.6
2721,L49900,L,299.6,309.2,1559,39.1,110,0,0,0,0,0,0,9.599999999999966,6383.391640853589,4301.0
2722,M17581,M,299.6,309.3,1553,32.4,112,0,0,0,0,0,0,9.699999999999989,5269.204862306944,3628.7999999999997
2723,L49902,L,299.6,309.3,1558,34.8,115,0,0,0,0,0,0,9.699999999999989,5677.737570979761,4001.9999999999995
2724,L49903,L,299.7,309.4,1362,51.9,117,0,0,0,0,0,0,9.699999999999989,7402.409105947486,6072.3
2725,M17584,M,299.8,309.3,1470,42.7,119,0,0,0,0,0,0,9.5,6573.154309105925,5081.3
2726,L49905,L,299.8,309.4,1555,34.8,122,0,0,0,0,0,0,9.599999999999966,5666.804828545268,4245.599999999999
2727,M17586,M,299.8,309.4,1423,42.9,124,0,0,0,0,0,0,9.599999999999966,6392.795474863334,5319.599999999999
2728,L49907,L,299.7,309.3,1434,38.5,127,0,0,0,0,0,0,9.600000000000023,5781.472960401296,4889.5
2729,L49908,L,299.7,309.3,1779,25.5,129,0,0,0,0,0,0,9.600000000000023,4750.559331125805,3289.5
2730,L49909,L,299.7,309.3,1417,54.6,131,0,0,0,0,0,0,9.600000000000023,8101.9789580488605,7152.6
2731,L49910,L,299.6,309.2,1425,45.9,133,0,0,0,0,0,0,9.599999999999966,6849.457382989146,6104.7
2732,M17591,M,299.7,309.2,1597,32.9,135,0,0,0,0,0,0,9.5,5502.112069668579,4441.5
2733,L49912,L,299.7,309.2,1346,57.4,138,0,0,0,0,0,0,9.5,8090.69016844696,7921.2
2734,L49913,L,299.7,309.2,1422,40.4,140,0,0,0,0,0,0,9.5,6016.024267918309,5656.0
2735,H32148,H,299.7,309.2,1572,32.8,142,0,0,0,0,0,0,9.5,5399.518125577849,4657.599999999999
2736,L49915,L,299.7,309.2,1412,45.4,147,0,0,0,0,0,0,9.5,6713.038957994765,6673.8
2737,M17596,M,299.7,309.1,1576,36.4,149,0,0,0,0,0,0,9.400000000000034,6007.39536009645,5423.599999999999
2738,M17597,M,299.7,309.1,1508,41.2,152,0,0,0,0,0,0,9.400000000000034,6506.196497682414,6262.400000000001
2739,M17598,M,299.8,309.1,1496,44.4,155,0,0,0,0,0,0,9.300000000000011,6955.737462460088,6882.0
2740,L49919,L,299.8,309.2,1572,35.4,158,0,0,0,0,0,0,9.399999999999977,5827.528708702922,5593.2
2741,L49920,L,299.6,309.0,1525,42.8,160,0,0,0,0,0,0,9.399999999999977,6835.058416660192,6848.0
2742,L49921,L,299.6,309.0,1378,51.9,162,0,0,0,0,0,0,9.399999999999977,7489.368390598851,8407.8
2743,L49922,L,299.6,309.1,1369,51.4,164,0,0,0,0,0,0,9.5,7368.77312060305,8429.6
2744,L49923,L,299.6,309.1,1476,45.3,166,0,0,0,0,0,0,9.5,7001.856042614787,7519.799999999999
2745,L49924,L,299.7,309.2,1620,30.0,168,0,0,0,0,0,0,9.5,5089.380098815464,5040.0
2746,M17605,M,299.7,309.1,1603,38.5,170,0,0,0,0,0,0,9.400000000000034,6462.832047087362,6545.0
2747,L49926,L,299.7,309.2,1411,46.1,173,0,0,0,0,0,0,9.5,6811.716383244021,7975.3
2748,L49927,L,299.7,309.2,1616,31.6,175,0,0,0,0,0,0,9.5,5347.5771270384985,5530.0
2749,L49928,L,299.7,309.2,1631,35.1,177,0,0,0,0,0,0,9.5,5995.007013065795,6212.7
2750,M17609,M,299.7,309.2,1685,28.9,179,1,0,0,0,0,0,9.5,5099.485555184512,5173.099999999999
2751,H32164,H,299.7,309.2,1456,40.6,182,0,0,0,0,0,0,9.5,6190.361716241519,7389.2
2752,L49931,L,299.7,309.1,1417,50.1,187,0,0,0,0,0,0,9.400000000000034,7434.23343952835,9368.7
2753,M17612,M,299.7,309.1,1851,24.7,189,0,0,0,0,0,0,9.400000000000034,4787.755788144308,4668.3
2754,L49933,L,299.7,309.1,1715,27.8,192,0,0,0,0,0,0,9.400000000000034,4992.723764840019,5337.6
2755,H32168,H,299.6,309.1,1630,32.3,194,0,0,0,0,0,0,9.5,5513.390387294966,6266.2
2756,L49935,L,299.7,309.2,1478,38.8,199,0,0,0,0,0,0,9.5,6005.300964994056,7721.2
2757,L49936,L,299.7,309.2,1781,29.6,201,0,0,0,0,0,0,9.5,5520.5741624961765,5949.6
2758,L49937,L,299.8,309.2,1439,36.1,203,0,0,0,0,0,0,9.399999999999977,5439.971366980573,7328.3
2759,M17618,M,299.7,309.2,1412,45.3,205,0,0,0,0,0,0,9.5,6698.252528571869,9286.5
2760,L49939,L,299.7,309.1,1483,41.1,208,0,0,0,0,0,0,9.400000000000034,6382.8052102249185,8548.800000000001
2761,L49940,L,299.8,309.2,1400,42.6,210,0,0,0,0,0,0,9.399999999999977,6245.486195336508,8946.0
2762,L49941,L,299.8,309.3,1299,65.1,212,1,0,0,0,1,0,9.5,8855.615619718516,13801.199999999999
2763,L49942,L,299.8,309.2,1479,44.4,214,0,0,0,0,0,0,9.399999999999977,6876.694991295769,9501.6
2764,L49943,L,299.8,309.2,1491,47.5,216,0,0,0,0,0,0,9.399999999999977,7416.514856962104,10260.0
2765,M17624,M,299.9,309.3,1389,52.8,0,0,0,0,0,0,0,9.400000000000034,7680.063064671751,0.0
2766,M17625,M,299.9,309.4,1399,54.8,3,0,0,0,0,0,0,9.5,8028.360970199739,164.39999999999998
2767,M17626,M,299.9,309.4,1889,26.0,6,0,0,0,0,0,0,9.5,5143.20605294697,156.0
2768,L49947,L,300.0,309.5,1925,21.9,9,0,0,0,0,0,0,9.5,4414.723076457057,197.1
2769,L49948,L,300.0,309.5,1675,30.2,11,0,0,0,0,0,0,9.5,5297.248812727989,332.2
2770,M17629,M,300.0,309.6,1477,38.1,13,0,0,0,0,0,0,9.600000000000023,5892.968083677199,495.3
2771,L49950,L,300.0,309.6,1364,45.9,16,0,0,0,0,0,0,9.600000000000023,6556.252540629611,734.4
2772,L49951,L,299.9,309.5,1451,39.4,18,0,0,0,0,0,0,9.600000000000023,5986.765568337877,709.1999999999999
2773,L49952,L,299.9,309.4,1467,41.2,20,0,0,0,0,0,0,9.5,6329.303887334284,824.0
2774,L49953,L,299.9,309.4,1858,22.5,22,0,0,0,0,0,0,9.5,4377.809362777377,495.0
2775,L49954,L,300.1,309.4,1559,39.7,24,0,0,0,0,0,0,9.299999999999955,6481.346499792518,952.8000000000001
2776,L49955,L,300.1,309.4,1560,47.7,26,0,0,0,0,0,0,9.299999999999955,7792.406417964123,1240.2
2777,L49956,L,300.1,309.4,1453,47.6,28,0,0,0,0,0,0,9.299999999999955,7242.711479390005,1332.8
2778,L49957,L,300.1,309.4,1464,41.7,30,0,0,0,0,0,0,9.299999999999955,6393.015386349085,1251.0
2779,L49958,L,300.0,309.4,1308,50.2,32,0,0,0,0,0,0,9.399999999999977,6876.066672765052,1606.4
2780,L49959,L,300.1,309.5,1353,50.9,34,0,0,0,0,0,0,9.399999999999977,7211.808679654193,1730.6
2781,M17640,M,300.2,309.6,1556,35.8,36,0,0,0,0,0,0,9.400000000000034,5833.393014989623,1288.8
2782,L49961,L,300.2,309.5,2183,17.8,39,0,0,0,0,0,0,9.300000000000011,4069.1374125866673,694.2
2783,M17642,M,300.2,309.6,1491,41.8,41,0,0,0,0,0,0,9.400000000000034,6526.533074126651,1713.8
2784,M17643,M,300.2,309.6,1528,35.1,44,0,0,0,0,0,0,9.400000000000034,5616.413682381689,1544.4
2785,L49964,L,300.2,309.6,1430,52.7,47,0,0,0,0,0,0,9.400000000000034,7891.78546557268,2476.9
2786,L49965,L,300.2,309.5,1495,32.6,49,0,0,0,0,0,0,9.300000000000011,5103.726705266858,1597.4
2787,M17646,M,300.2,309.5,1630,28.3,51,0,0,0,0,0,0,9.300000000000011,4830.617583914785,1443.3
2788,M17647,M,300.3,309.6,1524,38.4,54,0,0,0,0,0,0,9.300000000000011,6128.367621210681,2073.6
2789,L49968,L,300.3,309.6,1326,52.4,57,0,0,0,0,0,0,9.300000000000011,7276.179913126247,2986.7999999999997
2790,H32203,H,300.3,309.5,1438,44.0,59,0,0,0,0,0,0,9.199999999999989,6625.828345931112,2596.0
2791,L49970,L,300.4,309.6,1356,45.9,64,0,0,0,0,0,0,9.200000000000045,6517.799446549672,2937.6
2792,H32205,H,300.4,309.6,1416,43.3,66,0,0,0,0,0,0,9.200000000000045,6420.661401700675,2857.7999999999997
2793,L49972,L,300.4,309.7,1584,32.6,71,0,0,0,0,0,0,9.300000000000011,5407.560602771039,2314.6
2794,L49973,L,300.3,309.6,1597,31.8,73,0,0,0,0,0,0,9.300000000000011,5318.150875849873,2321.4
2795,L49974,L,300.4,309.6,1553,43.9,75,0,0,0,0,0,0,9.200000000000045,7139.447328866508,3292.5
2796,M17655,M,300.3,309.5,1405,49.4,77,0,0,0,0,0,0,9.199999999999989,7268.284043590225,3803.7999999999997
2797,L49976,L,300.2,309.5,1539,35.3,80,0,0,0,0,0,0,9.300000000000011,5689.07872045922,2824.0
2798,M17657,M,300.3,309.6,1398,53.7,82,0,0,0,0,0,0,9.300000000000011,7861.584288196171,4403.400000000001
2799,L49978,L,300.3,309.6,1568,39.6,85,0,0,0,0,0,0,9.300000000000011,6502.34281069401,3366.0
2800,L49979,L,300.3,309.6,1404,44.6,87,0,0,0,0,0,0,9.300000000000011,6557.383513984903,3880.2000000000003
2801,M17660,M,300.2,309.5,1500,45.7,89,0,0,0,0,0,0,9.300000000000011,7178.539213452677,4067.3
2802,M17661,M,300.2,309.5,1642,28.8,92,0,0,0,0,0,0,9.300000000000011,4952.155331706663,2649.6
2803,M17662,M,300.3,309.6,1509,46.6,95,0,0,0,0,0,0,9.300000000000011,7363.830348161404,4427.0
2804,L49983,L,300.2,309.5,1343,50.2,98,0,0,0,0,0,0,9.300000000000011,7060.059282510295,4919.6
2805,L49984,L,300.1,309.5,1450,40.1,100,0,0,0,0,0,0,9.399999999999977,6088.930161432617,4010.0
2806,L49985,L,300.0,309.4,1460,43.5,102,0,0,0,0,0,0,9.399999999999977,6650.751647649592,4437.0
2807,L49986,L,300.0,309.3,1364,41.2,104,0,0,0,0,0,0,9.300000000000011,5884.9151345084965,4284.8
2808,M17667,M,299.9,309.3,1452,41.9,106,0,0,0,0,0,0,9.400000000000034,6371.024237773956,4441.4
2809,L49988,L,299.9,309.3,1471,41.8,109,0,0,0,0,0,0,9.400000000000034,6438.987358846615,4556.2
2810,L49989,L,299.9,309.2,1598,34.6,111,0,0,0,0,0,0,9.300000000000011,5790.039036370084,3840.6000000000004
2811,L49990,L,299.8,309.1,1772,24.8,113,0,0,0,0,0,0,9.300000000000011,4601.97247058652,2802.4
2812,L49991,L,299.9,309.2,1761,25.6,115,0,0,0,0,0,0,9.300000000000011,4720.934112402454,2944.0
2813,M17672,M,300.0,309.3,1413,40.7,117,0,0,0,0,0,0,9.300000000000011,6022.338869152026,4761.900000000001
2814,L49993,L,300.0,309.3,1887,22.6,120,0,0,0,0,0,0,9.300000000000011,4465.899620784035,2712.0
2815,L49994,L,300.0,309.3,1395,56.5,122,0,0,0,0,0,0,9.300000000000011,8253.749299143783,6893.0
2816,M17675,M,300.1,309.4,1569,31.6,124,0,0,0,0,0,0,9.299999999999955,5192.047346734779,3918.4
2817,L49996,L,300.1,309.4,1434,47.3,127,0,0,0,0,0,0,9.299999999999955,7102.952494207306,6007.099999999999
2818,L49997,L,300.2,309.5,1417,41.1,129,0,0,0,0,0,0,9.300000000000011,6098.74240248733,5301.900000000001
2819,L49998,L,300.2,309.5,1729,28.4,131,0,0,0,0,0,0,9.300000000000011,5142.1169674937255,3720.3999999999996
2820,L49999,L,300.2,309.5,1356,51.1,133,0,0,0,0,0,0,9.300000000000011,7256.199383849417,6796.3
2821,L50000,L,300.2,309.5,1436,48.8,135,0,0,0,0,0,0,9.300000000000011,7338.425335569374,6588.0
2822,M17681,M,300.3,309.6,1419,42.5,137,0,0,0,0,0,0,9.300000000000011,6315.386631878881,5822.5
2823,L50002,L,300.3,309.6,1593,38.1,140,0,0,0,0,0,0,9.300000000000011,6355.787513404046,5334.0
2824,M17683,M,300.3,309.5,1320,62.2,142,0,0,0,0,0,0,9.199999999999989,8597.910774344546,8832.4
2825,M17684,M,300.3,309.5,1448,42.4,145,0,0,0,0,0,0,9.199999999999989,6429.290309522535,6148.0
2826,L50005,L,300.3,309.4,1470,33.5,148,0,0,0,0,0,0,9.099999999999966,5156.924340867645,4958.0
2827,M17686,M,300.3,309.4,1612,33.1,150,0,0,0,0,0,0,9.099999999999966,5587.55291787071,4965.0
2828,L50007,L,300.4,309.4,1412,51.6,153,0,0,0,0,0,0,9.0,7629.797582214314,7894.8
2829,M17688,M,300.4,309.4,1875,23.9,155,0,0,0,0,0,0,9.0,4692.754026299754,3704.5
2830,L50009,L,300.3,309.3,1612,36.0,158,0,0,0,0,0,0,9.0,6077.096829104095,5688.0
2831,M17690,M,300.4,309.3,1411,41.6,160,0,0,0,0,0,0,8.900000000000034,6146.798298111741,6656.0
2832,M17691,M,300.3,309.2,1490,47.9,163,0,0,0,0,0,0,8.899999999999977,7473.953642645237,7807.7
2833,M17692,M,300.4,309.3,1467,40.3,166,0,0,0,0,0,0,8.900000000000034,6191.042394649797,6689.799999999999
2834,L50013,L,300.3,309.2,1807,26.4,169,0,0,0,0,0,0,8.899999999999977,4995.634974032345,4461.599999999999
2835,L50014,L,300.3,309.1,1368,46.0,171,0,0,0,0,0,0,8.800000000000011,6589.804750169949,7866.0
2836,L50015,L,300.3,309.2,1572,32.0,173,0,0,0,0,0,0,8.899999999999977,5267.822561539365,5536.0
2837,M17696,M,300.3,309.1,1458,44.3,175,0,0,0,0,0,0,8.800000000000011,6763.786151325752,7752.499999999999
2838,L50017,L,300.3,309.1,1699,30.3,178,0,0,0,0,0,0,8.800000000000011,5390.941577633549,5393.400000000001
2839,L50018,L,300.3,309.3,1478,39.5,180,0,0,0,0,0,0,9.0,6113.644023640857,7110.0
2840,M17699,M,300.4,309.4,1362,42.1,182,0,0,0,0,0,0,9.0,6004.651702512316,7662.2
2841,H32254,H,300.4,309.4,1487,38.9,185,0,0,0,0,0,0,9.0,6057.440931068135,7196.5
2842,L50021,L,300.3,309.4,1705,29.4,190,0,0,0,0,0,0,9.099999999999966,5249.287164883185,5586.0
2843,L50022,L,300.3,309.3,1345,53.5,192,0,0,0,0,0,0,9.0,7535.3717790229175,10272.0
2844,L50023,L,300.3,309.2,1532,40.2,194,0,0,0,0,0,0,8.899999999999977,6449.312726701414,7798.8
2845,L50024,L,300.3,309.2,1650,35.2,196,0,0,0,0,0,0,8.899999999999977,6082.12337734984,6899.200000000001
2846,L50025,L,300.3,309.2,1398,54.4,198,0,0,0,0,0,0,8.899999999999977,7964.063040556269,10771.199999999999
2847,L50026,L,300.3,309.2,1412,44.8,200,0,0,0,0,0,0,8.899999999999977,6624.32038145739,8960.0
2848,L50027,L,300.4,309.3,1525,39.6,202,0,0,0,0,0,0,8.900000000000034,6324.026011676253,7999.200000000001
2849,M17708,M,300.3,309.3,1391,57.9,204,0,0,0,0,0,0,9.0,8434.013885606766,11811.6
2850,L50029,L,300.4,309.3,1766,28.2,207,0,0,0,0,0,0,8.900000000000034,5215.1694686652,5837.4
2851,L50030,L,300.4,309.3,1671,35.0,209,0,0,0,0,0,0,8.900000000000034,6124.534878173301,7315.0
2852,L50031,L,300.5,309.3,1373,48.8,211,0,0,0,0,0,0,8.800000000000011,7016.474920429491,10296.8
2853,M17712,M,300.5,309.4,1347,50.1,213,0,0,0,0,0,0,8.899999999999977,7066.9812583237035,10671.300000000001
2854,M17713,M,300.5,309.3,1539,39.1,216,0,0,0,0,0,0,8.800000000000011,6301.500792350014,8445.6
2855,L50034,L,300.5,309.3,1470,40.8,219,0,0,0,0,0,0,8.800000000000011,6280.672033056713,8935.199999999999
2856,L50035,L,300.5,309.3,1528,37.0,221,0,0,0,0,0,0,8.800000000000011,5920.4360754450845,8177.0
2857,H32270,H,300.5,309.3,1471,45.2,223,0,0,0,0,0,0,8.800000000000011,6962.732742102082,10079.6
2858,M17717,M,300.4,309.2,1528,37.2,228,0,0,0,0,0,0,8.800000000000011,5952.438432609653,8481.6
2859,L50038,L,300.5,309.3,1417,51.5,231,1,0,0,0,1,0,8.800000000000011,7641.976489734731,11896.5
2860,L50039,L,300.6,309.4,1549,43.4,233,0,0,0,0,0,0,8.799999999999955,7039.953089527318,10112.199999999999
2861,H32274,H,300.6,309.4,1463,49.2,235,0,0,0,0,0,0,8.799999999999955,7537.6860856110625,11562.0
2862,L50041,L,300.7,309.5,1479,43.6,240,0,0,0,0,0,0,8.800000000000011,6752.7905770381885,10464.0
2863,L50042,L,300.6,309.5,1867,23.0,242,0,0,0,0,0,0,8.899999999999977,4496.77100459331,5566.0
2864,L50043,L,300.6,309.4,1471,44.1,244,0,0,0,0,0,0,8.799999999999955,6793.28570634296,10760.4
2865,H32278,H,300.6,309.4,1380,47.6,246,1,1,0,0,0,0,8.799999999999955,6878.831274300211,11709.6
2866,H32279,H,300.7,309.7,1623,32.7,0,0,0,0,0,0,0,9.0,5557.697315686096,0.0
2867,L50046,L,300.8,309.7,1997,20.7,5,0,0,0,0,0,0,8.899999999999977,4328.894765160983,103.5
2868,H32281,H,300.7,309.6,1390,48.5,7,0,0,0,0,0,0,8.900000000000034,7059.682291391863,339.5
2869,L50048,L,300.8,309.7,1418,46.6,12,0,0,0,0,0,0,8.899999999999977,6919.755754600974,559.2
2870,L50049,L,300.8,309.7,1519,35.8,14,0,0,0,0,0,0,8.899999999999977,5694.681227358122,501.19999999999993
2871,M17730,M,300.8,309.7,1519,39.7,16,0,0,0,0,0,0,8.899999999999977,6315.051528662499,635.2
2872,M17731,M,300.7,309.6,1536,37.2,19,0,0,0,0,0,0,8.900000000000034,5983.603031733263,706.8000000000001
2873,L50052,L,300.8,309.6,1680,28.7,22,0,0,0,0,0,0,8.800000000000011,5049.167712849515,631.4
2874,H32287,H,300.6,309.4,1555,37.9,24,0,0,0,0,0,0,8.799999999999955,6171.606408099588,909.5999999999999
2875,L50054,L,300.6,309.5,1471,49.6,29,0,0,0,0,0,0,8.899999999999977,7640.520885138569,1438.4
2876,M17735,M,300.5,309.4,1877,23.8,31,0,0,0,0,0,0,8.899999999999977,4678.103732558513,737.8000000000001
2877,M17736,M,300.5,309.3,1578,30.5,34,0,0,0,0,0,0,8.800000000000011,5040.057094154105,1037.0
2878,M17737,M,300.5,309.4,1655,32.1,37,0,0,0,0,0,0,8.899999999999977,5563.289350609485,1187.7
2879,H32292,H,300.5,309.4,1502,34.3,40,0,0,0,0,0,0,8.899999999999977,5395.015176107703,1372.0
2880,M17739,M,300.6,309.4,1367,63.2,45,1,0,0,1,0,0,8.799999999999955,9047.200411709935,2844.0
2881,L50060,L,300.7,309.5,1541,37.2,48,0,0,0,0,0,0,8.800000000000011,6003.080906185521,1785.6000000000001
2882,M17741,M,300.6,309.6,1588,37.0,50,0,0,0,0,0,0,9.0,6152.913931810729,1850.0
2883,L50062,L,300.6,309.6,1684,32.8,53,0,0,0,0,0,0,9.0,5784.216617985431,1738.3999999999999
2884,L50063,L,300.6,309.5,1437,40.0,55,0,0,0,0,0,0,8.899999999999977,6019.291524278044,2200.0
2885,L50064,L,300.6,309.6,1409,42.4,57,0,0,0,0,0,0,9.0,6256.125722456666,2416.7999999999997
2886,M17745,M,300.5,309.5,1320,49.9,59,0,0,0,0,0,0,9.0,6897.68083022175,2944.1
2887,H32300,H,300.5,309.5,1635,34.2,62,0,0,0,0,0,0,9.0,5855.614547026016,2120.4
2888,M17747,M,300.5,309.5,1691,27.6,67,0,0,0,0,0,0,9.0,4887.438523042713,1849.2
2889,M17748,M,300.6,309.6,1365,50.0,70,0,0,0,0,0,0,9.0,7147.123286916779,3500.0
2890,M17749,M,300.7,309.7,1523,38.2,73,0,0,0,0,0,0,9.0,6092.448745204638,2788.6000000000004
2891,L50070,L,300.6,309.7,1593,32.4,76,0,0,0,0,0,0,9.099999999999966,5404.921664942023,2462.4
2892,L50071,L,300.6,309.6,1682,30.7,78,0,0,0,0,0,0,9.0,5407.455883015919,2394.6
2893,L50072,L,300.7,309.6,1329,54.3,80,0,0,0,0,0,0,8.900000000000034,7557.069712283711,4344.0
2894,M17753,M,300.7,309.6,1568,35.2,82,0,0,0,0,0,0,8.900000000000034,5779.860276172454,2886.4
2895,L50074,L,300.7,309.6,1733,24.8,85,0,0,0,0,0,0,8.900000000000034,4500.687523434785,2108.0
2896,M17755,M,300.7,309.6,1473,48.1,87,0,0,0,0,0,0,8.900000000000034,7419.53078590955,4184.7
2897,M17756,M,300.7,309.5,1633,31.3,90,0,0,0,0,0,0,8.800000000000011,5352.530371455658,2817.0
2898,M17757,M,300.6,309.5,1530,40.2,93,0,0,0,0,0,0,8.899999999999977,6440.893258389794,3738.6000000000004
2899,M17758,M,300.6,309.5,1550,40.2,96,0,0,0,0,0,0,8.899999999999977,6525.087941506001,3859.2000000000003
2900,L50079,L,300.6,309.4,1410,40.6,99,0,0,0,0,0,0,8.799999999999955,5994.787101580043,4019.4
2901,L50080,L,300.5,309.3,1574,33.5,101,0,0,0,0,0,0,8.800000000000011,5521.76796770454,3383.5
2902,L50081,L,300.6,309.4,1425,40.3,103,0,0,0,0,0,0,8.799999999999955,6013.7937371342605,4150.9
2903,M17762,M,300.6,309.4,1541,35.2,105,0,0,0,0,0,0,8.799999999999955,5680.3346209067295,3696.0000000000005
2904,M17763,M,300.7,309.5,1733,26.7,108,0,0,0,0,0,0,8.800000000000011,4845.498261117289,2883.6
2905,L50084,L,300.6,309.4,2496,13.5,111,0,0,0,0,0,0,8.799999999999955,3528.6368685120556,1498.5
2906,L50085,L,300.6,309.4,1552,36.4,113,0,0,0,0,0,0,8.799999999999955,5915.912182023915,4113.2
2907,L50086,L,300.6,309.3,1409,38.7,115,0,0,0,0,0,0,8.699999999999989,5710.190223091344,4450.5
2908,M17767,M,300.6,309.4,1581,35.7,117,0,0,0,0,0,0,8.799999999999955,5910.561002537301,4176.900000000001
2909,L50088,L,300.7,309.5,1251,59.9,120,0,0,0,0,0,0,8.800000000000011,7847.164377916192,7188.0
2910,L50089,L,300.7,309.6,1500,44.1,122,0,0,0,0,0,0,8.900000000000034,6927.211801165494,5380.2
2911,L50090,L,300.6,309.5,1576,38.8,124,0,0,0,0,0,0,8.899999999999977,6403.487361861051,4811.2
2912,M17771,M,300.7,309.5,1352,44.0,126,0,0,0,0,0,0,8.800000000000011,6229.56879255832,5544.0
2913,L50092,L,300.7,309.6,1661,30.3,129,0,0,0,0,0,0,8.900000000000034,5270.367251588773,3908.7000000000003
2914,L50093,L,300.7,309.6,1541,34.6,131,0,0,0,0,0,0,8.900000000000034,5583.5107353230915,4532.6
2915,H32328,H,300.6,309.6,1888,20.5,133,0,0,0,0,0,0,9.0,4053.0734021513117,2726.5
2916,L50095,L,300.5,309.5,1255,62.1,138,0,0,0,0,0,0,9.0,8161.386475128244,8569.800000000001
2917,L50096,L,300.6,309.6,1411,41.6,140,0,0,0,0,0,0,9.0,6146.798298111741,5824.0
2918,L50097,L,300.6,309.5,1516,39.0,142,0,0,0,0,0,0,8.899999999999977,6191.450801694764,5538.0
2919,M17778,M,300.6,309.5,1492,34.0,144,0,0,0,0,0,0,8.899999999999977,5312.223737710101,4896.0
2920,L50099,L,300.6,309.6,1726,30.0,147,0,0,0,0,0,0,9.0,5422.388920095983,4410.0
2921,L50100,L,300.7,309.7,1598,33.7,149,0,0,0,0,0,0,9.0,5639.43108455699,5021.3
2922,L50101,L,300.8,309.8,1657,31.1,151,0,0,0,0,0,0,9.0,5396.491724654891,4696.1
2923,L50102,L,300.8,309.7,1481,38.1,153,0,0,0,0,0,0,8.899999999999977,5908.927374357434,5829.3
2924,M17783,M,300.7,309.7,1397,51.3,155,0,0,0,0,0,0,9.0,7504.856442381048,7951.5
2925,L50104,L,300.8,309.7,1461,44.3,158,0,0,0,0,0,0,8.899999999999977,6777.703406781155,6999.4
2926,M17785,M,300.7,309.6,1388,51.1,160,0,0,0,0,0,0,8.900000000000034,7427.437127421084,8176.0
2927,L50106,L,300.7,309.7,1507,52.4,163,0,0,0,0,0,0,9.0,8269.383958583148,8541.199999999999
2928,M17787,M,300.7,309.6,1421,49.8,165,0,0,0,0,0,0,8.900000000000034,7410.577246846819,8217.0
2929,M17788,M,300.8,309.7,1258,54.9,168,0,0,0,0,0,0,8.899999999999977,7232.386111535206,9223.199999999999
2930,M17789,M,300.8,309.7,1482,39.0,171,0,0,0,0,0,0,8.899999999999977,6052.5924064060955,6669.0
2931,H32344,H,300.7,309.6,1403,51.3,174,0,0,0,0,0,0,8.900000000000034,7537.0891830068795,8926.199999999999
2932,L50111,L,300.8,309.7,1373,45.4,179,0,0,0,0,0,0,8.899999999999977,6527.622159579895,8126.599999999999
2933,L50112,L,300.9,309.7,1460,42.1,181,0,0,0,0,0,0,8.800000000000011,6436.7044681850075,7620.1
2934,M17793,M,300.8,309.7,1751,27.9,183,0,0,0,0,0,0,8.899999999999977,5115.863724885226,5105.7
2935,M17794,M,300.8,309.6,1546,42.3,186,0,0,0,0,0,0,8.800000000000011,6848.2321618542455,7867.799999999999
2936,M17795,M,300.8,309.7,1680,28.2,189,0,0,0,0,0,0,8.899999999999977,4961.203118549001,5329.8
2937,M17796,M,300.9,309.7,1394,48.8,192,0,0,0,0,0,0,8.800000000000011,7123.791725476119,9369.599999999999
2938,L50117,L,300.7,309.6,1810,26.0,195,0,0,0,0,0,0,8.900000000000034,4928.111675931189,5070.0
2939,L50118,L,300.7,309.5,1479,34.5,197,0,0,0,0,0,0,8.800000000000011,5343.377864858199,6796.5
2940,L50119,L,300.9,309.7,1431,41.4,199,0,0,0,0,0,0,8.800000000000011,6203.954340456052,8238.6
2941,L50120,L,300.9,309.7,2355,14.4,201,0,0,0,0,0,0,8.800000000000011,3551.256335617902,2894.4
2942,M17801,M,300.7,309.6,1996,19.8,203,1,1,0,0,0,0,8.900000000000034,4138.60849813305,4019.4
2943,L50122,L,300.7,309.5,1461,49.9,0,0,0,0,0,0,0,8.800000000000011,7634.478555268163,0.0
2944,H32357,H,300.7,309.5,2007,19.7,2,0,0,0,0,0,0,8.800000000000011,4140.399205945596,39.4
2945,L50124,L,300.7,309.6,1505,34.9,7,0,0,0,0,0,0,8.900000000000034,5500.352777782569,244.29999999999998
2946,H32359,H,300.7,309.6,1925,20.5,9,0,0,0,0,0,0,8.900000000000034,4132.503336409573,184.5
2947,M17806,M,300.7,309.5,1622,30.5,14,0,0,0,0,0,0,8.800000000000011,5180.591005524689,427.0
2948,L50127,L,300.7,309.5,1592,29.0,17,0,0,0,0,0,0,8.800000000000011,4834.701654364452,493.0
2949,L50128,L,300.7,309.5,1850,24.5,19,0,0,0,0,0,0,8.800000000000011,4746.422900798579,465.5
2950,M17809,M,300.7,309.5,1470,48.7,21,0,0,0,0,0,0,8.800000000000011,7496.782549261323,1022.7
2951,M17810,M,300.7,309.5,1445,46.4,24,0,0,0,0,0,0,8.800000000000011,7021.250141262948,1113.6
2952,L50131,L,300.7,309.5,1685,31.1,27,0,0,0,0,0,0,8.800000000000011,5487.681687413091,839.7
2953,H32366,H,300.7,309.5,1667,30.5,29,0,0,0,0,0,0,8.800000000000011,5324.318869426421,884.5
2954,L50133,L,300.7,309.5,1578,35.4,34,0,0,0,0,0,0,8.800000000000011,5849.771184690338,1203.6
2955,H32368,H,300.6,309.4,1691,28.0,36,0,0,0,0,0,0,8.799999999999955,4958.270965405651,1008.0
2956,M17815,M,300.7,309.5,1439,43.8,41,0,0,0,0,0,0,8.800000000000011,6600.29766963294,1795.8
2957,M17816,M,300.8,309.6,1404,38.7,44,0,0,0,0,0,0,8.800000000000011,5689.926950475689,1702.8000000000002
2958,L50137,L,300.8,309.6,1498,45.8,47,0,0,0,0,0,0,8.800000000000011,7184.654847151664,2152.6
2959,M17818,M,300.8,309.5,1481,44.5,49,0,0,0,0,0,0,8.699999999999989,6901.503101283617,2180.5
2960,M17819,M,300.7,309.4,1589,35.0,52,0,0,0,0,0,0,8.699999999999989,5823.989180979878,1820.0
2961,L50140,L,300.7,309.5,1467,44.3,55,0,0,0,0,0,0,8.800000000000011,6805.5379176919605,2436.5
2962,L50141,L,300.6,309.4,1654,32.8,57,0,0,0,0,0,0,8.799999999999955,5681.1723789476855,1869.6
2963,L50142,L,300.7,309.5,1508,39.9,59,0,0,0,0,0,0,8.800000000000011,6300.903889745832,2354.1
2964,M17823,M,300.7,309.6,1439,43.0,61,0,0,0,0,0,0,8.900000000000034,6479.744287539187,2623.0
2965,L50144,L,300.7,309.5,1692,30.3,64,0,0,0,0,0,0,8.800000000000011,5368.730517572669,1939.2
2966,M17825,M,300.7,309.5,1838,24.9,66,0,0,0,0,0,0,8.800000000000011,4792.625256757373,1643.3999999999999
2967,L50146,L,300.6,309.3,1601,40.2,69,0,0,0,0,0,0,8.699999999999989,6739.784383452327,2773.8
2968,L50147,L,300.6,309.4,1369,51.6,71,0,0,0,0,0,0,8.799999999999955,7397.445389554815,3663.6
2969,M17828,M,300.6,309.4,1312,45.2,73,0,0,0,0,0,0,8.799999999999955,6210.132806008111,3299.6000000000004
2970,L50149,L,300.6,309.4,1468,44.1,76,0,0,0,0,0,0,8.799999999999955,6779.43128274063,3351.6
2971,M17830,M,300.6,309.4,1452,39.4,78,0,0,0,0,0,0,8.799999999999955,5990.891526689591,3073.2
2972,M17831,M,300.7,309.5,1393,43.9,81,0,0,0,0,0,0,8.800000000000011,6403.895768906017,3555.9
2973,M17832,M,300.6,309.4,1432,44.2,84,0,0,0,0,0,0,8.799999999999955,6628.174068445794,3712.8
2974,M17833,M,300.6,309.3,1510,46.0,87,0,0,0,0,0,0,8.699999999999989,7273.8341906115675,4002.0
2975,M17834,M,300.6,309.4,1521,37.2,90,0,0,0,0,0,0,8.799999999999955,5925.169408376493,3348.0000000000005
2976,H32389,H,300.5,309.4,1360,46.2,93,0,0,0,0,0,0,8.899999999999977,6579.751653678463,4296.6
2977,M17836,M,300.5,309.3,1881,25.5,98,0,0,0,0,0,0,8.800000000000011,5022.93541419204,2499.0
2978,L50157,L,300.4,309.3,1413,50.3,101,0,0,0,0,0,0,8.900000000000034,7442.841403399186,5080.299999999999
2979,H32392,H,300.5,309.4,1642,36.2,103,0,0,0,0,0,0,8.899999999999977,6224.584132214624,3728.6000000000004
2980,L50159,L,300.5,309.5,1542,38.5,108,0,0,0,0,0,0,9.0,6216.897702188841,4158.0
2981,L50160,L,300.4,309.5,1447,39.3,110,0,0,0,0,0,0,9.100000000000023,5955.108786365204,4323.0
2982,H32395,H,300.4,309.4,1530,40.4,112,0,0,0,0,0,0,9.0,6472.937503456409,4524.8
2983,L50162,L,300.5,309.5,1795,27.7,117,0,0,0,0,0,0,9.0,5206.823304182163,3240.9
2984,L50163,L,300.6,309.6,1290,57.4,119,0,0,0,0,0,0,9.0,7754.078987590327,6830.599999999999
2985,L50164,L,300.6,309.7,1639,30.4,121,0,0,0,0,0,0,9.099999999999966,5217.72463069012,3678.3999999999996
2986,L50165,L,300.7,309.8,1596,31.5,123,0,0,0,0,0,0,9.100000000000023,5264.680968885775,3874.5
2987,L50166,L,300.6,309.8,1455,48.0,125,0,0,0,0,0,0,9.199999999999989,7313.627697557038,6000.0
2988,M17847,M,300.6,309.8,1659,28.9,127,0,0,0,0,0,0,9.199999999999989,5020.799131187599,3670.2999999999997
2989,M17848,M,300.6,309.8,1532,42.5,130,0,0,0,0,0,0,9.199999999999989,6818.303255841048,5525.0
2990,L50169,L,300.6,309.8,1502,42.4,133,0,0,0,0,0,0,9.199999999999989,6669.056660844508,5639.2
2991,L50170,L,300.6,309.8,1688,28.6,135,0,0,0,0,0,0,9.199999999999989,5055.534673960791,3861.0
2992,M17851,M,300.5,309.7,1341,50.9,137,0,0,0,0,0,0,9.199999999999989,7147.845853227104,6973.3
2993,M17852,M,300.5,309.7,1685,29.4,140,0,0,0,0,0,0,9.199999999999989,5187.711948872825,4116.0
2994,M17853,M,300.5,309.8,1370,55.9,143,0,0,0,0,0,0,9.300000000000011,8019.753006328904,7993.7
2995,L50174,L,300.5,309.8,1461,52.5,146,0,0,0,0,0,0,9.300000000000011,8032.267017065703,7665.0
2996,L50175,L,300.5,309.8,1550,37.4,148,0,0,0,0,0,0,9.300000000000011,6070.604204286677,5535.2
2997,M17856,M,300.5,309.8,1508,37.8,150,0,0,0,0,0,0,9.300000000000011,5969.277369232893,5670.0
2998,L50177,L,300.5,309.8,1345,62.7,153,0,0,0,0,0,0,9.300000000000011,8831.174028873587,9593.1
2999,L50178,L,300.5,309.7,1616,34.5,155,0,0,0,0,0,0,9.199999999999989,5838.3357874312715,5347.5
3000,L50179,L,300.5,309.7,1395,61.0,157,0,0,0,0,0,0,9.199999999999989,8911.127561907448,9577.0
3001,H32414,H,300.5,309.8,1324,72.8,159,1,0,0,1,0,0,9.300000000000011,10093.643980669669,11575.199999999999
3002,L50181,L,300.5,309.8,1445,43.9,164,0,0,0,0,0,0,9.300000000000011,6642.950025893177,7199.599999999999
3003,M17862,M,300.5,309.8,1555,38.9,166,0,0,0,0,0,0,9.300000000000011,6334.44562731066,6457.4
3004,M17863,M,300.6,309.9,1449,42.4,169,0,0,0,0,0,0,9.299999999999955,6433.730427139609,7165.599999999999
3005,M17864,M,300.5,309.9,1466,53.2,172,0,0,0,0,0,0,9.399999999999977,8167.219365488409,9150.4
3006,L50185,L,300.5,309.9,1503,37.4,175,0,0,0,0,0,0,9.399999999999977,5886.527818737339,6545.0
3007,L50186,L,300.4,309.7,1488,35.7,177,0,0,0,0,0,0,9.300000000000011,5562.880943564519,6318.900000000001
3008,L50187,L,300.4,309.7,1314,50.2,179,0,0,0,0,0,0,9.300000000000011,6907.608263007093,8985.800000000001
3009,M17868,M,300.4,309.7,1547,38.0,181,0,0,0,0,0,0,9.300000000000011,6156.055524464319,6878.0
3010,M17869,M,300.4,309.7,1466,39.8,184,0,0,0,0,0,0,9.300000000000011,6110.0626080157635,7323.2
3011,L50190,L,300.3,309.6,1537,37.1,187,0,0,0,0,0,0,9.300000000000011,5971.403180261824,6937.7
3012,M17871,M,300.2,309.5,1434,51.5,189,0,0,0,0,0,0,9.300000000000011,7733.658635341993,9733.5
3013,L50192,L,300.4,309.6,1432,44.7,192,0,0,0,0,0,0,9.200000000000045,6703.1534131114695,8582.400000000001
3014,L50193,L,300.5,309.6,1390,48.4,194,0,0,0,0,0,0,9.100000000000023,7045.1262454302305,9389.6
3015,L50194,L,300.5,309.7,1580,42.8,196,0,0,0,0,0,0,9.199999999999989,7081.5687202118725,8388.8
3016,L50195,L,300.5,309.7,1589,30.5,198,0,0,0,0,0,0,9.199999999999989,5075.190571996751,6039.0
3017,L50196,L,300.5,309.8,1441,48.8,200,0,0,0,0,0,0,9.300000000000011,7363.976955818571,9760.0
3018,L50197,L,300.5,309.8,1305,51.7,202,0,0,0,0,0,0,9.300000000000011,7065.284798290765,10443.400000000001
3019,M17878,M,300.5,309.8,1566,35.9,204,0,0,0,0,0,0,9.300000000000011,5887.2818009741995,7323.599999999999
3020,L50199,L,300.5,309.8,1379,54.2,207,1,0,0,0,1,0,9.300000000000011,7826.942993202587,11219.400000000001
3021,L50200,L,300.4,309.6,1543,38.1,209,0,0,0,0,0,0,9.200000000000045,6156.296379901095,7962.900000000001
3022,L50201,L,300.5,309.8,1421,49.6,211,0,0,0,0,0,0,9.300000000000011,7380.815892441812,10465.6
3023,L50202,L,300.5,309.6,1760,30.6,213,0,0,0,0,0,0,9.100000000000023,5639.787131724396,6517.8
3024,L50203,L,300.4,309.5,1711,29.2,215,0,0,0,0,0,0,9.100000000000023,5231.924629484345,6278.0
3025,L50204,L,300.5,309.6,1465,41.6,217,0,0,0,0,0,0,9.100000000000023,6382.040756012545,9027.2
3026,L50205,L,300.5,309.6,1366,50.2,219,0,0,0,0,0,0,9.100000000000023,7180.968711771453,10993.800000000001
3027,M17886,M,300.4,309.5,1888,21.9,221,0,0,0,0,0,0,9.100000000000023,4329.868658883596,4839.9
3028,L50207,L,300.5,309.5,1777,23.6,0,0,0,0,0,0,0,9.0,4391.653314404196,0.0
3029,L50208,L,300.5,309.5,1379,55.6,2,0,0,0,0,0,0,9.0,8029.114952436602,111.2
3030,L50209,L,300.4,309.5,1525,51.3,4,0,0,0,0,0,0,9.100000000000023,8192.488242398782,205.2
3031,M17890,M,300.4,309.6,1563,34.0,6,0,0,0,0,0,0,9.200000000000045,5565.017226568959,204.0
3032,M17891,M,300.5,309.7,1389,43.3,9,0,0,0,0,0,0,9.199999999999989,6298.233535990281,389.7
3033,M17892,M,300.6,309.8,1447,42.9,12,0,0,0,0,0,0,9.199999999999989,6500.614934734535,514.8
3034,M17893,M,300.6,309.7,1934,22.8,15,0,0,0,0,0,0,9.099999999999966,4617.638545952422,342.0
3035,H32448,H,300.6,309.7,1470,43.8,18,0,0,0,0,0,0,9.099999999999966,6742.486153134413,788.4
3036,M17895,M,300.6,309.7,1428,42.6,23,0,0,0,0,0,0,9.099999999999966,6370.3959192432385,979.8000000000001
3037,L50216,L,300.4,309.6,1319,48.1,26,0,0,0,0,0,0,9.200000000000045,6643.829671836183,1250.6000000000001
3038,L50217,L,300.5,309.7,1887,24.3,28,0,0,0,0,0,0,9.199999999999989,4801.830123232391,680.4
3039,L50218,L,300.4,309.5,1349,50.4,30,0,0,0,0,0,0,9.100000000000023,7119.854262683619,1512.0
3040,M17899,M,300.3,309.5,1665,31.4,32,0,0,0,0,0,0,9.199999999999989,5474.853517410932,1004.8
3041,L50220,L,300.3,309.5,1474,38.7,35,0,0,0,0,0,0,9.199999999999989,5973.612767094848,1354.5
3042,L50221,L,300.4,309.5,1543,38.9,37,0,0,0,0,0,0,9.100000000000023,6285.562445620802,1439.3
3043,M17902,M,300.2,309.4,1459,43.9,39,0,0,0,0,0,0,9.199999999999989,6707.31078738972,1712.1
3044,L50223,L,300.3,309.5,1551,37.9,42,0,0,0,0,0,0,9.199999999999989,6155.730893223447,1591.8
3045,L50224,L,300.2,309.4,1981,21.4,44,0,0,0,0,0,0,9.199999999999989,4439.426466689783,941.5999999999999
3046,L50225,L,300.2,309.4,1526,35.3,46,0,0,0,0,0,0,9.199999999999989,5641.022824834808,1623.8
3047,M17906,M,300.2,309.4,1501,40.0,48,0,0,0,0,0,0,9.199999999999989,6287.374097384372,1920.0
3048,L50227,L,300.2,309.4,1558,38.3,51,0,0,0,0,0,0,9.199999999999989,6248.774395647265,1953.3
3049,L50228,L,300.2,309.3,1532,43.2,53,0,0,0,0,0,0,9.100000000000023,6930.6047212313715,2289.6000000000004
3050,L50229,L,300.1,309.2,1326,55.9,55,0,0,0,0,0,0,9.099999999999966,7762.184296636588,3074.5
3051,L50230,L,300.2,309.2,1431,51.3,57,0,0,0,0,0,0,9.0,7687.50863926076,2924.1
3052,L50231,L,300.2,309.3,1366,49.3,59,0,0,0,0,0,0,9.100000000000023,7052.226244827344,2908.7
3053,L50232,L,300.1,309.2,1421,42.5,61,0,0,0,0,0,0,9.099999999999966,6324.287811064052,2592.5
3054,H32467,H,300.2,309.3,1506,35.6,63,0,0,0,0,0,0,9.100000000000023,5614.40306308339,2242.8
3055,H32468,H,300.2,309.3,1342,48.7,68,0,0,0,0,0,0,9.100000000000023,6844.001483747412,3311.6000000000004
3056,L50235,L,300.1,309.2,1427,37.6,73,0,0,0,0,0,0,9.099999999999966,5618.759404896369,2744.8
3057,L50236,L,300.2,309.2,1667,29.9,75,0,0,0,0,0,0,9.0,5219.578170355737,2242.5
3058,L50237,L,300.1,309.1,1400,46.7,77,0,0,0,0,0,0,9.0,6846.577589723356,3595.9
3059,L50238,L,300.0,309.0,1709,32.1,79,0,0,0,0,0,0,9.0,5744.810574133903,2535.9
3060,M17919,M,300.0,309.0,1368,45.8,81,0,0,0,0,0,0,9.0,6561.15342516921,3709.7999999999997
3061,L50240,L,300.0,309.1,1882,23.8,84,0,0,0,0,0,0,9.100000000000023,4690.565383417752,1999.2
3062,L50241,L,300.1,309.1,1353,58.7,86,0,0,0,0,0,0,9.0,8316.95814333401,5048.2
3063,L50242,L,299.9,309.0,1553,40.0,88,0,0,0,0,0,0,9.100000000000023,6505.191188033265,3520.0
3064,L50243,L,300.0,309.1,1431,45.4,90,0,0,0,0,0,0,9.100000000000023,6803.370218760984,4086.0
3065,M17924,M,300.1,309.1,1731,30.4,92,0,0,0,0,0,0,9.0,5510.604841808783,2796.7999999999997
3066,M17925,M,300.1,309.2,1687,27.7,95,0,0,0,0,0,1,9.099999999999966,4893.5436847661895,2631.5
3067,M17926,M,300.1,309.2,1457,44.3,98,0,0,0,0,0,0,9.099999999999966,6759.147066173951,4341.4
3068,L50247,L,300.1,309.2,1533,37.0,101,0,0,0,0,0,0,9.099999999999966,5939.809230142221,3737.0
3069,H32482,H,300.0,309.0,1622,31.8,103,0,0,0,0,0,0,9.0,5401.403081170003,3275.4
3070,L50249,L,300.0,309.1,1791,28.2,108,0,0,0,0,0,0,9.100000000000023,5288.99689602456,3045.6
3071,L50250,L,300.0,309.1,1631,28.3,110,0,0,0,0,0,0,9.100000000000023,4833.581152984672,3113.0
3072,L50251,L,300.0,309.0,2174,16.9,112,0,0,0,0,0,0,9.0,3847.4666349493714,1892.7999999999997
3073,L50252,L,300.1,309.0,1314,58.2,114,0,0,0,0,0,0,8.899999999999977,8008.422328824957,6634.8
3074,L50253,L,300.1,309.1,1478,46.9,116,0,0,0,0,0,0,9.0,7258.984929335599,5440.4
3075,L50254,L,300.1,309.2,1783,27.3,118,0,0,0,0,0,0,9.099999999999966,5097.328328229047,3221.4
3076,M17935,M,300.1,309.2,1385,46.1,120,0,0,0,0,0,0,9.099999999999966,6686.199284757597,5532.0
3077,L50256,L,300.0,309.2,1444,43.6,123,0,0,0,0,0,0,9.199999999999989,6592.9882307255875,5362.8
3078,L50257,L,300.1,309.3,1841,23.0,125,0,0,0,0,0,0,9.199999999999989,4434.148591031753,2875.0
3079,M17938,M,300.1,309.4,1349,56.2,127,0,0,0,0,0,0,9.299999999999955,7939.202570690862,7137.400000000001
3080,L50259,L,300.1,309.3,1340,56.0,130,0,0,0,0,0,0,9.199999999999989,7858.170424179269,7280.0
3081,M17940,M,299.9,309.2,1539,43.2,132,0,0,0,0,0,0,9.300000000000011,6962.271975179556,5702.400000000001
3082,M17941,M,300.0,309.3,1932,21.8,135,0,0,0,0,0,0,9.300000000000011,4410.544758227782,2943.0
3083,M17942,M,300.0,309.3,1407,43.9,138,0,0,0,0,0,0,9.300000000000011,6468.25653040256,6058.2
3084,L50263,L,300.1,309.3,1712,28.5,141,0,0,0,0,0,0,9.199999999999989,5109.486291798439,4018.5
3085,H32498,H,300.1,309.4,1329,55.2,143,0,0,0,0,0,0,9.299999999999955,7682.325011382336,7893.6
3086,L50265,L,300.1,309.2,1441,42.9,148,0,0,0,0,0,0,9.099999999999966,6473.660069766735,6349.2
3087,L50266,L,300.0,309.2,1610,32.1,150,0,0,0,0,0,0,9.199999999999989,5412.021664339137,4815.0
3088,M17947,M,300.0,309.1,1474,45.2,152,0,0,0,0,0,0,9.100000000000023,6976.932740896308,6870.400000000001
3089,M17948,M,300.0,309.1,1624,30.8,155,0,0,0,0,0,0,9.100000000000023,5237.998375281286,4774.0
3090,H32503,H,300.1,309.3,1520,38.2,158,0,0,0,0,0,0,9.199999999999989,6080.447861267925,6035.6
3091,H32504,H,300.1,309.3,1448,45.8,163,0,0,0,0,0,0,9.199999999999989,6944.846607927643,7465.4
3092,L50271,L,300.0,309.3,1558,29.7,168,0,0,0,0,0,0,9.300000000000011,4845.655340749969,4989.599999999999
3093,M17952,M,300.0,309.3,2293,16.3,170,0,0,0,0,0,0,9.300000000000011,3913.9950953768916,2771.0
3094,L50273,L,300.0,309.3,1397,51.2,173,0,0,0,0,0,0,9.300000000000011,7490.227092590833,8857.6
3095,L50274,L,300.0,309.3,1972,22.0,175,0,0,0,0,0,0,9.300000000000011,4543.161856111319,3850.0
3096,M17955,M,299.9,309.2,1574,36.5,177,0,0,0,0,0,0,9.300000000000011,6016.254651379573,6460.5
3097,L50276,L,299.9,309.2,1560,38.9,180,0,0,0,0,0,0,9.300000000000011,6354.813619681433,7002.0
3098,M17957,M,299.9,309.2,1353,49.8,182,0,0,0,0,0,0,9.300000000000011,7055.954268109603,9063.6
3099,M17958,M,299.9,309.2,1389,51.2,185,0,0,0,0,0,0,9.300000000000011,7447.33388089382,9472.0
3100,M17959,M,299.9,309.1,1513,43.8,188,0,0,0,0,0,0,9.200000000000045,6939.71533992678,8234.4
3101,L50280,L,299.8,309.1,1578,42.1,191,0,0,0,0,0,0,9.300000000000011,6956.931267668453,8041.1
3102,H32515,H,299.8,309.0,1467,37.3,193,0,0,0,0,0,0,9.199999999999989,5730.170752368174,7198.9
3103,L50282,L,299.9,309.1,1412,48.3,198,0,0,0,0,0,0,9.200000000000045,7141.845411258747,9563.4
3104,L50283,L,299.8,309.1,1668,30.3,200,0,0,0,0,0,0,9.300000000000011,5292.578311649652,6060.0
3105,M17964,M,299.8,309.2,1678,29.8,202,0,0,0,0,0,0,9.399999999999977,5236.448522905515,6019.6
3106,L50285,L,299.8,309.1,1612,35.4,205,0,0,0,0,0,0,9.300000000000011,5975.81188195236,7257.0
3107,L50286,L,299.8,309.1,1485,39.9,207,0,0,0,0,0,0,9.300000000000011,6204.8025704725205,8259.3
3108,M17967,M,299.8,309.1,1456,39.4,209,0,0,0,0,0,0,9.300000000000011,6007.3953600964505,8234.6
3109,L50288,L,299.8,309.2,1504,38.7,212,0,0,0,0,0,0,9.399999999999977,6095.192402788773,8204.400000000001
3110,L50289,L,299.9,309.2,1491,44.3,214,0,0,0,0,0,0,9.300000000000011,6916.875961335183,9480.199999999999
3111,H32524,H,299.9,309.2,1525,33.2,0,0,0,0,0,0,0,9.300000000000011,5301.961201708375,0.0
3112,L50291,L,300.0,309.2,1759,27.9,5,0,0,0,0,0,0,9.199999999999989,5139.237174227935,139.5
3113,M17972,M,299.8,309.1,1355,56.7,7,0,0,0,0,0,0,9.300000000000011,8045.46170621078,396.90000000000003
3114,M17973,M,299.9,309.1,1345,56.8,10,0,0,0,0,0,0,9.200000000000045,8000.170412121527,568.0
3115,M17974,M,299.9,309.2,1683,30.5,13,0,0,0,0,0,0,9.300000000000011,5375.422109924815,396.5
3116,L50295,L,299.9,309.2,1658,34.8,16,0,0,0,0,0,0,9.300000000000011,6042.162318796177,556.8
3117,L50296,L,300.0,309.2,1566,34.4,18,0,0,0,0,0,0,9.199999999999989,5641.295096198119,619.1999999999999
3118,M17977,M,300.1,309.3,1469,43.9,20,0,0,0,0,0,0,9.199999999999989,6753.282759887251,878.0
3119,M17978,M,300.2,309.5,1458,46.9,23,0,0,0,0,0,0,9.300000000000011,7160.757799033358,1078.7
3120,L50299,L,300.1,309.4,1858,23.6,26,0,0,0,0,0,0,9.299999999999955,4591.835598290937,613.6
3121,H32534,H,300.1,309.4,1563,40.8,28,0,0,0,0,0,0,9.299999999999955,6678.02067188275,1142.3999999999999
3122,L50301,L,300.1,309.4,2141,17.9,33,0,0,0,0,0,0,9.299999999999955,4013.2694232303284,590.6999999999999
3123,L50302,L,300.0,309.3,1473,46.0,35,0,0,0,0,0,0,9.300000000000011,7095.6011673979065,1610.0
3124,H32537,H,300.0,309.4,1498,38.5,37,0,0,0,0,0,0,9.399999999999977,6039.502437016137,1424.5
3125,L50304,L,300.1,309.4,1568,39.7,42,0,0,0,0,0,0,9.299999999999955,6518.762868296773,1667.4
3126,L50305,L,300.1,309.4,1694,27.4,44,0,0,0,0,0,0,9.299999999999955,4860.630265732079,1205.6
3127,L50306,L,300.0,309.4,1499,35.7,46,0,0,0,0,0,0,9.399999999999977,5604.004391400009,1642.2
3128,L50307,L,300.0,309.5,1717,28.3,48,0,0,0,0,0,0,9.5,5088.4480929948995,1358.4
3129,M17988,M,300.1,309.5,1462,42.8,50,0,0,0,0,0,0,9.399999999999977,6552.692068955542,2140.0
3130,L50309,L,300.1,309.6,1642,34.5,53,0,0,0,0,0,0,9.5,5932.269407773606,1828.5
3131,L50310,L,300.1,309.6,1760,25.4,55,0,0,0,0,0,0,9.5,4681.39193286927,1397.0
3132,L50311,L,300.1,309.5,1660,32.7,57,0,0,0,0,0,0,9.399999999999977,5684.397747405372,1863.9
3133,L50312,L,300.1,309.5,1557,40.6,59,0,0,0,0,0,0,9.399999999999977,6619.775544085197,2395.4
3134,H32547,H,300.2,309.6,1442,49.2,61,0,0,0,0,0,0,9.400000000000034,7429.489634621431,3001.2000000000003
3135,L50314,L,300.2,309.6,1359,51.5,66,0,0,0,0,0,0,9.400000000000034,7329.178581192307,3399.0
3136,L50315,L,300.4,309.8,1342,52.5,68,0,0,0,0,0,0,9.400000000000034,7378.030346955628,3570.0
3137,L50316,L,300.4,309.9,1435,54.8,70,0,0,0,0,0,0,9.5,8234.952103099804,3836.0
3138,L50317,L,300.4,309.9,1567,36.5,72,0,0,0,0,0,0,9.5,5989.4987539465,2628.0
3139,L50318,L,300.4,309.9,1376,43.5,74,0,0,0,0,0,0,9.5,6268.1056624423545,3219.0
3140,H32553,H,300.4,309.9,1513,38.7,76,0,0,0,0,0,0,9.5,6131.666293496951,2941.2000000000003
3141,H32554,H,300.4,309.9,2563,12.8,81,1,0,0,1,0,0,9.5,3435.4781743576063,1036.8
3142,L50321,L,300.5,310.0,1521,45.1,86,0,0,0,0,0,0,9.5,7183.471513918814,3878.6
3143,L50322,L,300.6,310.0,1658,34.7,88,0,0,0,0,0,0,9.399999999999977,6024.799783397338,3053.6000000000004
3144,H32557,H,300.6,310.0,1419,42.4,90,0,0,0,0,0,0,9.399999999999977,6300.526898627401,3816.0
3145,M18004,M,300.6,310.0,1478,36.3,95,0,0,0,0,0,0,9.399999999999977,5618.361469826913,3448.4999999999995
3146,M18005,M,300.5,310.0,1415,43.5,98,0,0,0,0,0,0,9.5,6445.762727002858,4263.0
3147,M18006,M,300.5,309.9,1780,26.5,101,0,0,0,0,0,0,9.399999999999977,4939.630848994351,2676.5
3148,M18007,M,300.4,309.7,1440,42.8,104,0,0,0,0,0,0,9.300000000000011,6454.08794753487,4451.2
3149,H32562,H,300.4,309.8,1448,39.7,107,0,0,0,0,0,0,9.400000000000034,6019.877954906714,4247.900000000001
3150,H32563,H,300.4,309.7,1500,35.2,112,0,0,0,0,0,0,9.300000000000011,5529.203070318036,3942.4000000000005
3151,L50330,L,300.4,309.8,1513,32.9,117,0,0,0,0,0,0,9.400000000000034,5212.708554419888,3849.2999999999997
3152,L50331,L,300.5,309.8,1428,43.8,119,0,0,0,0,0,0,9.300000000000011,6549.843691616287,5212.2
3153,M18012,M,300.5,309.8,1473,42.3,121,0,0,0,0,0,0,9.300000000000011,6524.868030020248,5118.299999999999
3154,M18013,M,300.5,309.9,1483,49.3,124,0,0,0,0,0,0,9.399999999999977,7656.260264333052,6113.2
3155,L50334,L,300.4,309.7,1534,42.5,127,0,0,0,0,0,0,9.300000000000011,6827.204435026219,5397.5
3156,L50335,L,300.5,309.8,1367,54.0,129,0,0,0,0,0,0,9.300000000000011,7730.202883423045,6966.0
3157,L50336,L,300.4,309.7,1467,36.9,131,0,0,0,0,0,0,9.300000000000011,5668.721200063957,4833.9
3158,M18017,M,300.4,309.7,1488,42.2,133,0,0,0,0,0,0,9.300000000000011,6575.730415081868,5612.6
3159,L50338,L,300.4,309.7,1679,30.1,136,0,0,0,0,0,0,9.300000000000011,5292.316512261854,4093.6000000000004
3160,H32573,H,300.4,309.8,1409,47.5,138,0,0,0,0,0,0,9.400000000000034,7008.631410771029,6555.0
3161,M18020,M,300.4,309.7,1367,51.2,143,0,0,0,0,0,0,9.300000000000011,7329.377548727036,7321.6
3162,L50341,L,300.4,309.8,1314,63.1,146,0,0,0,0,0,0,9.400000000000034,8682.6709441384,9212.6
3163,L50342,L,300.5,309.9,1480,40.0,148,0,0,0,0,0,0,9.399999999999977,6199.409503083858,5920.0
3164,L50343,L,300.4,309.8,1549,38.9,150,0,0,0,0,0,0,9.400000000000034,6310.004036465731,5835.0
3165,L50344,L,300.4,309.7,1685,31.3,152,0,0,0,0,0,0,9.300000000000011,5522.972244888416,4757.6
3166,L50345,L,300.4,309.6,1536,34.5,154,0,0,0,0,0,0,9.200000000000045,5549.30926330101,5313.0
3167,M18026,M,300.4,309.7,1539,37.7,156,0,0,0,0,0,0,9.300000000000011,6075.871607969196,5881.200000000001
3168,L50347,L,300.4,309.7,1384,45.1,159,0,0,0,0,0,0,9.300000000000011,6536.439562960972,7170.900000000001
3169,M18028,M,300.4,309.6,1614,30.3,161,0,0,0,0,0,0,9.200000000000045,5121.235848322865,4878.3
3170,M18029,M,300.4,309.6,1675,35.5,164,0,0,0,0,0,0,9.200000000000045,6226.898438802768,5822.0
3171,M18030,M,300.4,309.7,1685,32.3,167,0,0,0,0,0,0,9.300000000000011,5699.425032265041,5394.099999999999
3172,L50351,L,300.4,309.6,1386,56.9,170,0,0,0,0,0,0,9.200000000000045,8258.555935903776,9673.0
3173,M18032,M,300.3,309.6,1488,41.3,172,0,0,0,0,0,0,9.300000000000011,6435.489719025619,7103.599999999999
3174,L50353,L,300.3,309.6,1624,32.6,175,0,0,0,0,0,0,9.300000000000011,5544.115163447075,5705.0
3175,L50354,L,300.3,309.6,1600,34.6,177,0,0,0,0,0,0,9.300000000000011,5797.285643424365,6124.2
3176,L50355,L,300.3,309.6,1468,44.7,179,0,0,0,0,0,0,9.300000000000011,6871.668443050026,8001.3
3177,L50356,L,300.3,309.6,1435,45.4,181,0,0,0,0,0,0,9.300000000000011,6822.387326290714,8217.4
3178,M18037,M,300.2,309.5,1564,33.4,183,0,0,0,0,0,0,9.300000000000011,5470.308680038739,6112.2
3179,M18038,M,300.2,309.4,1329,53.6,186,0,0,0,0,0,0,9.199999999999989,7459.648924095893,9969.6
3180,L50359,L,300.1,309.3,1570,36.8,189,0,0,0,0,0,0,9.199999999999989,6050.288571793462,6955.2
3181,M18040,M,300.2,309.4,1433,48.8,191,0,0,0,0,0,0,9.199999999999989,7323.094363419855,9320.8
3182,L50361,L,300.2,309.4,1527,37.0,194,0,0,0,0,0,0,9.199999999999989,5916.561444505657,7178.0
3183,M18042,M,300.1,309.3,1443,50.3,196,0,0,0,0,0,0,9.199999999999989,7600.863513874752,9858.8
3184,L50363,L,300.1,309.3,1616,32.0,199,0,0,0,0,0,0,9.199999999999989,5415.267976747846,6368.0
3185,L50364,L,300.1,309.3,1654,31.0,201,0,0,0,0,0,0,9.199999999999989,5369.400724005435,6231.0
3186,L50365,L,300.1,309.3,1685,27.1,203,0,0,0,0,0,0,9.199999999999989,4781.870537906584,5501.3
3187,M18046,M,300.2,309.4,1456,48.8,205,0,0,0,0,0,0,9.199999999999989,7440.631816566161,10004.0
3188,M18047,M,300.2,309.4,1752,27.8,208,0,0,0,0,0,0,9.199999999999989,5100.438504956101,5782.400000000001
3189,M18048,M,300.1,309.2,1438,51.0,211,0,0,0,0,0,0,9.099999999999966,7679.937400965608,10761.0
3190,L50369,L,300.1,309.1,1551,33.7,214,0,0,0,0,0,0,9.0,5473.565464422961,7211.8
3191,L50370,L,300.1,309.2,1599,30.1,216,0,0,0,0,0,0,9.099999999999966,5040.1513419337125,6501.6
3192,M18051,M,300.1,309.2,1732,33.7,218,0,0,0,0,0,0,9.099999999999966,6112.32455472635,7346.6
3193,M18052,M,300.1,309.2,1418,39.8,221,0,0,0,0,0,0,9.099999999999966,5910.005987835166,8795.8
3194,L50373,L,300.0,309.1,1401,44.5,0,0,0,0,0,0,0,9.100000000000023,6528.700773057628,0.0
3195,L50374,L,300.0,309.0,1454,51.7,2,0,0,0,0,0,0,9.0,7871.9724879040405,103.4
3196,M18055,M,300.0,309.2,1635,32.4,4,0,0,0,0,0,0,9.199999999999989,5547.424307708857,129.6
3197,L50376,L,300.0,309.1,1489,40.3,7,0,0,0,0,0,0,9.100000000000023,6283.886929538888,282.09999999999997
3198,L50377,L,300.0,309.1,1465,40.6,9,0,0,0,0,0,0,9.100000000000023,6228.626314762243,365.40000000000003
3199,M18058,M,300.0,309.1,1463,45.7,11,0,0,0,0,0,0,9.100000000000023,7001.468579520845,502.70000000000005
3200,H32613,H,300.1,309.1,1560,35.4,14,0,0,0,0,0,0,9.0,5783.043756728091,495.59999999999997
3201,M18060,M,300.1,309.2,1454,44.4,19,0,0,0,0,0,0,9.099999999999966,6760.456063112947,843.6
3202,L50381,L,300.2,309.1,1479,47.0,22,0,0,0,0,0,0,8.900000000000034,7279.38433763291,1034.0
3203,L50382,L,300.2,309.2,1430,43.4,24,0,0,0,0,0,0,9.0,6499.117442236325,1041.6
3204,M18063,M,300.1,309.1,1533,38.0,26,0,0,0,0,0,0,9.0,6100.34461474066,988.0
3205,L50384,L,300.1,309.0,1404,54.8,29,0,0,0,0,0,0,8.899999999999977,8057.054183102527,1589.1999999999998
3206,M18065,M,300.1,308.9,1548,38.4,31,0,0,0,0,0,0,8.799999999999955,6224.877347528959,1190.3999999999999
3207,M18066,M,300.1,309.0,1612,33.0,34,0,0,0,0,0,0,8.899999999999977,5570.672093345421,1122.0
3208,M18067,M,300.2,309.0,1642,31.2,37,0,0,0,0,0,0,8.800000000000011,5364.834942682218,1154.3999999999999
3209,M18068,M,300.2,309.1,1406,42.2,40,0,0,0,0,0,0,8.900000000000034,6213.358174465798,1688.0
3210,L50389,L,300.3,309.2,1587,31.4,43,0,0,0,0,0,0,8.899999999999977,5218.373893171861,1350.2
3211,M18070,M,300.3,309.2,1364,47.6,45,0,0,0,0,0,0,8.899999999999977,6799.076708801078,2142.0
3212,L50391,L,300.3,309.2,1462,51.4,48,0,0,0,0,0,0,8.899999999999977,7869.354494026049,2467.2
3213,L50392,L,300.3,309.2,1649,32.4,50,0,0,0,0,0,0,8.899999999999977,5594.925188631134,1620.0
3214,L50393,L,300.4,309.2,1752,29.0,52,0,0,0,0,0,0,8.800000000000011,5320.601318119673,1508.0
3215,H32628,H,300.4,309.3,1396,51.2,54,0,0,0,0,0,0,8.900000000000034,7484.865441128705,2764.8
3216,M18075,M,300.5,309.4,2179,16.3,59,0,0,0,0,0,0,8.899999999999977,3719.4048464135403,961.7
3217,L50396,L,300.5,309.5,1653,27.6,62,0,0,0,0,0,0,9.0,4777.608443873214,1711.2
3218,L50397,L,300.6,309.5,2025,21.4,64,0,0,0,0,0,0,8.899999999999977,4538.030588110456,1369.6
3219,L50398,L,300.6,309.6,1426,53.6,66,0,0,0,0,0,0,9.0,8004.107874914027,3537.6
3220,M18079,M,300.6,309.6,1503,38.4,68,0,0,0,0,0,0,9.0,6043.921610682187,2611.2
3221,M18080,M,300.7,309.6,1525,36.5,71,0,0,0,0,0,0,8.900000000000034,5828.963369348062,2591.5
3222,L50401,L,300.6,309.6,1423,49.1,74,0,0,0,0,0,0,9.0,7316.695986382045,3633.4
3223,M18082,M,300.7,309.7,1435,44.7,76,0,0,0,0,0,0,9.0,6717.196332273016,3397.2000000000003
3224,H32637,H,300.6,309.5,1495,36.5,79,0,0,0,0,0,0,8.899999999999977,5714.295237492034,2883.5
3225,M18084,M,300.6,309.5,1557,33.8,84,0,0,0,0,0,0,8.899999999999977,5511.044664780286,2839.2
3226,L50405,L,300.6,309.4,1474,40.7,87,0,0,0,0,0,0,8.799999999999955,6282.326605187605,3540.9
3227,L50406,L,300.5,309.3,1465,46.0,89,0,0,0,0,0,0,8.800000000000011,7057.064297513872,4094.0
3228,M18087,M,300.5,309.3,1589,34.9,91,0,0,0,0,0,0,8.800000000000011,5807.349211891364,3175.9
3229,L50408,L,300.5,309.3,1475,46.8,94,0,0,0,0,0,0,8.800000000000011,7228.804695910114,4399.2
3230,L50409,L,300.6,309.4,1442,43.2,96,0,0,0,0,0,0,8.799999999999955,6523.454313326133,4147.200000000001
3231,L50410,L,300.6,309.4,1556,36.0,98,0,0,0,0,0,0,8.799999999999955,5865.981802782861,3528.0
3232,L50411,L,300.7,309.3,1425,45.3,100,0,0,0,0,0,0,8.600000000000023,6759.921992361837,4530.0
3233,L50412,L,300.7,309.3,1580,38.3,102,0,0,0,0,0,0,8.600000000000023,6337.0112613110905,3906.6
3234,H32647,H,300.8,309.4,1474,40.7,104,0,0,0,0,0,0,8.599999999999966,6282.326605187605,4232.8
3235,L50414,L,300.8,309.4,1489,38.4,109,0,0,0,0,0,0,8.599999999999966,5987.6242703298585,4185.599999999999
3236,L50415,L,300.8,309.4,1946,20.5,111,0,0,0,0,0,0,8.599999999999966,4177.585190988587,2275.5
3237,M18096,M,300.8,309.4,1342,62.4,113,1,0,1,0,0,0,8.599999999999966,8769.316069524404,7051.2
3238,M18097,M,300.9,309.5,1758,26.8,116,0,0,0,0,0,0,8.600000000000023,4933.808430609698,3108.8
3239,M18098,M,300.9,309.4,1724,25.6,119,0,0,0,0,0,0,8.5,4621.743560353112,3046.4
3240,L50419,L,301.0,309.5,1430,48.5,122,0,0,0,0,0,0,8.5,7262.838616324003,5917.0
3241,L50420,L,300.9,309.5,1612,35.2,124,0,0,0,0,0,0,8.600000000000023,5942.050232901783,4364.8
3242,H32655,H,300.9,309.5,1469,43.4,126,0,0,0,0,0,0,8.600000000000023,6676.36609975186,5468.4
3243,L50422,L,300.9,309.6,1384,42.4,131,0,0,0,0,0,0,8.700000000000045,6145.122782029826,5554.4
3244,L50423,L,301.0,309.6,1724,28.1,133,0,0,0,0,0,0,8.600000000000023,5073.085704918845,3737.3
3245,M18104,M,301.0,309.6,1397,48.0,135,0,0,0,0,0,0,8.600000000000023,7022.087899303905,6480.0
3246,M18105,M,301.0,309.6,1588,32.7,138,0,0,0,0,0,0,8.600000000000023,5437.845555951645,4512.6
3247,L50426,L,301.0,309.7,1468,42.0,141,0,0,0,0,0,0,8.699999999999989,6456.601221657743,5922.0
3248,M18107,M,301.0,309.8,1594,31.1,143,0,0,0,0,0,0,8.800000000000011,5191.314308448942,4447.3
3249,M18108,M,301.0,309.7,1511,39.3,146,0,0,0,0,0,0,8.699999999999989,6218.499914442172,5737.799999999999
3250,L50429,L,301.1,309.8,1493,38.9,149,0,0,0,0,0,0,8.699999999999989,6081.882521913064,5796.099999999999
3251,H32664,H,301.2,309.8,1709,27.0,151,0,0,0,0,0,0,8.600000000000023,4832.083660486461,4077.0
3252,L50431,L,301.1,309.6,1501,36.1,156,0,0,0,0,0,0,8.5,5674.355122889396,5631.6
3253,L50432,L,301.1,309.7,1668,30.8,158,0,0,0,0,0,0,8.599999999999966,5379.914587419449,4866.400000000001
3254,L50433,L,301.1,309.6,1502,48.9,160,0,0,0,0,0,0,8.5,7691.435630077747,7824.0
3255,M18114,M,301.0,309.7,1288,58.4,162,0,0,0,0,0,0,8.699999999999989,7876.936204296711,9460.8
3256,L50435,L,301.0,309.7,1491,42.9,165,0,0,0,0,0,0,8.699999999999989,6698.283944498406,7078.5
3257,L50436,L,301.1,309.8,1519,39.6,167,0,0,0,0,0,0,8.699999999999989,6299.144597859822,6613.2
3258,L50437,L,301.2,309.9,1984,19.7,169,0,0,0,0,0,0,8.699999999999989,4092.9506849008776,3329.2999999999997
3259,L50438,L,301.2,309.9,1643,32.9,171,0,0,0,0,0,0,8.699999999999989,5660.594947066673,5625.9
3260,M18119,M,301.2,310.0,1625,31.6,173,0,0,0,0,0,0,8.800000000000011,5377.359425394529,5466.8
3261,M18120,M,301.3,310.0,2068,17.8,176,0,0,0,0,0,0,8.699999999999989,3854.776073856724,3132.8
3262,H32675,H,301.3,310.1,1469,39.7,179,0,0,0,0,0,0,8.800000000000011,6107.182814749974,7106.3
3263,L50442,L,301.3,310.1,1558,36.3,184,0,0,0,0,0,0,8.800000000000011,5922.467638694406,6679.2
3264,L50443,L,301.3,310.0,1344,54.8,186,0,0,0,0,0,0,8.699999999999989,7712.735628269085,10192.8
3265,H32678,H,301.3,310.1,1455,44.1,188,0,0,0,0,0,0,8.800000000000011,6719.395447130529,8290.800000000001
3266,L50445,L,301.3,310.1,1355,53.6,193,0,0,0,0,0,0,8.800000000000011,7605.586374830649,10344.800000000001
3267,L50446,L,301.3,310.1,1269,56.8,195,1,0,0,0,1,0,8.800000000000011,7548.11617322098,11076.0
3268,L50447,L,301.3,310.0,1550,41.5,197,0,0,0,0,0,0,8.699999999999989,6736.098248072114,8175.5
3269,M18128,M,301.3,310.1,1525,37.8,199,0,0,0,0,0,0,8.800000000000011,6036.570283872787,7522.2
3270,M18129,M,301.3,310.0,1696,32.4,202,0,0,0,0,0,0,8.699999999999989,5754.392431727351,6544.799999999999
3271,L50450,L,301.4,310.1,1937,21.8,205,0,0,0,0,0,0,8.700000000000045,4421.959211535825,4469.0
3272,M18131,M,301.4,310.0,1689,32.1,207,0,0,0,0,0,0,8.600000000000023,5677.580491347082,6644.700000000001
3273,M18132,M,301.3,310.0,1593,30.8,210,0,0,0,0,0,0,8.699999999999989,5138.011953093035,6468.0
3274,M18133,M,301.3,309.9,1565,36.0,213,0,0,0,0,0,0,8.599999999999966,5899.911003441631,7668.0
3275,L50454,L,301.3,310.0,1665,31.4,0,0,0,0,0,0,0,8.699999999999989,5474.853517410932,0.0
3276,H32689,H,301.3,310.0,1532,36.3,2,0,0,0,0,0,0,8.699999999999989,5823.633133812471,72.6
3277,L50456,L,301.3,310.0,1438,40.9,7,0,0,0,0,0,0,8.699999999999989,6159.008621558693,286.3
3278,L50457,L,301.3,310.1,1531,41.6,9,0,0,0,0,0,0,8.800000000000011,6669.559315669082,374.40000000000003
3279,L50458,L,301.3,310.0,1506,40.8,11,0,0,0,0,0,0,8.699999999999989,6434.48440937647,448.79999999999995
3280,L50459,L,301.2,309.9,1382,52.4,13,0,0,0,0,0,0,8.699999999999989,7583.469562549378,681.1999999999999
3281,M18140,M,301.2,309.9,1456,50.8,15,0,0,0,0,0,0,8.699999999999989,7745.575743474611,762.0
3282,M18141,M,301.2,310.0,1445,45.6,18,0,0,0,0,0,0,8.800000000000011,6900.194104344621,820.8000000000001
3283,L50462,L,301.2,309.9,1515,40.9,21,0,0,0,0,0,0,8.699999999999989,6488.8025463570375,858.9
3284,L50463,L,301.2,309.9,1449,45.5,23,0,0,0,0,0,0,8.699999999999989,6904.1210951616085,1046.5
3285,H32698,H,301.2,309.9,1362,50.7,25,0,0,0,0,0,0,8.699999999999989,7231.255138179915,1267.5
3286,L50465,L,301.2,309.9,1687,29.7,30,0,0,0,0,0,0,8.699999999999989,5246.868138539921,891.0
3287,L50466,L,301.2,310.0,1618,37.6,32,0,0,0,0,0,0,8.800000000000011,6370.814798263717,1203.2
3288,M18147,M,301.2,310.1,1558,32.6,34,0,0,0,0,0,0,8.900000000000034,5318.800138331616,1108.4
3289,L50468,L,301.3,310.1,1662,31.0,37,0,0,0,0,0,0,8.800000000000011,5395.37122327511,1147.0
3290,M18149,M,301.2,310.1,1295,56.6,39,0,0,0,0,0,0,8.900000000000034,7675.643891005702,2207.4
3291,L50470,L,301.2,310.2,1385,42.3,42,0,0,0,0,0,0,9.0,6135.059213562827,1776.6
3292,M18151,M,301.2,310.1,1479,45.5,44,0,0,0,0,0,0,8.900000000000034,7047.063560899944,2002.0
3293,L50472,L,301.3,310.3,1400,44.3,47,0,0,0,0,0,0,9.0,6494.719212521298,2082.1
3294,M18153,M,301.2,310.3,1357,54.5,49,0,0,0,0,0,0,9.100000000000023,7744.706569507118,2670.5
3295,L50474,L,301.1,310.2,1657,34.1,52,0,0,0,0,0,0,9.099999999999966,5917.0536273547195,1773.2
3296,L50475,L,301.1,310.2,1496,43.4,54,0,0,0,0,0,0,9.099999999999966,6799.076708801078,2343.6
3297,M18156,M,301.2,310.3,1379,43.2,56,0,0,0,0,0,0,9.100000000000023,6238.449027792468,2419.2000000000003
3298,L50477,L,301.2,310.3,1548,38.6,59,0,0,0,0,0,0,9.100000000000023,6257.298583714007,2277.4
3299,L50478,L,301.2,310.3,1499,38.1,61,0,0,0,0,0,0,9.100000000000023,5980.744182418497,2324.1
3300,L50479,L,301.3,310.5,1390,45.8,63,0,0,0,0,0,0,9.199999999999989,6666.669050427779,2885.3999999999996
3301,H32714,H,301.3,310.4,1538,38.4,65,0,0,0,0,0,0,9.099999999999966,6184.6649615630095,2496.0
3302,L50481,L,301.3,310.5,1365,47.7,70,0,0,0,0,0,0,9.199999999999989,6818.355615718608,3339.0
3303,L50482,L,301.3,310.5,1503,48.6,72,0,0,0,0,0,0,9.199999999999989,7649.338288519643,3499.2000000000003
3304,L50483,L,301.2,310.4,1390,49.9,74,0,0,0,0,0,0,9.199999999999989,7263.466934854721,3692.6
3305,L50484,L,301.2,310.3,1497,45.7,76,0,0,0,0,0,0,9.100000000000023,7164.182135025772,3473.2000000000003
3306,M18165,M,301.3,310.4,1577,48.3,78,0,0,0,0,0,0,9.099999999999966,7976.409499684876,3767.3999999999996
3307,L50486,L,301.4,310.5,1432,54.3,81,0,0,0,0,0,0,9.100000000000023,8142.756830692455,4398.3
3308,M18167,M,301.4,310.5,1563,39.9,83,0,0,0,0,0,0,9.100000000000023,6530.711392355925,3311.7
3309,L50488,L,301.4,310.4,1433,43.4,86,0,0,0,0,0,0,9.0,6512.751954352903,3732.4
3310,L50489,L,301.3,310.4,1384,50.1,88,0,0,0,0,0,0,9.099999999999966,7261.100268389017,4408.8
3311,L50490,L,301.3,310.4,1346,46.7,90,0,0,0,0,0,0,9.099999999999966,6582.495311262598,4203.0
3312,L50491,L,301.3,310.4,1459,44.7,92,0,0,0,0,0,0,9.099999999999966,6829.539685565387,4112.400000000001
3313,L50492,L,301.4,310.4,1639,28.9,94,0,0,0,0,0,0,9.0,4960.271112728436,2716.6
3314,L50493,L,301.4,310.4,1737,31.9,96,0,0,0,0,0,0,9.0,5802.553047106883,3062.3999999999996
3315,L50494,L,301.4,310.5,1489,43.5,98,0,0,0,0,0,0,9.100000000000023,6782.855618733042,4263.0
3316,M18175,M,301.5,310.6,1492,43.0,100,0,0,0,0,0,0,9.100000000000023,6718.400609456892,4300.0
3317,M18176,M,301.4,310.5,1217,60.6,103,0,0,0,0,0,0,9.100000000000023,7723.102884025931,6241.8
3318,L50497,L,301.5,310.5,1636,28.7,106,0,0,0,0,0,0,9.0,4916.927606084409,3042.2
3319,L50498,L,301.4,310.4,1436,49.7,108,0,0,0,0,0,0,9.0,7473.765147086022,5367.6
3320,L50499,L,301.4,310.4,1689,30.6,110,0,0,0,0,0,0,9.0,5412.272991751423,3366.0
3321,L50500,L,301.5,310.5,2289,16.4,112,0,0,0,0,0,0,9.0,3931.1377192899795,1836.7999999999997
3322,L50501,L,301.5,310.6,1522,41.0,114,0,0,0,0,0,0,9.100000000000023,6534.722158977009,4674.0
3323,L50502,L,301.5,310.5,1351,52.9,116,0,0,0,0,0,0,9.0,7484.100986916332,6136.4
3324,L50503,L,301.5,310.5,1589,36.7,118,0,0,0,0,0,0,9.0,6106.868655484615,4330.6
3325,L50504,L,301.5,310.6,1578,34.1,120,0,0,0,0,0,0,9.100000000000023,5634.949079037869,4092.0
3326,L50505,L,301.5,310.6,1587,33.7,122,0,0,0,0,0,0,9.100000000000023,5600.611471334132,4111.400000000001
3327,L50506,L,301.5,310.6,1962,20.2,124,0,0,0,0,0,0,9.100000000000023,4150.295222804404,2504.7999999999997
3328,M18187,M,301.5,310.6,2432,14.2,126,0,0,0,0,0,0,9.100000000000023,3616.4339112043785,1789.1999999999998
3329,L50508,L,301.6,310.6,1418,43.9,129,0,0,0,0,0,0,9.0,6518.825700149844,5663.099999999999
3330,L50509,L,301.6,310.7,1683,29.7,131,0,0,0,0,0,0,9.099999999999966,5234.427431631705,3890.7
3331,L50510,L,301.7,310.8,1385,50.7,133,0,0,0,0,0,0,9.100000000000023,7353.368844624949,6743.1
3332,L50511,L,301.7,310.8,1559,44.5,135,0,0,0,0,0,0,9.100000000000023,7264.9853713039565,6007.5
3333,M18192,M,301.7,310.8,1671,31.6,137,0,0,0,0,0,0,9.100000000000023,5529.580061436467,4329.2
3334,M18193,M,301.6,310.8,1343,49.5,140,0,0,0,0,0,0,9.199999999999989,6961.612240722302,6930.0
3335,M18194,M,301.6,310.8,1548,34.2,143,0,0,0,0,0,0,9.199999999999989,5544.03138764298,4890.6
3336,L50515,L,301.7,310.9,1705,31.2,146,0,0,0,0,0,0,9.199999999999989,5570.672093345421,4555.2
3337,L50516,L,301.6,310.8,1535,35.4,148,0,0,0,0,0,0,9.199999999999989,5690.366773447192,5239.2
3338,L50517,L,301.6,310.8,1564,34.1,150,0,0,0,0,0,0,9.199999999999989,5584.955867943742,5115.0
3339,M18198,M,301.6,310.9,1510,40.9,152,0,0,0,0,0,0,9.299999999999955,6467.387356435068,6216.8
3340,L50519,L,301.6,310.9,1492,45.2,155,0,0,0,0,0,0,9.299999999999955,7062.132733661664,7006.0
3341,M18200,M,301.5,310.8,1452,44.1,157,0,0,0,0,0,0,9.300000000000011,6705.541023528198,6923.7
3342,H32755,H,301.4,310.7,1329,52.0,160,0,0,0,0,0,0,9.300000000000011,7236.9728368094475,8320.0
3343,L50522,L,301.5,310.8,1382,52.4,165,0,0,0,0,0,0,9.300000000000011,7583.469562549378,8646.0
3344,M18203,M,301.5,310.8,1628,36.4,167,0,0,0,0,0,0,9.300000000000011,6205.608912586942,6078.8
3345,L50524,L,301.4,310.7,1706,27.9,170,0,0,0,0,0,0,9.300000000000011,4984.388072332493,4743.0
3346,L50525,L,301.3,310.7,1594,34.1,172,0,0,0,0,0,0,9.399999999999977,5692.084177431155,5865.2
3347,L50526,L,301.3,310.7,1761,24.3,174,0,0,0,0,0,0,9.399999999999977,4481.199177007017,4228.2
3348,L50527,L,301.3,310.6,1529,41.8,176,0,0,0,0,0,0,9.300000000000011,6692.869933158719,7356.799999999999
3349,M18208,M,301.3,310.7,1532,40.7,178,0,0,0,0,0,0,9.399999999999977,6529.528059123074,7244.6
3350,L50529,L,301.4,310.7,1673,27.8,181,0,0,0,0,0,0,9.300000000000011,4870.452978762304,5031.8
3351,L50530,L,301.4,310.8,1285,62.6,183,1,0,0,0,1,0,9.400000000000034,8423.76182158055,11455.800000000001
3352,L50531,L,301.4,310.8,1680,31.4,185,0,0,0,0,0,0,9.400000000000034,5524.176522072292,5809.0
3353,L50532,L,301.4,310.8,1610,34.6,187,0,0,0,0,0,0,9.400000000000034,5833.5186786957665,6470.2
3354,L50533,L,301.6,310.9,1632,31.6,189,0,0,0,0,0,0,9.299999999999955,5400.523435226998,5972.400000000001
3355,L50534,L,301.6,310.9,1559,40.2,191,0,0,0,0,0,0,9.299999999999955,6562.975548908294,7678.200000000001
3356,L50535,L,301.5,310.8,1367,49.0,193,0,0,0,0,0,0,9.300000000000011,7014.44335718017,9457.0
3357,L50536,L,301.6,310.8,1355,57.8,195,1,0,0,0,1,0,9.199999999999989,8201.546501216633,11271.0
3358,H32771,H,301.6,310.7,1414,51.7,197,0,0,0,0,0,0,9.099999999999966,7655.412034316584,10184.900000000001
3359,L50538,L,301.5,310.6,1522,36.6,202,0,0,0,0,0,0,9.100000000000023,5833.434902891671,7393.200000000001
3360,L50539,L,301.5,310.6,1525,41.9,204,0,0,0,0,0,0,9.100000000000023,6691.33055275846,8547.6
3361,L50540,L,301.5,310.6,1394,46.5,206,0,0,0,0,0,0,9.100000000000023,6788.039246611465,9579.0
3362,L50541,L,301.5,310.6,1519,40.7,208,0,0,0,0,0,0,9.100000000000023,6474.1208366892615,8465.6
3363,L50542,L,301.4,310.6,1445,43.9,210,0,0,0,0,0,0,9.200000000000045,6642.950025893177,9219.0
3364,L50543,L,301.4,310.6,1555,43.3,212,0,0,0,0,0,0,9.200000000000045,7050.938191839372,9179.599999999999
3365,L50544,L,301.4,310.5,1633,39.5,0,0,0,0,0,0,0,9.100000000000023,6754.790724360973,0.0
3366,M18225,M,301.4,310.6,1630,30.3,2,0,0,0,0,0,0,9.200000000000045,5172.003985604876,60.6
3367,M18226,M,301.4,310.7,1692,32.3,5,0,0,0,0,0,0,9.300000000000011,5723.102168897598,161.5
3368,H32781,H,301.5,310.7,1790,26.2,8,0,0,0,0,0,0,9.199999999999989,4911.147075601803,209.6
3369,L50548,L,301.5,310.8,1350,58.5,13,0,0,0,0,0,0,9.300000000000011,8270.24266057513,760.5
3370,L50549,L,301.5,310.9,2760,8.0,15,1,0,0,1,0,0,9.399999999999977,2312.2121930420876,120.0
3371,L50550,L,301.4,310.7,1584,32.2,17,0,0,0,0,0,0,9.300000000000011,5341.210165927223,547.4000000000001
3372,L50551,L,301.4,310.7,1989,21.8,19,0,0,0,0,0,0,9.300000000000011,4540.669525939472,414.2
3373,L50552,L,301.4,310.8,1431,44.3,21,0,0,0,0,0,0,9.400000000000034,6638.530852227127,930.3
3374,L50553,L,301.4,310.7,1568,35.2,23,0,0,0,0,0,0,9.300000000000011,5779.860276172454,809.6
3375,L50554,L,301.4,310.7,1376,50.6,25,0,0,0,0,0,0,9.300000000000011,7291.175782059384,1265.0
3376,M18235,M,301.4,310.6,1459,46.9,27,0,0,0,0,0,0,9.200000000000045,7165.6691555484695,1266.3
3377,M18236,M,301.5,310.8,1385,47.5,30,0,0,0,0,0,0,9.300000000000011,6889.250889934617,1425.0
3378,H32791,H,301.5,310.8,1591,29.6,33,0,0,0,0,0,0,9.300000000000011,4931.63025970321,976.8000000000001
3379,L50558,L,301.5,310.7,1568,33.1,38,0,0,0,0,0,0,9.199999999999989,5435.039066514438,1257.8
3380,M18239,M,301.4,310.7,1459,37.7,40,0,0,0,0,0,0,9.300000000000011,5760.036826528302,1508.0
3381,L50560,L,301.4,310.7,1590,36.3,43,0,0,0,0,0,0,9.300000000000011,6044.110106241402,1560.8999999999999
3382,L50561,L,301.3,310.6,1376,47.6,45,0,0,0,0,0,0,9.300000000000011,6858.892632925427,2142.0
3383,L50562,L,301.3,310.6,1510,38.5,47,0,0,0,0,0,0,9.300000000000011,6087.88296388142,1809.5
3384,H32797,H,301.4,310.6,1674,33.6,49,0,0,0,0,0,0,9.200000000000045,5890.109234362431,1646.4
3385,L50564,L,301.3,310.6,1426,40.7,54,0,0,0,0,0,0,9.300000000000011,6077.746091585838,2197.8
3386,L50565,L,301.5,310.7,1466,43.6,56,0,0,0,0,0,0,9.199999999999989,6693.435419836365,2441.6
3387,H32800,H,301.5,310.8,1474,38.7,58,0,0,0,0,0,0,9.300000000000011,5973.612767094848,2244.6000000000004
3388,M18247,M,301.6,310.8,1290,65.3,63,0,0,0,0,0,0,9.199999999999989,8821.27801201478,4113.9
3389,M18248,M,301.7,310.9,1435,48.0,66,0,0,0,0,0,0,9.199999999999989,7213.096732642165,3168.0
3390,M18249,M,301.5,310.7,1416,53.2,69,0,0,0,0,0,0,9.199999999999989,7888.664816870113,3670.8
3391,H32804,H,301.5,310.7,1599,40.4,72,0,0,0,0,0,0,9.199999999999989,6764.854292827973,2908.7999999999997
3392,L50571,L,301.5,310.7,1466,47.3,77,0,0,0,0,0,0,9.199999999999989,7261.456315556424,3642.1
3393,L50572,L,301.5,310.7,1408,47.3,79,0,0,0,0,0,0,9.199999999999989,6974.168139361148,3736.7
3394,L50573,L,301.5,310.6,1490,48.1,81,0,0,0,0,0,0,9.100000000000023,7505.160129670896,3896.1
3395,L50574,L,301.5,310.6,1405,42.3,83,0,0,0,0,0,0,9.100000000000023,6223.6521263940585,3510.8999999999996
3396,L50575,L,301.4,310.5,1647,33.3,85,0,0,0,0,0,0,9.100000000000023,5743.365441513251,2830.4999999999995
3397,M18256,M,301.4,310.6,1459,35.0,87,0,0,0,0,0,0,9.200000000000045,5347.514295185426,3045.0
3398,L50577,L,301.4,310.6,1648,30.7,90,0,0,0,0,0,0,9.200000000000045,5298.149402622018,2763.0
3399,L50578,L,301.4,310.7,1675,30.7,92,0,0,0,0,0,0,9.300000000000011,5384.951607640704,2824.4
3400,L50579,L,301.4,310.7,1605,34.2,94,0,0,0,0,0,0,9.300000000000011,5748.172078273245,3214.8
3401,H32814,H,301.4,310.7,1536,44.4,96,0,0,0,0,0,0,9.300000000000011,7141.719747552604,4262.4
3402,M18261,M,301.4,310.7,1617,34.3,101,0,0,0,0,0,0,9.300000000000011,5808.082250177202,3464.2999999999997
3403,L50582,L,301.4,310.6,1347,53.3,104,0,0,0,0,0,0,9.200000000000045,7518.365290791484,5543.2
3404,L50583,L,301.3,310.5,1337,52.7,106,0,0,0,0,0,0,9.199999999999989,7378.543473755716,5586.200000000001
3405,L50584,L,301.3,310.4,1695,30.9,108,0,0,0,0,0,0,9.099999999999966,5484.74953426974,3337.2
3406,M18265,M,301.3,310.4,1635,32.5,110,0,0,0,0,0,0,9.099999999999966,5564.545987670921,3575.0
3407,L50586,L,301.2,310.4,1470,44.0,113,0,0,0,0,0,0,9.199999999999989,6773.273761139593,4972.0
3408,L50587,L,301.2,310.4,1381,49.8,115,0,0,0,0,0,0,9.199999999999989,7201.975494648457,5727.0
3409,M18268,M,301.2,310.4,1382,41.6,117,0,0,0,0,0,0,9.199999999999989,6020.464385535384,4867.2
3410,M18269,M,301.2,310.4,1697,30.0,120,0,0,0,0,0,0,9.199999999999989,5331.282733141878,3600.0
3411,L50590,L,301.2,310.3,1451,39.7,123,0,0,0,0,0,0,9.100000000000023,6032.350077741466,4883.1
3412,L50591,L,301.3,310.3,1419,55.7,125,0,0,0,0,0,0,9.0,8276.871421074206,6962.5
3413,L50592,L,301.3,310.3,1313,55.6,127,0,0,0,0,0,0,9.0,7644.8353390494985,7061.2
3414,L50593,L,301.3,310.3,1560,36.3,129,0,0,0,0,0,0,9.0,5930.0702929160925,4682.7
3415,L50594,L,301.3,310.3,1555,41.2,131,0,0,0,0,0,0,9.0,6708.975831496124,5397.200000000001
3416,L50595,L,301.4,310.4,1579,36.9,133,0,0,0,0,0,0,9.0,6101.507004022488,4907.7
3417,L50596,L,301.5,310.5,1435,44.6,135,0,0,0,0,0,0,9.0,6702.169047413345,6021.0
3418,L50597,L,301.6,310.6,1621,33.7,137,0,0,0,0,0,0,9.0,5720.599366750238,4616.900000000001
3419,H32832,H,301.6,310.6,1555,40.4,139,0,0,0,0,0,0,9.0,6578.704456127266,5615.599999999999
3420,L50599,L,301.5,310.5,1611,33.8,144,0,0,0,0,0,0,9.0,5702.179161824689,4867.2
3421,L50600,L,301.6,310.6,1834,23.5,146,0,0,0,0,0,0,9.0,4513.316725902217,3431.0
3422,M18281,M,301.5,310.5,1612,29.8,148,0,0,0,0,0,0,9.0,5030.485708536168,4410.400000000001
3423,L50602,L,301.5,310.4,1629,34.1,151,0,0,0,0,0,0,8.899999999999977,5817.067205166469,5149.1
3424,L50603,L,301.4,310.4,1496,35.2,153,0,0,0,0,0,0,9.0,5514.458528797188,5385.6
3425,L50604,L,301.5,310.5,1593,32.9,155,0,0,0,0,0,0,9.0,5488.330949894832,5099.5
3426,M18285,M,301.5,310.5,1623,33.5,157,0,0,0,0,0,0,9.0,5693.665445733462,5259.5
3427,L50606,L,301.5,310.5,1380,48.7,160,0,0,0,0,0,0,9.0,7037.795862571854,7792.0
3428,L50607,L,301.6,310.6,1562,34.4,162,0,0,0,0,0,0,9.0,5626.885657893654,5572.8
3429,L50608,L,301.6,310.6,1391,49.4,164,0,0,0,0,0,0,9.0,7195.859860949468,8101.599999999999
3430,H32843,H,301.5,310.5,1551,34.3,166,0,0,0,0,0,0,9.0,5571.017668537315,5693.799999999999
3431,H32844,H,301.6,310.6,1821,26.2,171,0,0,0,0,0,0,9.0,4996.200460709991,4480.2
3432,L50611,L,301.6,310.7,1429,43.6,176,0,0,0,0,0,0,9.099999999999966,6524.5015108773305,7673.6
3433,M18292,M,301.6,310.7,2012,20.7,178,0,0,0,0,0,0,9.099999999999966,4361.410249125638,3684.6
3434,M18293,M,301.6,310.6,1924,23.6,181,0,0,0,0,0,0,9.0,4754.9470888653195,4271.6
3435,M18294,M,301.5,310.5,1412,44.1,184,0,0,0,0,0,0,9.0,6520.815375497118,8114.400000000001
3436,L50615,L,301.5,310.5,1389,54.9,187,0,0,0,0,0,0,9.0,7985.5201183802865,10266.3
3437,L50616,L,301.5,310.5,1466,48.1,189,0,0,0,0,0,0,9.0,7384.2716443607615,9090.9
3438,L50617,L,301.5,310.5,2297,15.8,191,0,0,0,0,0,0,9.0,3800.552184655764,3017.8
3439,L50618,L,301.4,310.4,1471,37.5,193,0,0,0,0,0,0,9.0,5776.603491788232,7237.5
3440,L50619,L,301.4,310.3,1492,41.4,195,0,0,0,0,0,0,8.900000000000034,6468.41361003524,8073.0
3441,L50620,L,301.3,310.3,1460,41.5,197,0,0,0,0,0,0,9.0,6344.9699627001855,8175.5
3442,L50621,L,301.4,310.4,1559,39.4,199,0,0,0,0,0,0,9.0,6432.369070323053,7840.599999999999
3443,M18302,M,301.4,310.5,1495,52.5,201,0,0,0,0,0,0,9.100000000000023,8219.191779954295,10552.5
3444,L50623,L,301.5,310.5,1535,39.0,204,0,0,0,0,0,0,9.0,6269.048140238432,7956.0
3445,L50624,L,301.5,310.6,1381,50.7,206,0,0,0,0,0,0,9.100000000000023,7332.131678286682,10444.2
3446,M18305,M,301.6,310.6,1599,36.1,208,0,0,0,0,0,0,9.0,6044.832672551728,7508.8
3447,H32860,H,301.6,310.6,1400,49.5,211,0,0,0,0,0,0,9.0,7257.079029792421,10444.5
3448,L50627,L,301.7,310.6,1624,34.5,216,0,0,0,0,0,0,8.900000000000034,5867.238439844297,7452.0
3449,L50628,L,301.6,310.6,1478,36.6,218,0,0,0,0,0,0,9.0,5664.794209246971,7978.8
3450,L50629,L,301.7,310.7,1605,33.3,220,0,0,0,0,0,0,9.0,5596.904392002895,7325.999999999999
3451,L50630,L,301.6,310.6,1506,43.4,222,0,0,0,0,0,0,9.0,6844.5250825230105,9634.8
3452,L50631,L,301.6,310.6,1455,43.9,0,0,0,0,0,0,0,9.0,6688.921998390708,0.0
3453,H32866,H,301.6,310.5,1602,32.3,2,0,0,0,0,0,1,8.899999999999977,5418.681840764747,64.6
3454,L50633,L,301.5,310.4,1425,54.4,7,0,0,0,0,0,0,8.899999999999977,8117.875416876025,380.8
3455,L50634,L,301.5,310.4,1918,21.8,9,0,0,0,0,0,0,8.899999999999977,4378.584288965262,196.20000000000002
3456,H32869,H,301.4,310.3,1611,41.5,11,0,0,0,0,0,0,8.900000000000034,7001.196308157533,456.5
3457,H32870,H,301.4,310.4,1610,38.6,16,0,0,0,0,0,0,9.0,6507.913901666376,617.6
3458,M18317,M,301.5,310.4,2639,12.0,21,1,0,0,1,0,0,8.899999999999977,3316.2652051293853,252.0
3459,L50638,L,301.5,310.4,1329,46.6,24,0,0,0,0,0,0,8.899999999999977,6485.441042217697,1118.4
3460,L50639,L,301.5,310.4,1270,54.2,26,0,0,0,0,0,0,8.899999999999977,7208.27962390666,1409.2
3461,L50640,L,301.5,310.3,1415,41.6,28,0,0,0,0,0,0,8.800000000000011,6164.223665363653,1164.8
3462,H32875,H,301.6,310.4,1330,49.5,30,0,0,0,0,0,0,8.799999999999955,6894.2250783028,1485.0
3463,H32876,H,301.6,310.5,1786,27.1,35,0,0,0,0,0,0,8.899999999999977,5068.498979644605,948.5
3464,L50643,L,301.6,310.5,1809,25.5,40,0,0,0,0,0,0,8.899999999999977,4830.669943792345,1020.0
3465,L50644,L,301.7,310.6,1303,59.7,42,0,0,0,0,0,0,8.900000000000034,8146.0555029787265,2507.4
3466,M18325,M,301.8,310.7,1383,45.7,44,0,0,0,0,0,0,8.899999999999977,6618.613154803369,2010.8000000000002
3467,L50646,L,301.7,310.6,1447,56.9,47,0,0,0,0,0,0,8.900000000000034,8622.027733948604,2674.2999999999997
3468,L50647,L,301.8,310.7,1461,44.2,49,0,0,0,0,0,0,8.899999999999977,6762.403850558174,2165.8
3469,L50648,L,301.8,310.7,2092,18.6,51,0,0,0,0,0,0,8.899999999999977,4074.7713354121056,948.6
3470,M18329,M,301.8,310.7,1429,47.9,53,0,0,0,0,0,0,8.899999999999977,7167.972990161103,2538.7
3471,L50650,L,301.8,310.8,1736,26.5,56,0,0,0,0,0,0,9.0,4817.527614524828,1484.0
3472,L50651,L,301.8,310.7,1441,49.3,58,0,0,0,0,0,0,8.899999999999977,7439.427539382285,2859.3999999999996
3473,L50652,L,301.8,310.7,1523,43.3,60,0,0,0,0,0,0,8.899999999999977,6905.8384991455705,2598.0
3474,M18333,M,301.8,310.8,1691,33.4,62,0,0,0,0,0,0,9.0,5914.5089373053115,2070.7999999999997
3475,M18334,M,301.9,310.8,1557,35.3,65,0,0,0,0,0,0,8.900000000000034,5755.617652862252,2294.5
3476,L50655,L,301.8,310.7,1644,33.4,68,0,0,0,0,0,0,8.899999999999977,5750.11986571847,2271.2
3477,L50656,L,301.8,310.6,1522,43.8,70,0,0,0,0,0,0,8.800000000000011,6980.9958673949495,3066.0
3478,L50657,L,301.8,310.7,1547,41.7,72,0,0,0,0,0,0,8.899999999999977,6755.46093079374,3002.4
3479,L50658,L,301.8,310.7,1597,30.8,74,0,0,0,0,0,0,8.899999999999977,5150.913426923777,2279.2000000000003
3480,M18339,M,301.8,310.8,1619,31.0,76,0,0,0,0,0,0,9.0,5255.779789700604,2356.0
3481,L50660,L,301.9,310.8,1400,58.2,79,0,0,0,0,0,0,8.900000000000034,8532.565647149877,4597.8
3482,L50661,L,302.0,310.9,1663,31.5,81,0,0,0,0,0,0,8.899999999999977,5485.692012065817,2551.5
3483,L50662,L,301.9,310.8,1540,37.6,83,0,0,0,0,0,0,8.900000000000034,6063.692700448779,3120.8
3484,H32897,H,301.9,310.8,1455,42.7,85,0,0,0,0,0,0,8.900000000000034,6506.081305951782,3629.5000000000005
3485,L50664,L,301.9,310.8,1519,39.0,90,0,0,0,0,0,0,8.900000000000034,6203.703013043764,3510.0
3486,L50665,L,301.9,310.8,1427,47.7,92,0,0,0,0,0,0,8.900000000000034,7128.05381950949,4388.400000000001
3487,L50666,L,301.9,310.8,1650,29.8,94,0,0,0,0,0,0,8.900000000000034,5149.07035923367,2801.2000000000003
3488,M18347,M,301.8,310.8,1508,38.8,96,0,0,0,0,0,0,9.0,6127.1947599533405,3724.7999999999997
3489,L50668,L,301.9,310.9,1379,54.8,99,0,0,0,0,0,0,9.0,7913.588118588593,5425.2
3490,L50669,L,301.9,310.9,1542,36.7,101,0,0,0,0,0,0,9.0,5926.237549878714,3706.7000000000003
3491,M18350,M,301.9,310.9,1763,28.4,103,0,0,0,0,0,0,9.0,5243.234363037269,2925.2
3492,H32905,H,301.9,310.9,1590,34.3,106,0,0,0,0,0,0,9.0,5711.101284960884,3635.7999999999997
3493,H32906,H,301.9,311.0,1336,63.6,111,0,0,0,0,0,0,9.100000000000023,8897.995704615443,7059.6
3494,M18353,M,301.9,311.0,1638,35.4,116,0,0,0,0,0,0,9.100000000000023,6072.195944564495,4106.4
3495,L50674,L,301.9,311.0,1356,45.7,119,0,0,0,0,0,0,9.100000000000023,6489.3994489612205,5438.3
3496,M18355,M,301.9,311.0,1384,47.4,121,0,0,0,0,0,0,9.100000000000023,6869.783487457871,5735.4
3497,L50676,L,301.9,310.9,1309,48.0,124,0,0,0,0,0,0,9.0,6579.751653678462,5952.0
3498,L50677,L,301.9,311.0,1642,33.1,126,0,0,0,0,0,0,9.100000000000023,5691.539634704533,4170.6
3499,L50678,L,301.9,311.0,1289,54.9,128,0,0,0,0,0,0,9.100000000000023,7410.608662773354,7027.2
3500,L50679,L,301.9,311.0,1353,43.8,130,0,0,0,0,0,0,9.100000000000023,6205.839296048204,5694.0
3501,H32914,H,301.9,311.0,1871,26.0,132,0,0,0,0,0,0,9.100000000000023,5094.197207550969,3432.0
3502,H32915,H,301.9,311.0,1291,63.6,137,0,0,0,0,0,0,9.100000000000023,8598.287765462977,8713.2
3503,M18362,M,301.8,310.9,1346,44.6,142,0,0,0,0,0,0,9.099999999999966,6286.494451441367,6333.2
3504,L50683,L,301.7,310.8,1493,47.6,145,0,0,0,0,0,0,9.100000000000023,7442.097893137837,6902.0
3505,M18364,M,301.7,310.8,1524,41.3,147,0,0,0,0,0,0,9.100000000000023,6591.1870509375285,6071.099999999999
3506,L50685,L,301.6,310.8,1726,26.7,150,0,0,0,0,0,0,9.199999999999989,4825.926138885424,4005.0
3507,H32920,H,301.6,310.8,1435,47.2,152,0,0,0,0,0,0,9.199999999999989,7092.878453764795,7174.400000000001
3508,M18367,M,301.7,310.8,1502,34.4,157,0,0,0,0,0,0,9.100000000000023,5410.744083326676,5400.8
3509,L50688,L,301.7,310.9,1608,33.0,160,0,0,0,0,0,0,9.199999999999989,5556.849085669626,5280.0
3510,L50689,L,301.8,311.0,1771,27.2,162,0,0,0,0,0,0,9.199999999999989,5044.476267820154,4406.4
3511,L50690,L,301.7,311.0,1474,42.6,164,0,0,0,0,0,0,9.300000000000011,6575.604751375724,6986.400000000001
3512,L50691,L,301.8,311.0,1322,53.0,166,0,0,0,0,0,0,9.199999999999989,7337.294362214081,8798.0
3513,M18372,M,301.8,311.0,1393,49.5,168,0,0,0,0,0,0,9.199999999999989,7220.79363464346,8316.0
3514,M18373,M,301.9,311.1,1417,52.5,171,0,0,0,0,0,0,9.200000000000045,7790.364382739289,8977.5
3515,H32928,H,301.9,311.0,1430,49.8,174,0,0,0,0,0,0,9.100000000000023,7457.512641091451,8665.199999999999
3516,M18375,M,301.9,311.1,1605,40.0,179,0,0,0,0,0,0,9.200000000000045,6723.008278682157,7160.0
3517,L50696,L,302.0,311.1,1402,47.8,182,0,0,0,0,0,0,9.100000000000023,7017.85722119707,8699.6
3518,L50697,L,302.0,311.0,1550,35.2,184,0,0,0,0,0,0,9.0,5713.509839328638,6476.8
3519,L50698,L,301.9,311.0,1376,44.9,186,0,0,0,0,0,0,9.100000000000023,6469.837798704868,8351.4
3520,M18379,M,301.9,310.9,1569,32.5,188,0,0,0,0,0,0,9.0,5339.922112939251,6110.0
3521,L50700,L,301.9,311.0,1669,32.2,191,0,0,0,0,0,0,9.100000000000023,5627.828135689731,6150.200000000001
3522,L50701,L,301.9,311.0,1541,38.9,193,0,0,0,0,0,0,9.100000000000023,6277.415248672492,7507.7
3523,L50702,L,301.8,311.0,1651,32.5,195,0,0,0,0,0,0,9.199999999999989,5619.000260333144,6337.5
3524,L50703,L,301.8,310.9,1521,39.3,197,0,0,0,0,0,0,9.099999999999966,6259.654778204198,7742.099999999999
3525,M18384,M,301.8,310.8,1365,48.2,199,0,0,0,0,0,0,9.0,6889.826848587775,9591.800000000001
3526,L50705,L,301.8,310.9,1609,31.7,202,0,0,0,0,0,0,9.099999999999966,5341.262525804782,6403.4
3527,H32940,H,301.8,310.8,1470,37.6,204,0,0,0,0,0,0,9.0,5788.070304973835,7670.400000000001
3528,M18387,M,301.9,310.9,1573,38.9,209,0,0,0,0,0,0,9.0,6407.770399845444,8130.099999999999
3529,L50708,L,302.0,310.9,1378,53.1,212,1,0,0,0,1,0,8.899999999999977,7662.53297766472,11257.2
3530,L50709,L,301.9,310.9,1567,39.0,214,1,1,0,0,0,0,9.0,6399.738394627767,8346.0
3531,M18390,M,301.9,310.9,1441,43.7,0,0,0,0,0,0,0,9.0,6594.381003468679,0.0
3532,M18391,M,301.9,310.9,1641,33.2,3,0,0,0,0,0,0,9.0,5705.257922625208,99.60000000000001
3533,L50712,L,301.9,310.9,1486,40.3,6,0,0,0,0,0,0,9.0,6271.22631114492,241.79999999999998
3534,L50713,L,302.0,311.0,1563,36.2,8,0,0,0,0,0,0,9.0,5925.106576523422,289.6
3535,M18394,M,302.0,311.1,1769,26.0,10,0,0,0,0,0,0,9.100000000000023,4816.480416973632,260.0
3536,H32949,H,301.9,311.0,1672,29.9,13,0,0,0,0,0,0,9.100000000000023,5235.233773746127,388.7
3537,L50716,L,302.0,311.0,1632,34.2,18,0,0,0,0,0,0,9.0,5844.870300150738,615.6
3538,M18397,M,302.0,311.0,1980,21.5,20,0,0,0,0,0,0,9.0,4457.919975443916,430.0
3539,L50718,L,302.0,311.1,1635,36.0,23,0,0,0,0,0,0,9.100000000000023,6163.804786343174,828.0
3540,L50719,L,302.0,311.0,1686,32.5,25,0,0,0,0,0,0,9.0,5738.118981781757,812.5
3541,L50720,L,301.9,310.9,1574,31.4,27,0,0,0,0,0,0,9.0,5175.627289132016,847.8
3542,L50721,L,301.8,310.8,1546,43.4,29,0,0,0,0,0,0,9.0,7026.318577410739,1258.6
3543,L50722,L,301.8,310.9,1899,24.7,31,0,0,0,0,0,0,9.099999999999966,4911.911529814177,765.6999999999999
3544,L50723,L,301.8,310.9,1449,36.5,33,0,0,0,0,0,0,9.099999999999966,5538.470768646125,1204.5
3545,M18404,M,301.9,310.9,1483,37.0,35,0,0,0,0,0,0,9.0,5746.077683170851,1295.0
3546,L50725,L,301.8,310.8,1576,38.6,38,0,0,0,0,0,0,9.0,6370.479695047335,1466.8
3547,M18406,M,301.9,310.9,1317,51.9,40,0,0,0,0,0,0,9.0,7157.8361178655205,2076.0
3548,M18407,M,301.9,311.0,1467,48.1,43,0,0,0,0,0,0,9.100000000000023,7389.308664582016,2068.3
3549,L50728,L,301.9,310.9,1616,34.5,46,0,0,0,0,0,0,9.0,5838.3357874312715,1587.0
3550,M18409,M,301.8,310.9,1299,60.4,48,0,0,0,0,0,0,9.099999999999966,8216.270098786457,2899.2
3551,M18410,M,301.9,311.0,1432,41.5,51,0,0,0,0,0,0,9.100000000000023,6223.28560725114,2116.5
3552,L50731,L,301.9,310.9,1799,24.2,54,0,0,0,0,0,0,9.0,4559.058314938483,1306.8
3553,M18412,M,301.8,310.9,1358,52.3,56,0,0,0,0,0,0,9.099999999999966,7437.553055765643,2928.7999999999997
3554,M18413,M,301.8,310.8,1618,37.8,59,0,0,0,0,0,0,9.0,6404.702111020439,2230.2
3555,L50734,L,301.9,310.8,1525,43.2,62,0,0,0,0,0,0,8.900000000000034,6898.9374672831855,2678.4
3556,L50735,L,301.8,310.7,1551,37.7,64,0,0,0,0,0,0,8.899999999999977,6123.24682518533,2412.8
3557,L50736,L,301.9,310.8,1735,31.5,66,0,0,0,0,0,0,8.900000000000034,5723.196416677205,2079.0
3558,M18417,M,301.8,310.7,1309,43.3,68,0,0,0,0,0,0,8.899999999999977,5935.4843042557795,2944.3999999999996
3559,L50738,L,301.7,310.6,1743,26.2,71,0,0,0,0,0,0,8.900000000000034,4782.195169147454,1860.2
3560,M18419,M,301.7,310.7,1659,29.9,73,0,0,0,0,0,0,9.0,5194.529204931115,2182.7
3561,L50740,L,301.8,310.7,1680,32.4,76,0,0,0,0,0,0,8.899999999999977,5700.105710673321,2462.4
3562,L50741,L,301.7,310.6,1486,38.5,78,0,0,0,0,0,0,8.900000000000034,5991.121910150855,3003.0
3563,L50742,L,301.7,310.6,1471,43.8,80,0,0,0,0,0,0,8.900000000000034,6747.072878408654,3504.0
3564,M18423,M,301.8,310.7,1465,35.8,82,0,0,0,0,0,0,8.899999999999977,5492.236996760795,2935.6
3565,M18424,M,301.7,310.6,1492,42.2,85,0,0,0,0,0,0,8.900000000000034,6593.407109746066,3587.0000000000005
3566,M18425,M,301.8,310.7,1420,52.0,88,0,0,0,0,0,0,8.899999999999977,7732.506718035677,4576.0
3567,L50746,L,301.8,310.6,1295,62.3,91,0,0,0,0,0,0,8.800000000000011,8448.63276342147,5669.3
3568,L50747,L,301.8,310.5,1548,34.1,93,0,0,0,0,0,0,8.699999999999989,5527.820769550456,3171.3
3569,L50748,L,301.8,310.6,1372,54.7,95,0,0,0,0,0,0,8.800000000000011,7859.0500701222745,5196.5
3570,M18429,M,301.8,310.6,1552,35.9,97,0,0,0,0,0,0,8.800000000000011,5834.649652051059,3482.2999999999997
3571,H32984,H,301.8,310.6,1441,46.3,100,0,0,0,0,0,0,8.800000000000011,6986.724037999997,4630.0
3572,M18431,M,301.7,310.6,1691,27.7,105,0,0,0,0,0,0,8.900000000000034,4905.146633633447,2908.5
3573,L50752,L,301.8,310.6,1451,50.7,108,0,0,0,0,0,0,8.800000000000011,7703.782089206354,5475.6
3574,L50753,L,301.8,310.6,1452,48.4,110,0,0,0,0,0,0,8.800000000000011,7359.369286593305,5324.0
3575,L50754,L,301.7,310.6,1406,46.0,112,0,0,0,0,0,0,8.900000000000034,6772.854882119115,5152.0
3576,L50755,L,301.7,310.5,1567,39.1,114,0,0,0,0,0,0,8.800000000000011,6416.147980255018,4457.400000000001
3577,L50756,L,301.6,310.4,1599,41.7,116,0,0,0,0,0,0,8.799999999999955,6982.53524779521,4837.200000000001
3578,M18437,M,301.6,310.4,1455,39.0,118,0,0,0,0,0,0,8.799999999999955,5942.322504265094,4602.0
3579,M18438,M,301.7,310.5,1625,35.9,121,0,0,0,0,0,0,8.800000000000011,6109.0887142931515,4343.9
3580,L50759,L,301.8,310.6,2672,11.8,124,1,0,0,1,0,0,8.800000000000011,3301.7719910208248,1463.2
3581,L50760,L,301.8,310.6,1650,31.9,126,0,0,0,0,0,0,8.800000000000011,5511.9243107232915,4019.3999999999996
3582,M18441,M,301.8,310.6,1459,40.2,128,0,0,0,0,0,0,8.800000000000011,6142.002133327261,5145.6
3583,L50762,L,301.8,310.6,1395,50.5,131,0,0,0,0,0,0,8.800000000000011,7377.244948792231,6615.5
3584,L50763,L,301.8,310.7,1751,29.3,133,0,0,0,0,0,0,8.899999999999977,5372.573732585561,3896.9
3585,L50764,L,301.8,310.6,1192,68.9,135,0,0,0,0,0,0,8.800000000000011,8600.507824271514,9301.5
3586,L50765,L,301.9,310.7,1947,25.0,137,0,0,0,0,0,0,8.800000000000011,5097.234080449439,3425.0
3587,L50766,L,301.8,310.5,1593,34.9,139,0,0,0,0,0,0,8.699999999999989,5821.968089706068,4851.099999999999
3588,H33001,H,301.8,310.5,1478,38.6,141,0,0,0,0,0,0,8.699999999999989,5974.345805380685,5442.6
3589,M18448,M,301.7,310.6,1505,44.5,146,0,0,0,0,0,0,8.900000000000034,7013.343799751414,6497.0
3590,L50769,L,301.7,310.5,2465,13.7,149,0,0,0,0,0,0,8.800000000000011,3536.43849026847,2041.3
3591,L50770,L,301.8,310.6,1403,46.8,151,0,0,0,0,0,0,8.800000000000011,6875.941009058907,7066.799999999999
3592,M18451,M,301.7,310.5,1458,41.4,153,0,0,0,0,0,0,8.800000000000011,6321.010082728807,6334.2
3593,H33006,H,301.6,310.4,1369,45.4,156,0,0,0,0,0,0,8.799999999999955,6508.605052050166,7082.4
3594,M18453,M,301.6,310.4,1377,44.9,161,0,0,0,0,0,0,8.799999999999955,6474.5397157097395,7228.9
3595,M18454,M,301.6,310.4,1452,45.7,164,0,0,0,0,0,0,8.799999999999955,6948.825958622192,7494.8
3596,L50775,L,301.6,310.4,1517,41.1,167,0,0,0,0,0,0,8.799999999999955,6529.140596029131,6863.7
3597,L50776,L,301.7,310.5,1354,50.0,169,0,0,0,0,0,0,8.800000000000011,7089.527421600967,8450.0
3598,M18457,M,301.7,310.5,1724,33.0,171,0,0,0,0,0,0,8.800000000000011,5957.716308267683,5643.0
3599,L50778,L,301.7,310.5,1399,53.2,174,0,0,0,0,0,0,8.800000000000011,7793.956270339894,9256.800000000001
3600,H33013,H,301.7,310.5,1388,50.5,176,0,0,0,0,0,0,8.800000000000011,7340.226515357432,8888.0
3601,L50780,L,301.7,310.5,1523,34.7,181,0,0,0,0,0,0,8.800000000000011,5534.2400905392915,6280.700000000001
3602,L50781,L,301.7,310.5,1377,43.1,183,0,0,0,0,0,0,8.800000000000011,6214.981330670152,7887.3
3603,M18462,M,301.7,310.6,1417,45.2,185,0,0,0,0,0,0,8.900000000000034,6707.132763806017,8362.0
3604,L50783,L,301.7,310.7,1542,40.0,188,0,0,0,0,0,0,9.0,6459.114495780615,7520.0
3605,L50784,L,301.8,310.8,1557,33.3,190,0,0,0,0,0,0,9.0,5429.520335419631,6326.999999999999
3606,L50785,L,301.7,310.7,1641,31.9,192,0,0,0,0,0,0,9.0,5481.859269028437,6124.799999999999
3607,L50786,L,301.7,310.7,1318,55.0,194,0,0,0,0,0,0,9.0,7591.135048624136,10670.0
3608,L50787,L,301.6,310.7,1638,33.8,196,0,0,0,0,0,0,9.099999999999966,5797.74641034689,6624.799999999999
3609,M18468,M,301.7,310.8,1954,21.6,198,0,0,0,0,0,0,9.100000000000023,4419.843872482408,4276.8
3610,M18469,M,301.7,310.9,1644,32.5,201,0,0,0,0,0,0,9.199999999999989,5595.1765160434215,6532.5
3611,M18470,M,301.7,310.8,1594,32.4,204,0,0,0,0,0,0,9.100000000000023,5408.3145850079,6609.599999999999
3612,L50791,L,301.7,310.9,1405,46.4,207,1,1,0,0,0,1,9.199999999999989,6826.890275760859,9604.8
3613,L50792,L,301.7,310.8,1622,37.8,0,0,0,0,0,0,0,9.100000000000023,6420.535737994532,0.0
3614,L50793,L,301.7,310.9,1557,39.4,2,0,0,0,0,0,0,9.199999999999989,6424.117153619623,78.8
3615,L50794,L,301.8,311.0,1606,33.3,4,0,0,0,0,0,0,9.199999999999989,5600.39155984838,133.2
3616,M18475,M,301.8,311.1,1647,31.6,6,0,0,0,0,0,0,9.300000000000011,5450.160599153717,189.60000000000002
3617,M18476,M,301.8,311.1,1413,42.2,9,0,0,0,0,0,0,9.300000000000011,6244.292390128145,379.8
3618,L50797,L,301.8,311.0,1529,41.6,12,0,0,0,0,0,0,9.199999999999989,6660.846632043127,499.20000000000005
3619,L50798,L,301.9,311.1,1448,46.3,14,0,0,0,0,0,0,9.200000000000045,7020.663710634277,648.1999999999999
3620,L50799,L,301.9,311.2,1435,44.2,16,0,0,0,0,0,0,9.300000000000011,6642.059907974661,707.2
3621,H33034,H,301.9,311.2,1474,41.8,18,0,0,0,0,0,0,9.300000000000011,6452.119216138621,752.4
3622,L50801,L,301.9,311.2,1657,29.1,23,0,0,0,0,0,0,9.300000000000011,5049.450456188339,669.3000000000001
3623,L50802,L,302.0,311.3,1509,39.9,25,0,0,0,0,0,0,9.300000000000011,6305.082207975107,997.5
3624,M18483,M,302.0,311.3,1530,36.4,27,0,0,0,0,0,0,9.300000000000011,5832.052602124092,982.8
3625,M18484,M,302.0,311.4,1587,35.9,30,0,0,0,0,0,0,9.399999999999977,5966.230024358912,1077.0
3626,M18485,M,302.1,311.4,1467,43.4,33,0,0,0,0,0,0,9.299999999999955,6667.276425007473,1432.2
3627,M18486,M,302.2,311.5,1360,53.0,36,0,0,0,0,0,0,9.300000000000011,7548.1999490250755,1908.0
3628,L50807,L,302.2,311.5,1588,30.6,39,0,0,0,0,0,0,9.300000000000011,5088.626116578604,1193.4
3629,L50808,L,302.2,311.4,1609,32.1,41,0,0,0,0,0,0,9.199999999999989,5408.660160199795,1316.1000000000001
3630,L50809,L,302.1,311.3,1415,44.1,43,0,0,0,0,0,0,9.199999999999989,6534.669799099449,1896.3
3631,L50810,L,302.0,311.2,1845,27.3,45,0,0,0,0,0,0,9.199999999999989,5274.576985744583,1228.5
3632,M18491,M,302.1,311.4,1419,36.2,47,0,0,0,0,0,0,9.299999999999955,5379.223437035659,1701.4
3633,L50812,L,302.1,311.3,1634,30.6,50,0,0,0,0,0,0,9.199999999999989,5236.029643885036,1530.0
3634,M18493,M,302.2,311.3,1521,40.6,52,0,0,0,0,0,0,9.100000000000023,6466.717150002301,2111.2000000000003
3635,L50814,L,302.2,311.4,1499,37.7,55,0,0,0,0,0,0,9.199999999999989,5917.954217248749,2073.5
3636,M18495,M,302.1,311.2,1616,35.1,57,0,0,0,0,0,0,9.099999999999966,5939.872061995294,2000.7
3637,L50816,L,302.2,311.4,1449,46.5,60,0,0,0,0,0,0,9.199999999999989,7055.860020329996,2790.0
3638,M18497,M,302.2,311.4,1626,31.6,62,0,0,0,0,0,0,9.199999999999989,5380.668569656311,1959.2
3639,M18498,M,302.3,311.5,1445,44.8,65,0,0,0,0,0,0,9.199999999999989,6779.138067426294,2912.0
3640,L50819,L,302.4,311.6,1622,35.0,68,0,0,0,0,0,0,9.200000000000045,5944.940498143085,2380.0
3641,H33054,H,302.4,311.6,1544,39.1,70,0,0,0,0,0,0,9.200000000000045,6321.973504475908,2737.0
3642,L50821,L,302.3,311.6,1488,41.8,75,0,0,0,0,0,0,9.300000000000011,6513.401216834645,3135.0
3643,L50822,L,302.3,311.6,1309,57.6,77,0,0,0,0,0,0,9.300000000000011,7895.701984414156,4435.2
3644,L50823,L,302.3,311.6,1784,26.4,79,0,0,0,0,0,0,9.300000000000011,4932.049138723688,2085.6
3645,L50824,L,302.2,311.5,1548,32.4,81,0,0,0,0,0,0,9.300000000000011,5252.240261977559,2624.4
3646,L50825,L,302.2,311.5,1413,43.5,83,0,0,0,0,0,0,9.300000000000011,6436.652108307448,3610.5
3647,M18506,M,302.2,311.5,1863,25.7,85,0,0,0,0,0,0,9.300000000000011,5013.887627349702,2184.5
3648,L50827,L,302.2,311.5,1427,43.8,88,0,0,0,0,0,0,9.300000000000011,6545.256966342046,3854.3999999999996
3649,M18508,M,302.2,311.5,1443,47.0,90,0,0,0,0,0,0,9.300000000000011,7102.198511970445,4230.0
3650,L50829,L,302.2,311.5,1481,40.4,93,0,0,0,0,0,0,9.300000000000011,6265.634276221531,3757.2
3651,L50830,L,302.1,311.4,1446,39.7,95,0,0,0,0,0,0,9.299999999999955,6011.563206350213,3771.5000000000005
3652,L50831,L,302.1,311.5,1444,44.9,97,0,0,0,0,0,0,9.399999999999977,6789.568155036212,4355.3
3653,M18512,M,302.1,311.5,1341,50.8,99,0,0,0,0,0,0,9.399999999999977,7133.8029340655585,5029.2
3654,L50833,L,302.1,311.4,1518,37.4,102,0,0,0,0,0,0,9.299999999999955,5945.275601359467,3814.7999999999997
3655,L50834,L,302.1,311.4,1603,35.9,104,0,0,0,0,0,0,9.299999999999955,6026.381051699644,3733.6
3656,L50835,L,302.1,311.4,1686,30.9,106,0,0,0,0,0,0,9.299999999999955,5455.626970370962,3275.3999999999996
3657,M18516,M,302.1,311.5,1383,53.6,108,0,0,0,0,0,0,9.399999999999977,7762.749783314235,5788.8
3658,L50837,L,302.1,311.5,1477,45.4,111,0,0,0,0,0,0,9.399999999999977,7022.066955352881,5039.4
3659,M18518,M,302.2,311.5,1449,44.5,113,0,0,0,0,0,0,9.300000000000011,6752.382169993221,5028.5
3660,M18519,M,302.2,311.5,1734,25.0,116,0,0,0,0,0,0,9.300000000000011,4539.601384437251,2900.0
3661,L50840,L,302.3,311.6,1398,49.1,119,0,0,0,0,0,0,9.300000000000011,7188.152486972662,5842.900000000001
3662,M18521,M,302.3,311.7,1639,36.6,121,0,0,0,0,0,0,9.399999999999977,6281.865838265078,4428.6
3663,M18522,M,302.3,311.7,1517,37.6,124,0,0,0,0,0,0,9.399999999999977,5973.1310562212975,4662.400000000001
3664,M18523,M,302.3,311.7,1442,41.7,127,0,0,0,0,0,0,9.399999999999977,6296.94548300231,5295.900000000001
3665,M18524,M,302.3,311.7,1685,30.8,130,0,0,0,0,0,0,9.399999999999977,5434.745851200102,4004.0
3666,M18525,M,302.4,311.8,1358,50.6,133,0,0,0,0,0,0,9.400000000000034,7195.797029096398,6729.8
3667,M18526,M,302.3,311.6,1608,39.9,136,0,0,0,0,0,0,9.300000000000011,6718.735712673275,5426.4
3668,L50847,L,302.3,311.6,1665,34.3,139,0,0,0,0,0,0,9.300000000000011,5980.492855006209,4767.7
3669,L50848,L,302.3,311.7,1510,38.7,141,0,0,0,0,0,0,9.399999999999977,6119.508329927558,5456.700000000001
3670,L50849,L,302.4,311.8,1465,40.2,143,0,0,0,0,0,0,9.400000000000034,6167.260538262123,5748.6
3671,L50850,L,302.3,311.7,1701,27.5,145,0,0,0,0,0,0,9.399999999999977,4898.528345109885,3987.5
3672,M18531,M,302.3,311.7,1486,39.6,147,0,0,0,0,0,0,9.399999999999977,6162.2968218694505,5821.2
3673,L50852,L,302.3,311.6,1658,32.3,150,0,0,0,0,0,0,9.300000000000011,5608.098933825187,4845.0
3674,H33087,H,302.3,311.7,1449,44.5,152,0,0,0,0,0,0,9.399999999999977,6752.382169993221,6764.0
3675,L50854,L,302.2,311.5,1346,52.4,157,0,0,0,0,0,0,9.300000000000011,7385.926216491651,8226.8
3676,M18535,M,302.1,311.5,1866,23.1,159,0,0,0,0,0,0,9.399999999999977,4513.903156530887,3672.9
3677,M18536,M,302.2,311.5,1562,38.0,162,0,0,0,0,0,0,9.300000000000011,6215.745784882525,6156.0
3678,M18537,M,302.3,311.7,1368,53.6,165,0,0,0,0,0,0,9.399999999999977,7678.555100198028,8844.0
3679,L50858,L,302.2,311.5,1567,33.1,168,0,0,0,0,0,0,9.300000000000011,5431.572842619978,5560.8
3680,L50859,L,302.2,311.5,1725,34.0,170,0,0,0,0,0,0,9.300000000000011,6141.813637768045,5780.0
3681,L50860,L,302.2,311.5,1744,31.2,172,0,0,0,0,0,0,9.300000000000011,5698.095091375022,5366.4
3682,M18541,M,302.1,311.3,1453,45.1,174,0,0,0,0,0,0,9.199999999999989,6862.31696891784,7847.400000000001
3683,L50862,L,302.1,311.2,1550,34.8,177,0,0,0,0,0,0,9.099999999999966,5648.583591154447,6159.599999999999
3684,M18543,M,302.0,311.2,1558,39.1,179,0,0,0,0,0,0,9.199999999999989,6379.29709842841,6998.900000000001
3685,L50864,L,302.0,311.2,1270,65.3,182,1,0,0,0,1,0,9.199999999999989,8684.514011828503,11884.6
3686,M18545,M,301.9,311.1,1380,51.6,184,0,0,0,0,0,0,9.200000000000045,7456.8843225607325,9494.4
3687,L50866,L,302.0,311.1,1406,50.5,187,0,0,0,0,0,0,9.100000000000023,7435.416772761202,9443.5
3688,M18547,M,302.0,311.2,1625,30.7,189,0,0,0,0,0,0,9.199999999999989,5224.206783532027,5802.3
3689,L50868,L,302.0,311.2,1420,45.8,192,0,0,0,0,0,0,9.199999999999989,6810.553993962192,8793.599999999999
3690,L50869,L,302.1,311.4,1889,22.7,194,0,0,0,0,0,0,9.299999999999955,4490.414515457546,4403.8
3691,L50870,L,302.1,311.3,1477,43.6,196,0,0,0,0,0,0,9.199999999999989,6743.659014391755,8545.6
3692,L50871,L,302.1,311.2,1460,46.9,198,0,0,0,0,0,0,9.099999999999966,7170.580512063583,9286.199999999999
3693,L50872,L,302.1,311.3,1758,24.4,200,0,0,0,0,0,0,9.199999999999989,4491.9748398088295,4880.0
3694,L50873,L,302.1,311.3,1521,31.5,202,0,0,0,0,0,0,9.199999999999989,5017.280547415578,6363.0
3695,M18554,M,302.1,311.3,1511,45.0,204,0,0,0,0,0,0,9.199999999999989,7120.4197493612655,9180.0
3696,L50875,L,302.2,311.3,1530,37.3,207,1,1,0,0,0,0,9.100000000000023,5976.251704923862,7721.099999999999
3697,L50876,L,302.1,311.2,1454,46.8,0,0,0,0,0,0,0,9.099999999999966,7125.8861205785115,0.0
3698,L50877,L,302.2,311.2,1928,23.1,2,0,0,0,0,0,0,9.0,4663.882789813263,46.2
3699,H33112,H,302.2,311.3,1758,26.4,4,0,0,0,0,0,0,9.100000000000023,4860.169498809553,105.6
3700,L50879,L,302.2,311.2,1649,33.2,9,0,0,0,0,0,0,9.0,5733.07148958499,298.8
3701,L50880,L,302.1,311.2,1447,50.3,11,0,0,0,0,0,0,9.099999999999966,7621.933128604827,553.3
3702,L50881,L,302.1,311.2,1417,48.0,13,0,0,0,0,0,0,9.099999999999966,7122.618864218779,624.0
3703,L50882,L,302.0,311.2,1434,44.9,15,0,0,0,0,0,0,9.199999999999989,6742.548984987486,673.5
3704,M18563,M,302.0,311.2,1418,49.5,17,0,0,0,0,0,0,9.199999999999989,7350.384331604038,841.5
3705,M18564,M,302.0,311.2,1400,49.5,20,0,0,0,0,0,0,9.199999999999989,7257.079029792421,990.0
3706,M18565,M,302.0,311.3,1725,27.7,23,0,0,0,0,0,0,9.300000000000011,5003.771699005143,637.1
3707,L50886,L,302.0,311.3,1567,41.1,26,0,0,0,0,0,0,9.300000000000011,6744.339692800032,1068.6000000000001
3708,M18567,M,302.1,311.3,1497,38.4,28,0,0,0,0,0,0,9.199999999999989,6019.794179102617,1075.2
3709,L50888,L,302.1,311.4,1549,44.6,31,0,0,0,0,0,0,9.299999999999955,7234.6061703437435,1382.6000000000001
3710,L50889,L,302.2,311.4,1754,26.9,33,0,0,0,0,0,0,9.199999999999989,4940.950317908859,887.6999999999999
3711,L50890,L,302.2,311.5,1489,38.3,35,0,0,0,0,0,0,9.300000000000011,5972.03149879254,1340.5
3712,L50891,L,302.2,311.5,1543,38.5,37,0,0,0,0,0,0,9.300000000000011,6220.929412760948,1424.5
3713,L50892,L,302.3,311.5,1543,33.1,39,0,0,0,0,0,0,9.199999999999989,5348.383469152919,1290.9
3714,L50893,L,302.3,311.5,1565,35.6,41,0,0,0,0,0,0,9.199999999999989,5834.356436736724,1459.6000000000001
3715,M18574,M,302.3,311.4,1855,23.9,43,0,0,0,0,0,0,9.099999999999966,4642.697983352556,1027.7
3716,M18575,M,302.4,311.4,1475,45.2,46,0,0,0,0,0,0,9.0,6981.666073827717,2079.2000000000003
3717,L50896,L,302.3,311.4,1609,32.3,49,0,0,0,0,0,0,9.099999999999966,5442.358977397302,1582.6999999999998
3718,H33131,H,302.3,311.4,1443,44.1,51,0,0,0,0,0,0,9.099999999999966,6663.977752721205,2249.1
3719,L50898,L,302.4,311.4,1450,44.1,56,0,0,0,0,0,0,9.0,6696.304741126643,2469.6
3720,L50899,L,302.4,311.5,1590,39.9,58,0,0,0,0,0,0,9.100000000000023,6643.525984546335,2314.2
3721,M18580,M,302.4,311.4,1508,41.2,60,0,0,0,0,0,0,9.0,6506.196497682414,2472.0
3722,M18581,M,302.2,311.2,1544,43.6,63,0,0,0,0,0,0,9.0,7049.566363047305,2746.8
3723,L50902,L,302.2,311.2,1451,41.8,66,0,0,0,0,0,0,9.0,6351.44164356658,2758.7999999999997
3724,L50903,L,302.3,311.2,1758,24.4,68,0,0,0,0,0,0,8.899999999999977,4491.9748398088295,1659.1999999999998
3725,M18584,M,302.3,311.2,1507,47.7,70,0,0,0,0,0,0,8.899999999999977,7527.664405046112,3339.0
3726,H33139,H,302.3,311.1,1543,37.5,73,0,0,0,0,0,0,8.800000000000011,6059.346830611314,2737.5
3727,M18586,M,302.3,311.2,1505,36.7,78,0,0,0,0,0,0,8.899999999999977,5784.038594401728,2862.6000000000004
3728,L50907,L,302.3,311.2,1786,24.3,81,0,0,0,0,0,0,8.899999999999977,4544.81642824221,1968.3
3729,L50908,L,302.3,311.3,1457,44.5,83,0,0,0,0,0,0,9.0,6789.66240281582,3693.5
3730,M18589,M,302.4,311.3,1312,61.5,85,0,0,0,0,0,0,8.900000000000034,8449.627601095108,5227.5
3731,M18590,M,302.3,311.2,1405,47.7,88,0,0,0,0,0,0,8.899999999999977,7018.160908486918,4197.6
3732,M18591,M,302.2,311.2,1377,43.0,91,0,0,0,0,0,0,9.0,6200.561420390174,3913.0
3733,M18592,M,302.2,311.2,1347,49.8,94,0,0,0,0,0,0,9.0,7024.664005279848,4681.2
3734,L50913,L,302.2,311.1,1470,39.6,97,0,0,0,0,0,0,8.900000000000034,6095.946385025634,3841.2000000000003
3735,M18594,M,302.2,311.2,1873,24.0,99,0,0,0,0,0,0,9.0,4707.362432138946,2376.0
3736,M18595,M,302.2,311.1,1434,58.6,102,0,0,0,0,0,0,8.900000000000034,8799.852350117299,5977.2
3737,H33150,H,302.2,311.1,1628,30.6,105,0,0,0,0,0,0,8.900000000000034,5216.803096845067,3213.0
3738,L50917,L,302.2,311.1,1351,48.6,110,0,0,0,0,0,0,8.900000000000034,6875.752513499693,5346.0
3739,M18598,M,302.3,311.2,1454,43.8,112,0,0,0,0,0,0,8.899999999999977,6669.098548746556,4905.599999999999
3740,M18599,M,302.2,311.2,1663,29.6,115,0,0,0,0,0,0,9.0,5154.809001814228,3404.0
3741,L50920,L,302.3,311.2,1401,49.7,118,0,0,0,0,0,0,8.899999999999977,7291.605133055374,5864.6
3742,L50921,L,302.4,311.3,1503,38.2,120,0,0,0,0,0,0,8.900000000000034,6012.4428522932185,4584.0
3743,L50922,L,302.4,311.4,1564,35.0,122,0,0,0,0,0,0,9.0,5732.359395250176,4270.0
3744,L50923,L,302.5,311.4,1759,24.6,124,0,0,0,0,0,0,8.899999999999977,4531.370411684846,3050.4
3745,L50924,L,302.5,311.4,1409,53.1,126,0,0,0,0,0,0,8.899999999999977,7834.912166567194,6690.6
3746,L50925,L,302.6,311.4,1738,25.8,128,0,0,0,0,0,0,8.799999999999955,4695.675707467592,3302.4
3747,H33160,H,302.5,311.3,1393,47.5,130,0,0,0,0,0,0,8.800000000000011,6929.044396880087,6175.0
3748,L50927,L,302.5,311.1,1499,38.8,135,0,0,0,0,0,0,8.600000000000023,6090.626621465555,5238.0
3749,L50928,L,302.5,311.1,1493,39.0,137,0,0,0,0,0,0,8.600000000000023,6097.517181352429,5343.0
3750,L50929,L,302.4,311.1,1652,33.9,139,0,0,0,0,0,0,8.700000000000045,5864.599502015281,4712.099999999999
3751,L50930,L,302.3,311.1,1589,29.9,141,0,0,0,0,0,0,8.800000000000011,4975.350757465667,4215.9
3752,L50931,L,302.4,311.1,1520,42.2,143,0,0,0,0,0,0,8.700000000000045,6717.143972395457,6034.6
3753,H33166,H,302.3,311.1,1455,40.3,145,0,0,0,0,0,0,8.800000000000011,6140.399921073929,5843.5
3754,L50933,L,302.2,311.0,1463,46.8,150,0,0,0,0,0,0,8.800000000000011,7169.994081434912,7020.0
3755,L50934,L,302.3,311.0,1442,43.7,152,0,0,0,0,0,0,8.699999999999989,6598.957256767409,6642.400000000001
3756,L50935,L,302.3,311.0,1329,51.5,154,0,0,0,0,0,0,8.699999999999989,7167.386559532433,7931.0
3757,L50936,L,302.3,311.1,1546,33.1,156,0,0,0,0,0,0,8.800000000000011,5358.782140836302,5163.6
3758,M18617,M,302.2,311.1,1516,33.7,158,0,0,0,0,0,0,8.900000000000034,5350.048513259322,5324.6
3759,M18618,M,302.2,311.0,1476,47.4,161,0,0,0,0,0,0,8.800000000000011,7326.445395583683,7631.4
3760,L50939,L,302.3,311.0,1412,47.0,164,0,0,0,0,0,0,8.699999999999989,6949.621828761101,7708.0
3761,L50940,L,302.3,310.9,1377,46.8,166,1,0,1,0,0,0,8.599999999999966,6748.518011029306,7768.799999999999
3762,M18621,M,302.4,311.0,1490,37.1,168,0,0,0,0,0,0,8.600000000000023,5788.803343259672,6232.8
3763,M18622,M,302.3,311.0,1526,37.7,171,0,0,0,0,0,0,8.699999999999989,6024.548455985051,6446.700000000001
3764,L50943,L,302.3,311.0,1428,47.9,174,0,0,0,0,0,0,8.699999999999989,7162.956913890871,8334.6
3765,L50944,L,302.4,311.0,1329,54.6,176,0,0,0,0,0,0,8.600000000000023,7598.82147864992,9609.6
3766,M18625,M,302.4,311.1,1443,51.8,178,0,0,0,0,0,0,8.700000000000045,7827.529423831255,9220.4
3767,L50946,L,302.3,311.1,1373,53.0,181,0,0,0,0,0,0,8.800000000000011,7620.351860302521,9593.0
3768,L50947,L,302.3,311.1,1630,35.6,183,0,0,0,0,0,0,8.800000000000011,6076.677950083616,6514.8
3769,L50948,L,302.2,311.0,1555,34.2,185,0,0,0,0,0,0,8.800000000000011,5569.101297018627,6327.000000000001
3770,M18629,M,302.2,311.0,1436,47.0,187,0,0,0,0,0,0,8.800000000000011,7067.745712536077,8789.0
3771,L50950,L,302.3,311.0,1609,31.0,190,0,0,0,0,0,0,8.699999999999989,5223.316665613509,5890.0
3772,M18631,M,302.3,311.0,1384,49.7,192,0,0,0,0,0,0,8.699999999999989,7203.127411954773,9542.400000000001
3773,L50952,L,302.4,311.1,1448,44.8,195,0,0,0,0,0,0,8.700000000000045,6793.212402514377,8736.0
3774,M18633,M,302.4,311.1,1887,22.4,197,0,0,0,0,0,0,8.700000000000045,4426.378385201874,4412.799999999999
3775,M18634,M,302.4,311.1,1480,45.7,200,0,0,0,0,0,0,8.700000000000045,7082.825357273308,9140.0
3776,H33189,H,302.5,311.1,1850,23.3,203,0,0,0,0,0,0,8.600000000000023,4513.945044432934,4729.900000000001
3777,L50956,L,302.5,311.1,1538,36.8,208,0,0,0,0,0,0,8.600000000000023,5926.9705881645505,7654.4
3778,M18637,M,302.4,311.1,1721,30.1,210,0,0,0,0,0,0,8.700000000000045,5424.703226684128,6321.0
3779,M18638,M,302.4,311.1,1366,54.4,0,0,0,0,0,0,0,8.700000000000045,7781.766890843965,0.0
3780,L50959,L,302.3,311.0,1657,31.1,3,0,0,0,0,0,0,8.699999999999989,5396.491724654891,93.30000000000001
3781,L50960,L,302.4,311.1,1446,42.9,5,0,0,0,0,0,0,8.700000000000045,6496.122457239902,214.5
3782,L50961,L,302.3,310.8,1465,43.8,7,0,0,0,0,0,0,8.5,6719.552526763207,306.59999999999997
3783,L50962,L,302.2,310.8,1827,23.8,9,0,0,0,0,0,0,8.600000000000023,4553.487223966117,214.20000000000002
3784,H33197,H,302.2,310.8,1397,47.6,11,0,0,0,0,0,0,8.600000000000023,6963.570500143039,523.6
3785,L50964,L,302.2,310.8,1744,29.7,16,0,0,0,0,0,0,8.600000000000023,5424.148211981992,475.2
3786,L50965,L,302.3,310.9,1545,36.7,18,0,0,0,0,0,0,8.599999999999966,5937.767194917389,660.6
3787,L50966,L,302.3,310.9,1587,36.6,20,0,0,0,0,0,0,8.599999999999966,6082.563200321342,732.0
3788,L50967,L,302.3,310.8,1377,47.3,22,1,0,1,0,0,0,8.5,6820.617562429192,1040.6
3789,L50968,L,302.3,310.8,1511,48.1,24,0,0,0,0,0,0,8.5,7610.937554317265,1154.4
3790,L50969,L,302.3,310.8,1650,32.4,26,0,0,0,0,0,0,8.5,5598.318108697011,842.4
3791,L50970,L,302.3,310.9,1412,48.9,28,0,0,0,0,0,0,8.599999999999966,7230.563987796124,1369.2
3792,L50971,L,302.3,311.0,1528,43.1,30,0,0,0,0,0,0,8.699999999999989,6896.50796896441,1293.0
3793,L50972,L,302.3,310.9,1459,35.0,32,0,0,0,0,0,0,8.599999999999966,5347.514295185426,1120.0
3794,L50973,L,302.3,310.9,1379,49.3,34,1,0,1,0,0,0,8.599999999999966,7119.341135883533,1676.1999999999998
3795,M18654,M,302.2,310.8,1356,48.3,36,0,0,0,0,0,0,8.600000000000023,6858.599417611092,1738.8
3796,M18655,M,302.1,310.8,1409,41.3,39,0,0,0,0,0,0,8.699999999999989,6093.820573996705,1610.6999999999998
3797,M18656,M,302.1,310.8,1504,37.5,42,0,0,0,0,0,0,8.699999999999989,5906.194188748811,1575.0
3798,L50977,L,302.1,310.8,1622,36.8,45,0,0,0,0,0,0,8.699999999999989,6250.680295190444,1655.9999999999998
3799,L50978,L,302.1,310.8,1786,25.7,47,0,0,0,0,0,0,8.699999999999989,4806.657703943407,1207.8999999999999
3800,L50979,L,302.2,310.9,1506,34.0,49,0,0,0,0,0,0,8.699999999999989,5362.070341147059,1666.0
3801,M18660,M,302.1,310.9,1916,23.1,51,0,0,0,0,0,0,8.799999999999955,4634.854473694094,1178.1000000000001
3802,M18661,M,302.2,310.9,1771,27.6,54,0,0,0,0,0,0,8.699999999999989,5118.659742346922,1490.4
3803,M18662,M,302.2,310.9,1488,44.2,57,0,0,0,0,0,0,8.699999999999989,6887.376406317975,2519.4
3804,L50983,L,302.2,310.9,1531,37.5,60,0,0,0,0,0,0,8.699999999999989,6012.222940807466,2250.0
3805,L50984,L,302.3,310.9,1529,33.4,62,0,0,0,0,0,0,8.599999999999966,5347.891286303857,2070.7999999999997
3806,M18665,M,302.4,311.0,1580,36.5,64,0,0,0,0,0,0,8.600000000000023,6039.188277750779,2336.0
3807,M18666,M,302.3,310.9,1360,44.0,67,1,0,1,0,0,0,8.599999999999966,6266.430146360441,2948.0
3808,M18667,M,302.3,311.0,1546,35.5,70,0,0,0,0,0,0,8.699999999999989,5747.334320232287,2485.0
3809,M18668,M,302.3,310.9,1762,24.5,73,0,0,0,0,0,0,8.599999999999966,4520.647108760592,1788.5
3810,L50989,L,302.2,310.8,1350,56.6,76,0,0,0,0,0,0,8.600000000000023,8001.636488693202,4301.6
3811,M18670,M,302.2,310.8,1562,38.1,78,0,0,0,0,0,0,8.600000000000023,6232.103010632216,2971.8
3812,M18671,M,302.1,310.7,1608,30.3,81,0,0,0,0,0,0,8.599999999999966,5102.1977968421115,2454.3
3813,L50992,L,302.0,310.6,1392,50.0,84,0,0,0,0,0,0,8.600000000000023,7288.49495632832,4200.0
3814,L50993,L,302.0,310.6,1467,44.9,86,0,0,0,0,0,0,8.600000000000023,6897.712246148286,3861.4
3815,M18674,M,302.1,310.6,1326,59.1,88,1,0,1,0,0,0,8.5,8206.53116156033,5200.8
3816,L50995,L,302.2,310.7,1769,24.9,91,0,0,0,0,0,0,8.5,4612.706245486285,2265.9
3817,L50996,L,302.1,310.6,1459,47.6,93,0,0,0,0,0,0,8.5,7272.619441452181,4426.8
3818,M18677,M,302.1,310.6,1421,52.0,95,0,0,0,0,0,0,8.5,7737.9521453019,4940.0
3819,L50998,L,302.1,310.7,1491,42.8,98,0,0,0,0,0,0,8.599999999999966,6682.670229010064,4194.4
3820,L50999,L,302.2,310.7,1567,36.4,100,0,0,0,0,0,0,8.5,5973.089168319249,3640.0
3821,L51000,L,302.3,310.8,1421,41.4,102,0,0,0,0,0,0,8.5,6160.600361836512,4222.8
3822,L51001,L,302.3,310.9,1596,33.5,104,0,0,0,0,0,0,8.599999999999966,5598.946427227729,3484.0
3823,M18682,M,302.4,311.0,1464,44.2,106,0,0,0,0,0,0,8.600000000000023,6776.28969008704,4685.200000000001
3824,M18683,M,302.3,310.9,1581,36.1,109,0,0,0,0,0,0,8.599999999999966,5976.7857756749745,3934.9
3825,L51004,L,302.3,310.9,1620,30.3,112,0,0,0,0,0,0,8.599999999999966,5140.273899803619,3393.6
3826,H33239,H,302.2,310.7,1413,48.9,114,0,0,0,0,0,0,8.5,7235.684783821475,5574.599999999999
3827,H33240,H,302.3,310.8,1438,43.8,119,0,0,0,0,0,0,8.5,6595.710944358698,5212.2
3828,M18687,M,302.4,310.9,1469,41.6,124,0,0,0,0,0,0,8.5,6399.466123264457,5158.400000000001
3829,M18688,M,302.3,310.8,1762,27.8,127,0,0,0,0,0,0,8.5,5129.550596879366,3530.6
3830,H33243,H,302.3,310.9,1366,48.4,130,1,0,1,0,0,0,8.599999999999966,6923.483777883233,6292.0
3831,L51010,L,302.3,310.9,1891,22.7,135,0,0,0,0,0,0,8.599999999999966,4495.168792339979,3064.5
3832,M18691,M,302.3,310.9,1742,29.7,137,0,0,0,0,0,0,8.599999999999966,5417.927858527885,4068.9
3833,M18692,M,302.2,310.9,1465,43.5,140,0,0,0,0,0,0,8.699999999999989,6673.528194388117,6090.0
3834,M18693,M,302.3,311.0,1541,36.6,143,0,0,0,0,0,0,8.699999999999989,5906.257020601884,5233.8
3835,M18694,M,302.3,311.1,1295,57.1,146,0,0,0,0,0,0,8.800000000000011,7743.449932445682,8336.6
3836,M18695,M,302.3,311.1,1435,43.1,149,0,0,0,0,0,0,8.800000000000011,6476.7597745182775,6421.900000000001
3837,L51016,L,302.4,311.2,1466,43.9,152,0,0,0,0,0,0,8.800000000000011,6739.491168137992,6672.8
3838,L51017,L,302.4,311.2,1450,47.9,154,0,0,0,0,0,0,8.800000000000011,7273.310591835969,7376.599999999999
3839,L51018,L,302.4,311.1,1880,24.5,156,0,0,0,0,0,0,8.700000000000045,4823.3919208115285,3822.0
3840,M18699,M,302.3,311.0,1578,33.5,158,0,0,0,0,0,0,8.699999999999989,5535.800414890574,5293.0
3841,L51020,L,302.4,311.0,1610,33.1,161,0,0,0,0,0,0,8.600000000000023,5580.620470081789,5329.1
3842,L51021,L,302.4,311.1,1565,42.8,163,0,0,0,0,0,0,8.700000000000045,7014.33863742505,6976.4
3843,L51022,L,302.5,311.2,1545,40.1,165,0,0,0,0,0,0,8.699999999999989,6487.860068560961,6616.5
3844,L51023,L,302.5,311.2,1227,60.1,167,0,0,0,0,0,0,8.699999999999989,7722.317485862534,10036.7
3845,L51024,L,302.4,311.1,1484,45.9,169,0,0,0,0,0,0,8.700000000000045,7133.048951828696,7757.099999999999
3846,L51025,L,302.3,311.0,1591,32.7,171,0,0,0,0,0,0,8.699999999999989,5448.118563928883,5591.700000000001
3847,L51026,L,302.3,310.9,1403,47.2,173,0,0,0,0,0,0,8.599999999999966,6934.709735632062,8165.6
3848,M18707,M,302.3,311.0,1450,45.7,175,0,0,0,0,0,0,8.699999999999989,6939.254573004255,7997.500000000001
3849,L51028,L,302.3,310.9,1720,28.1,178,0,0,0,0,0,0,8.599999999999966,5061.3152044433955,5001.8
3850,L51029,L,302.3,311.0,1561,37.2,180,0,0,0,0,0,0,8.699999999999989,6080.992403994547,6696.000000000001
3851,M18710,M,302.3,311.0,1421,41.3,182,0,0,0,0,0,0,8.699999999999989,6145.719684634008,7516.599999999999
3852,H33265,H,302.2,310.9,1415,48.4,185,0,0,0,0,0,0,8.699999999999989,7171.837149125019,8954.0
3853,L51032,L,302.3,310.9,2034,19.7,190,0,0,0,0,0,0,8.599999999999966,4196.099643693742,3743.0
3854,L51033,L,302.4,311.0,1486,40.4,192,0,0,0,0,0,0,8.600000000000023,6286.787666755702,7756.799999999999
3855,L51034,L,302.4,311.0,1338,67.6,194,1,0,0,1,1,0,8.600000000000023,9471.77618686708,13114.4
3856,H33269,H,302.4,311.1,1578,32.3,196,0,0,0,0,0,0,8.700000000000045,5337.503086595986,6330.799999999999
3857,M18716,M,302.4,311.2,1330,58.6,201,0,0,0,0,0,0,8.800000000000011,8161.648274516043,11778.6
3858,H33271,H,302.4,311.2,1506,40.8,204,0,0,0,0,0,0,8.800000000000011,6434.48440937647,8323.199999999999
3859,L51038,L,302.5,311.4,1559,37.6,209,0,0,0,0,0,0,8.899999999999977,6138.504493506264,7858.400000000001
3860,L51039,L,302.6,311.5,1599,37.0,211,0,0,0,0,0,0,8.899999999999977,6195.534872144431,7807.0
3861,L51040,L,302.6,311.5,1427,38.9,213,0,0,0,0,0,0,8.899999999999977,5813.025022618849,8285.699999999999
3862,M18721,M,302.5,311.5,1481,41.1,215,0,0,0,0,0,0,9.0,6374.197246354082,8836.5
3863,H33276,H,302.5,311.5,1496,43.8,218,0,0,0,0,0,0,9.0,6861.741010264682,9548.4
3864,L51043,L,302.5,311.4,1674,27.0,223,0,0,0,0,0,0,8.899999999999977,4733.123491898382,6021.0
3865,M18724,M,302.5,311.4,1629,31.7,225,0,0,0,0,0,0,8.899999999999977,5407.654850550646,7132.5
3866,H33279,H,302.6,311.5,1629,34.4,228,1,1,0,0,0,0,8.899999999999977,5868.243749493446,7843.2
3867,L51046,L,302.6,311.6,1311,53.2,0,0,0,0,0,0,0,9.0,7303.700264771694,0.0
3868,M18727,M,302.7,311.6,2709,9.7,2,1,0,0,1,0,0,8.900000000000034,2751.7524212058356,19.4
3869,M18728,M,302.7,311.7,1759,29.9,5,0,0,0,0,0,0,9.0,5507.641272738898,149.5
3870,L51049,L,302.7,311.7,1480,45.2,8,0,0,0,0,0,0,9.0,7005.33273848476,361.6
3871,L51050,L,302.7,311.8,1461,46.1,10,0,0,0,0,0,0,9.100000000000023,7053.095418794837,461.0
3872,M18731,M,302.7,311.8,1728,30.0,12,0,0,0,0,0,0,9.100000000000023,5428.672105403162,360.0
3873,L51052,L,302.7,311.9,1389,46.5,15,0,0,0,0,0,0,9.199999999999989,6763.691903546145,697.5
3874,L51053,L,302.6,311.8,1638,35.1,17,0,0,0,0,0,0,9.199999999999989,6020.736656898695,596.7
3875,L51054,L,302.6,311.7,1254,54.1,19,0,0,0,0,0,0,9.099999999999966,7104.334794974887,1027.9
3876,L51055,L,302.6,311.8,1427,50.1,21,0,0,0,0,0,0,9.199999999999989,7486.6980368433,1052.1000000000001
3877,L51056,L,302.6,311.8,1627,31.8,23,0,0,0,0,0,0,9.199999999999989,5418.053522234029,731.4
3878,H33291,H,302.6,311.7,1471,48.3,25,0,0,0,0,0,0,9.099999999999966,7440.265297423243,1207.5
3879,L51058,L,302.6,311.7,1773,27.1,30,0,0,0,0,0,0,9.099999999999966,5031.606209915949,813.0
3880,M18739,M,302.6,311.7,1430,51.7,32,0,0,0,0,0,0,9.099999999999966,7742.0362157515665,1654.4
3881,L51060,L,302.5,311.6,1595,29.5,35,0,0,0,0,0,0,9.100000000000023,4927.326277767791,1032.5
3882,L51061,L,302.5,311.5,1521,44.1,37,0,0,0,0,0,0,9.0,7024.192766381811,1631.7
3883,L51062,L,302.5,311.6,1419,43.7,39,0,0,0,0,0,0,9.100000000000023,6493.703430896639,1704.3000000000002
3884,M18743,M,302.4,311.4,1534,40.1,41,0,0,0,0,0,0,9.0,6441.668184577679,1644.1000000000001
3885,H33298,H,302.5,311.5,1626,36.0,44,0,0,0,0,0,0,9.0,6129.875585684404,1584.0
3886,L51065,L,302.5,311.5,1677,29.2,49,0,0,0,0,0,0,9.0,5127.958856601547,1430.8
3887,L51066,L,302.4,311.3,1392,50.5,51,0,0,0,0,0,0,8.900000000000034,7361.379905891603,2575.5
3888,L51067,L,302.4,311.2,1448,50.5,53,0,0,0,0,0,0,8.800000000000011,7657.5273733700005,2676.5
3889,L51068,L,302.3,311.2,1903,22.9,55,0,0,0,0,0,0,8.899999999999977,4563.550792433117,1259.5
3890,L51069,L,302.4,311.2,1404,52.0,57,0,0,0,0,0,0,8.800000000000011,7645.37988177612,2964.0
3891,L51070,L,302.3,311.2,1386,53.5,59,0,0,0,0,0,0,8.899999999999977,7765.074561877891,3156.5
3892,L51071,L,302.2,311.1,1418,47.0,61,0,0,0,0,0,0,8.900000000000034,6979.152799704845,2867.0
3893,M18752,M,302.3,311.1,1338,53.3,63,0,0,0,0,0,0,8.800000000000011,7468.131224260584,3357.8999999999996
3894,L51073,L,302.3,311.2,1549,40.6,66,0,0,0,0,0,0,8.899999999999977,6585.762567622331,2679.6
3895,M18754,M,302.3,311.2,1432,42.7,68,0,0,0,0,0,0,8.899999999999977,6403.236034448764,2903.6000000000004
3896,M18755,M,302.3,311.2,1546,40.0,71,0,0,0,0,0,0,8.899999999999977,6475.86965659976,2840.0
3897,M18756,M,302.2,311.2,1627,33.2,74,0,0,0,0,0,0,9.0,5656.5841804455895,2456.8
3898,M18757,M,302.2,311.1,1640,32.8,77,0,0,0,0,0,0,8.900000000000034,5633.085067396737,2525.6
3899,M18758,M,302.1,311.1,1423,36.8,80,0,0,0,0,0,0,9.0,5483.796584498151,2944.0
3900,M18759,M,302.1,311.0,1711,28.7,83,0,0,0,0,0,0,8.899999999999977,5142.336878979476,2382.1
3901,M18760,M,302.1,311.1,1450,51.6,86,0,0,0,0,0,0,9.0,7835.132078052944,4437.6
3902,H33315,H,302.2,311.1,1553,34.1,89,0,0,0,0,0,0,8.900000000000034,5545.6754877983585,3034.9
3903,L51082,L,302.2,311.1,1630,34.6,94,0,0,0,0,0,0,8.900000000000034,5905.984749238572,3252.4
3904,H33317,H,302.2,311.1,1476,39.6,96,0,0,0,0,0,0,8.900000000000034,6120.827798842065,3801.6000000000004
3905,H33318,H,302.2,311.1,1426,50.6,101,0,0,0,0,0,0,8.900000000000034,7556.1167625121225,5110.6
3906,M18765,M,302.2,311.2,1561,34.9,106,0,0,0,0,0,0,9.0,5705.017067188432,3699.3999999999996
3907,L51086,L,302.3,311.2,1297,62.5,109,0,0,0,0,0,0,8.899999999999977,8488.84514938742,6812.5
3908,M18767,M,302.3,311.2,1842,23.9,111,0,0,0,0,0,0,8.899999999999977,4610.161555436877,2652.8999999999996
3909,L51088,L,302.3,311.2,1633,36.4,114,0,0,0,0,0,0,8.899999999999977,6224.66790801872,4149.599999999999
3910,H33323,H,302.3,311.3,1744,30.3,116,0,0,0,0,0,0,9.0,5533.7269637392055,3514.8
3911,L51090,L,302.4,311.4,1831,26.9,121,0,0,0,0,0,0,9.0,5157.85634668821,3254.8999999999996
3912,M18771,M,302.3,311.3,1339,50.8,123,0,0,0,0,0,0,9.0,7123.1634069454,6248.4
3913,L51092,L,302.4,311.4,1475,40.4,126,0,0,0,0,0,0,9.0,6240.250207580525,5090.4
3914,M18773,M,302.4,311.4,1675,29.6,128,0,0,0,0,0,0,9.0,5192.005458832731,3788.8
3915,L51094,L,302.5,311.5,1493,35.1,131,0,0,0,0,0,0,9.0,5487.765463217186,4598.1
3916,L51095,L,302.5,311.5,1700,29.5,133,0,0,0,0,0,0,9.0,5251.695719250937,3923.5
3917,L51096,L,302.6,311.6,1453,37.0,135,0,0,0,0,0,0,9.0,5629.838754988029,4995.0
3918,L51097,L,302.6,311.7,1542,34.1,137,0,0,0,0,0,0,9.099999999999966,5506.395107652974,4671.7
3919,M18778,M,302.5,311.5,1358,52.7,139,0,0,0,0,0,0,9.0,7494.436826746643,7325.3
3920,H33333,H,302.5,311.5,1655,32.3,142,0,0,0,0,0,0,9.0,5597.951589554092,4586.599999999999
3921,L51100,L,302.6,311.5,1885,27.5,147,0,0,0,0,0,0,8.899999999999977,5428.410306015363,4042.5
3922,L51101,L,302.7,311.5,1494,41.4,149,0,0,0,0,0,0,8.800000000000011,6477.084405759148,6168.599999999999
3923,M18782,M,302.6,311.4,1757,29.5,151,0,0,0,0,0,0,8.799999999999955,5427.7819874846455,4454.5
3924,M18783,M,302.6,311.4,1718,31.2,154,0,0,0,0,0,0,8.799999999999955,5613.1464260219545,4804.8
3925,M18784,M,302.5,311.4,1636,35.0,157,0,0,0,0,0,0,8.899999999999977,5996.253178151718,5495.0
3926,L51105,L,302.6,311.6,1638,29.6,160,0,0,0,0,0,0,9.0,5077.31638302568,4736.0
3927,L51106,L,302.6,311.5,1609,36.0,162,0,0,0,0,0,0,8.899999999999977,6065.787095551173,5832.0
3928,H33341,H,302.7,311.5,1556,35.0,164,0,0,0,0,0,0,8.800000000000011,5703.037863816671,5740.0
3929,L51108,L,302.6,311.5,1442,59.8,169,1,0,0,1,0,0,8.899999999999977,9030.152035576451,10106.199999999999
3930,M18789,M,302.7,311.6,1501,38.8,171,0,0,0,0,0,0,8.900000000000034,6098.752874462841,6634.799999999999
3931,M18790,M,302.6,311.6,2041,19.2,174,0,0,0,0,0,0,9.0,4103.673987825131,3340.7999999999997
3932,M18791,M,302.7,311.7,1784,25.1,177,0,0,0,0,0,0,9.0,4689.183082650173,4442.7
3933,L51112,L,302.6,311.6,1953,22.4,180,0,0,0,0,0,0,9.0,4581.19607117078,4031.9999999999995
3934,L51113,L,302.6,311.6,1576,34.7,182,0,0,0,0,0,0,9.0,5726.830192179858,6315.400000000001
3935,M18794,M,302.6,311.6,1518,39.0,184,0,0,0,0,0,0,9.0,6199.6189425940975,7176.0
3936,M18795,M,302.6,311.6,1227,68.2,187,1,0,0,0,1,0,9.0,8763.095716070298,12753.4
3937,L51116,L,302.5,311.5,1985,18.8,190,0,0,0,0,0,0,9.0,3907.931821555463,3572.0
3938,L51117,L,302.5,311.5,1802,26.4,192,0,0,0,0,0,0,9.0,4981.811966356549,5068.799999999999
3939,L51118,L,302.5,311.5,1603,32.4,194,0,0,0,0,0,0,9.0,5438.8508656007925,6285.599999999999
3940,L51119,L,302.5,311.6,1400,54.0,196,0,0,0,0,0,0,9.100000000000023,7916.813487046278,10584.0
3941,L51120,L,302.3,311.5,1395,54.2,198,0,0,0,0,0,0,9.199999999999989,7917.755964842355,10731.6
3942,L51121,L,302.2,311.4,1987,19.9,200,0,0,0,0,0,0,9.199999999999989,4140.755253113002,3979.9999999999995
3943,M18802,M,302.2,311.4,1398,47.2,202,0,0,0,0,0,0,9.199999999999989,6909.995873423822,9534.400000000001
3944,L51123,L,302.3,311.4,1333,66.7,205,1,0,0,1,1,0,9.099999999999966,9310.748619419583,13673.5
3945,L51124,L,302.2,311.2,1381,49.4,207,0,0,0,0,0,0,9.0,7144.1283019203565,10225.8
3946,L51125,L,302.2,311.3,1570,36.1,0,0,0,0,0,0,0,9.100000000000023,5935.201560916957,0.0
3947,M18806,M,302.2,311.3,1658,31.0,2,0,0,0,0,0,0,9.100000000000023,5382.385973640273,62.0
3948,H33361,H,302.2,311.3,1749,29.2,5,0,0,0,0,0,0,9.100000000000023,5348.12166976512,146.0
3949,M18808,M,302.2,311.3,1510,37.1,10,0,0,0,0,0,0,9.100000000000023,5866.50540155846,371.0
3950,L51129,L,302.3,311.5,1384,50.8,13,0,0,0,0,0,0,9.199999999999989,7362.552767148943,660.4
3951,L51130,L,302.3,311.4,1570,37.2,15,0,0,0,0,0,0,9.099999999999966,6116.05257800861,558.0
3952,M18811,M,302.3,311.4,1571,32.7,17,0,0,0,0,0,0,9.099999999999966,5379.631844080626,555.9000000000001
3953,L51132,L,302.3,311.4,1476,37.3,20,0,0,0,0,0,0,9.099999999999966,5765.325174161844,746.0
3954,M18813,M,302.3,311.4,1484,39.5,22,0,0,0,0,0,0,9.099999999999966,6138.462605604216,869.0
3955,M18814,M,302.3,311.4,1909,23.2,25,0,0,0,0,0,0,9.099999999999966,4637.912290543587,580.0
3956,L51135,L,302.3,311.5,1448,49.6,28,0,0,0,0,0,0,9.199999999999989,7521.056588498061,1388.8
3957,M18816,M,302.3,311.4,1500,40.2,30,0,0,0,0,0,0,9.099999999999966,6314.601233715484,1206.0
3958,L51137,L,302.2,311.4,1510,44.9,33,0,0,0,0,0,0,9.199999999999989,7099.894677357813,1481.7
3959,L51138,L,302.2,311.3,1378,55.5,35,0,0,0,0,0,0,9.100000000000023,8008.862151796459,1942.5
3960,M18819,M,302.2,311.4,1538,37.4,37,0,0,0,0,0,0,9.199999999999989,6023.605978188973,1383.8
3961,L51140,L,302.2,311.4,1390,48.1,40,0,0,0,0,0,0,9.199999999999989,7001.4581075453325,1924.0
3962,M18821,M,302.2,311.4,1642,32.1,42,0,0,0,0,0,0,9.199999999999989,5519.589796798051,1348.2
3963,L51142,L,302.4,311.5,1785,24.8,45,0,0,0,0,0,0,9.100000000000023,4635.734119637099,1116.0
3964,H33377,H,302.3,311.5,1526,38.2,47,0,0,0,0,0,0,9.199999999999989,6104.449629141351,1795.4
3965,M18824,M,302.3,311.6,1668,33.2,52,0,0,0,0,0,0,9.300000000000011,5799.128711114471,1726.4
3966,L51145,L,302.3,311.5,1507,37.5,55,0,0,0,0,0,0,9.199999999999989,5917.975161199773,2062.5
3967,L51146,L,302.3,311.5,1530,37.8,57,0,0,0,0,0,0,9.199999999999989,6056.362317590402,2154.6
3968,M18827,M,302.3,311.4,1479,45.6,59,0,0,0,0,0,0,9.099999999999966,7062.551612682143,2690.4
3969,M18828,M,302.3,311.4,1418,41.3,62,0,0,0,0,0,0,9.099999999999966,6132.744906974682,2560.6
3970,L51149,L,302.3,311.4,1504,38.7,65,0,0,0,0,0,0,9.099999999999966,6095.192402788773,2515.5
3971,M18830,M,302.3,311.4,1345,47.6,67,0,0,0,0,0,0,9.099999999999966,6704.368162270857,3189.2000000000003
3972,H33385,H,302.2,311.4,1625,35.4,70,0,0,0,0,0,0,9.199999999999989,6024.003913258428,2478.0
3973,L51152,L,302.3,311.4,1511,34.7,75,0,0,0,0,0,0,9.099999999999966,5490.634784507465,2602.5
3974,L51153,L,302.3,311.4,1535,41.8,77,0,0,0,0,0,0,9.099999999999966,6719.1336477427285,3218.6
3975,L51154,L,302.4,311.5,1505,37.9,79,0,0,0,0,0,0,9.100000000000023,5973.162472147833,2994.1
3976,H33389,H,302.4,311.5,1540,43.7,81,0,0,0,0,0,0,9.100000000000023,7047.430080042863,3539.7000000000003
3977,H33390,H,302.3,311.4,1372,46.0,86,0,0,0,0,0,0,9.099999999999966,6609.073185111967,3956.0
3978,M18837,M,302.2,311.3,1510,36.6,91,0,0,0,0,0,0,9.100000000000023,5787.441986443117,3330.6
3979,L51158,L,302.2,311.3,1382,46.4,94,0,0,0,0,0,0,9.100000000000023,6715.133353097158,4361.599999999999
3980,L51159,L,302.3,311.3,1439,41.8,96,0,0,0,0,0,0,9.0,6298.914214398558,4012.7999999999997
3981,M18840,M,302.2,311.3,1375,47.0,98,0,0,0,0,0,0,9.100000000000023,6767.514174608013,4606.0
3982,M18841,M,302.2,311.3,1931,21.9,101,0,0,0,0,0,0,9.100000000000023,4428.48325227978,2211.8999999999996
3983,L51162,L,302.2,311.3,1475,48.6,104,0,0,0,0,0,0,9.100000000000023,7506.835645752811,5054.400000000001
3984,L51163,L,302.2,311.3,1389,46.9,106,0,0,0,0,0,0,9.100000000000023,6821.874199490628,4971.4
3985,L51164,L,302.3,311.3,1652,32.8,108,0,0,0,0,0,0,9.0,5674.302763011836,3542.3999999999996
3986,L51165,L,302.3,311.2,1386,50.3,110,0,0,0,0,0,0,8.899999999999977,7300.621503971177,5533.0
3987,M18846,M,302.2,311.3,1577,29.8,112,0,0,0,0,0,0,9.100000000000023,4921.263003946363,3337.6
3988,M18847,M,302.3,311.3,1444,43.1,115,0,0,0,0,0,0,9.0,6517.380567529193,4956.5
3989,L51168,L,302.2,311.3,1554,40.2,118,0,0,0,0,0,0,9.100000000000023,6541.926878129241,4743.6
3990,L51169,L,302.2,311.3,1602,32.8,120,0,0,0,0,0,0,9.100000000000023,5502.562364615594,3935.9999999999995
3991,H33404,H,302.2,311.2,1692,28.2,122,0,0,0,0,0,0,9.0,4996.640283681494,3440.4
3992,L51171,L,302.3,311.3,1682,34.4,127,0,0,0,0,0,0,9.0,6059.16880702761,4368.8
3993,L51172,L,302.3,311.3,1614,34.1,129,0,0,0,0,0,0,9.0,5763.5030504227625,4398.900000000001
3994,L51173,L,302.3,311.3,1324,47.8,131,0,0,0,0,0,0,9.0,6627.420086208931,6261.799999999999
3995,L51174,L,302.3,311.4,1434,40.3,133,0,0,0,0,0,0,9.099999999999966,6051.775592316161,5359.9
3996,L51175,L,302.3,311.3,1621,31.6,135,0,0,0,0,0,0,9.0,5364.122848347404,4266.0
3997,M18856,M,302.3,311.3,1625,33.1,137,0,0,0,0,0,0,9.0,5632.6138284987,4534.7
3998,L51177,L,302.2,311.1,1394,53.7,140,0,0,0,0,0,0,8.900000000000034,7839.0904847964675,7518.0
3999,L51178,L,302.1,311.0,1586,35.1,142,0,0,0,0,0,0,8.899999999999977,5829.602159854292,4984.2
4000,L51179,L,302.0,311.0,1420,45.9,144,0,0,0,0,0,0,9.0,6825.424199189184,6609.599999999999
4001,L51180,L,302.1,311.2,1422,50.3,146,0,0,0,0,0,0,9.099999999999966,7490.248036541855,7343.799999999999
4002,H33415,H,302.1,311.2,1598,37.9,148,0,0,0,0,0,0,9.099999999999966,6342.268193018098,5609.2
4003,L51182,L,302.1,311.2,1454,59.2,153,1,0,0,1,0,0,9.099999999999966,9013.94141748393,9057.6
4004,L51183,L,302.1,311.2,1519,39.3,155,0,0,0,0,0,0,9.099999999999966,6251.423805451793,6091.5
4005,L51184,L,302.0,311.1,1373,55.7,157,0,0,0,0,0,0,9.100000000000023,8008.558464506613,8744.9
4006,M18865,M,302.0,311.1,1406,48.8,159,0,0,0,0,0,0,9.100000000000023,7185.115614074192,7759.2
4007,L51186,L,302.1,311.2,1492,45.0,162,0,0,0,0,0,0,9.099999999999966,7030.884358733957,7290.0
4008,L51187,L,302.1,311.2,1369,50.8,164,0,0,0,0,0,0,9.099999999999966,7282.756313747762,8331.199999999999
4009,M18868,M,302.2,311.2,1471,41.9,166,0,0,0,0,0,0,9.0,6454.391634824718,6955.4
4010,L51189,L,302.2,311.2,1630,36.0,169,0,0,0,0,0,0,9.0,6144.955230421635,6084.0
4011,M18870,M,302.1,311.1,1605,37.6,171,0,0,0,0,0,0,9.0,6319.627781961228,6429.6
4012,L51191,L,302.2,311.1,1447,52.1,174,0,0,0,0,0,0,8.900000000000034,7894.686202789494,9065.4
4013,M18872,M,302.2,311.2,1360,52.8,176,0,0,0,0,0,0,9.0,7519.716175632529,9292.8
4014,M18873,M,302.2,311.1,1728,34.0,179,0,0,0,0,0,0,8.900000000000034,6152.49505279025,6086.0
4015,L51194,L,302.1,311.0,1740,30.8,182,0,0,0,0,0,0,8.899999999999977,5612.141116372806,5605.6
4016,L51195,L,302.1,310.9,1477,41.4,184,0,0,0,0,0,0,8.799999999999955,6403.382642105931,7617.599999999999
4017,L51196,L,302.1,310.9,1658,30.3,186,0,0,0,0,0,0,8.799999999999955,5260.8482258483955,5635.8
4018,L51197,L,302.0,310.8,1902,23.4,188,0,0,0,0,0,0,8.800000000000011,4660.741197159673,4399.2
4019,M18878,M,302.0,310.8,1783,23.1,190,0,0,0,0,0,0,8.800000000000011,4313.123970039963,4389.0
4020,M18879,M,302.0,310.9,1558,45.3,193,0,0,0,0,0,0,8.899999999999977,7390.848044982275,8742.9
4021,L51200,L,302.1,311.0,1351,49.5,196,0,0,0,0,0,0,8.899999999999977,7003.081263749687,9702.0
4022,H33435,H,302.1,310.9,1452,42.5,198,0,0,0,0,0,0,8.799999999999955,6462.256088434204,8415.0
4023,L51202,L,302.1,310.9,1666,30.7,203,0,0,0,0,0,0,8.799999999999955,5356.017539301142,6232.099999999999
4024,L51203,L,302.1,311.0,1364,50.0,205,0,0,0,0,0,0,8.899999999999977,7141.887299160796,10250.0
4025,M18884,M,302.1,311.0,1351,60.3,207,1,0,0,0,1,0,8.899999999999977,8531.026266749619,12482.099999999999
4026,H33439,H,302.1,311.0,1729,26.1,210,0,0,0,0,0,0,8.899999999999977,4725.677917309375,5481.0
4027,M18886,M,302.1,311.0,1574,34.1,215,0,0,0,0,0,0,8.899999999999977,5620.665304439547,7331.5
4028,L51207,L,302.0,311.0,1566,37.8,218,0,0,0,0,0,0,9.0,6198.864960357236,8240.4
4029,L51208,L,302.0,310.9,1455,43.2,220,0,0,0,0,0,0,8.899999999999977,6582.264927801335,9504.0
4030,H33443,H,302.0,310.9,1679,29.0,222,0,0,0,0,0,0,8.899999999999977,5098.909596531354,6438.0
4031,L51210,L,302.0,310.8,2143,17.3,227,0,0,0,0,0,0,8.800000000000011,3882.369729330754,3927.1000000000004
4032,L51211,L,302.0,310.8,1447,42.7,229,0,0,0,0,0,0,8.800000000000011,6470.309037602906,9778.300000000001
4033,L51212,L,302.0,310.8,1383,50.3,231,1,0,0,0,1,0,8.800000000000011,7284.819292923619,11619.3
4034,L51213,L,302.1,310.8,1772,27.1,233,0,0,0,0,0,0,8.699999999999989,5028.768304552206,6314.3
4035,L51214,L,302.0,310.8,1615,29.0,235,1,1,0,0,0,0,8.800000000000011,4904.549731029265,6815.0
4036,L51215,L,302.0,310.8,1454,36.6,0,0,0,0,0,0,0,8.800000000000011,5572.808376349863,0.0
4037,L51216,L,302.0,310.8,1445,49.1,2,0,0,0,0,0,0,8.800000000000011,7429.814265862301,98.2
4038,M18897,M,302.0,310.8,1609,35.2,4,0,0,0,0,0,0,8.800000000000011,5930.9918267611465,140.8
4039,L51218,L,302.0,310.9,1546,34.4,7,0,0,0,0,0,0,8.899999999999977,5569.247904675793,240.79999999999998
4040,L51219,L,301.9,310.8,1567,39.3,9,0,0,0,0,0,0,8.900000000000034,6448.967151509519,353.7
4041,L51220,L,302.0,310.8,1767,27.4,11,0,0,0,0,0,0,8.800000000000011,5070.090719922423,301.4
4042,L51221,L,302.0,310.9,1539,34.2,13,0,0,0,0,0,0,8.899999999999977,5511.798647017148,444.6
4043,L51222,L,302.0,310.9,1564,39.0,15,0,0,0,0,0,0,8.899999999999977,6387.486183278767,585.0
4044,M18903,M,302.0,310.8,1445,46.3,17,0,0,0,0,0,0,8.800000000000011,7006.118136648157,787.0999999999999
4045,M18904,M,301.9,310.9,1419,47.7,20,1,0,0,0,0,0,9.0,7088.0927609558275,954.0
4046,M18905,M,301.8,310.9,1881,20.9,23,0,0,0,0,0,0,9.099999999999966,4116.837261043672,480.7
4047,M18906,M,301.9,310.9,1421,46.2,26,0,0,0,0,0,0,9.0,6874.872867556687,1201.2
4048,L51227,L,301.9,311.0,1455,46.0,29,0,0,0,0,0,0,9.100000000000023,7008.893210158828,1334.0
4049,L51228,L,301.9,311.0,2691,12.1,31,1,0,0,1,0,0,9.100000000000023,3409.7904184267536,375.09999999999997
4050,L51229,L,301.8,310.8,1505,41.2,33,0,0,0,0,0,0,9.0,6493.253135949624,1359.6000000000001
4051,L51230,L,301.8,310.8,1456,46.6,35,0,0,0,0,0,0,9.0,7105.193496966868,1631.0
4052,L51231,L,301.8,310.8,1383,46.4,37,0,0,0,0,0,0,9.0,6719.992349734711,1716.8
4053,M18912,M,301.9,310.8,1563,39.2,39,0,0,0,0,0,0,8.900000000000034,6416.137508279507,1528.8000000000002
4054,M18913,M,301.9,310.9,2305,16.1,42,0,0,0,0,0,0,9.0,3886.202472368134,676.2
4055,M18914,M,301.9,310.9,1456,43.6,45,0,0,0,0,0,0,9.0,6647.777606604193,1962.0
4056,L51235,L,302.0,311.0,1865,22.7,48,0,0,0,0,0,0,9.0,4433.363192868356,1089.6
4057,L51236,L,301.9,310.9,1597,36.9,50,0,0,0,0,0,0,9.0,6171.061865372966,1845.0
4058,L51237,L,302.0,310.9,1495,38.6,52,0,0,0,0,0,0,8.899999999999977,6043.062908690206,2007.2
4059,M18918,M,302.0,310.9,1456,47.2,54,0,0,0,0,0,0,8.899999999999977,7196.676675039402,2548.8
4060,L51239,L,301.9,310.8,1465,44.3,57,0,0,0,0,0,0,8.900000000000034,6796.259747388358,2525.1
4061,M18920,M,302.0,310.9,1352,55.5,59,0,0,0,0,0,0,8.899999999999977,7857.751545158791,3274.5
4062,L51241,L,301.9,310.8,1906,21.7,62,0,0,0,0,0,0,8.900000000000034,4331.230015700152,1345.3999999999999
4063,L51242,L,302.0,310.9,1446,44.0,64,0,0,0,0,0,0,8.899999999999977,6662.689699733233,2816.0
4064,L51243,L,302.0,310.8,1948,19.7,66,0,0,0,0,0,0,8.800000000000011,4018.6834345700154,1300.2
4065,L51244,L,301.9,310.7,1480,47.1,68,0,0,0,0,0,0,8.800000000000011,7299.804689881243,3202.8
4066,M18925,M,301.9,310.7,1511,37.6,70,0,0,0,0,0,0,8.800000000000011,5949.506279466302,2632.0
4067,M18926,M,301.9,310.7,1472,47.0,73,0,0,0,0,0,0,8.800000000000011,7244.931538198542,3431.0
4068,L51247,L,301.9,310.7,1429,51.0,76,0,0,0,0,0,0,8.800000000000011,7631.8710333656845,3876.0
4069,L51248,L,301.9,310.7,1405,48.8,78,0,0,0,0,0,0,8.800000000000011,7180.005290024352,3806.3999999999996
4070,M18929,M,301.9,310.7,1405,47.9,80,0,0,0,0,0,0,8.800000000000011,7047.587159675542,3832.0
4071,L51250,L,302.0,310.7,1348,58.1,83,0,0,0,0,0,0,8.699999999999989,8201.52555726561,4822.3
4072,L51251,L,301.9,310.6,1331,68.6,85,1,0,0,1,0,0,8.700000000000045,9561.604792808725,5830.999999999999
4073,L51252,L,301.9,310.6,1610,33.4,87,0,0,0,0,0,0,8.700000000000045,5631.200111804585,2905.7999999999997
4074,M18933,M,301.9,310.6,1412,46.5,89,0,0,0,0,0,0,8.700000000000045,6875.689681646621,4138.5
4075,L51254,L,302.0,310.7,1453,42.7,92,0,0,0,0,0,0,8.699999999999989,6497.138238864563,3928.4
4076,L51255,L,302.0,310.6,1583,38.9,94,0,0,0,0,0,0,8.600000000000023,6448.506384586993,3656.6
4077,M18936,M,302.0,310.6,1539,37.4,96,0,0,0,0,0,0,8.600000000000023,6027.522497030449,3590.3999999999996
4078,L51257,L,302.0,310.5,1635,39.8,99,0,0,0,0,0,0,8.5,6814.4286249016195,3940.2
4079,H33492,H,302.1,310.7,1294,62.4,101,1,0,1,0,0,0,8.599999999999966,8455.659458989998,6302.4
4080,L51259,L,302.0,310.5,1978,22.0,106,0,0,0,0,0,0,8.5,4556.984863787115,2332.0
4081,L51260,L,302.0,310.4,1357,58.0,108,1,0,1,0,0,0,8.399999999999977,8242.073046447942,6264.0
4082,L51261,L,302.0,310.4,1336,58.2,110,1,0,1,0,0,0,8.399999999999977,8142.505503280168,6402.0
4083,L51262,L,302.0,310.4,1568,39.2,112,0,0,0,0,0,0,8.399999999999977,6436.66258028296,4390.400000000001
4084,M18943,M,302.0,310.4,1567,36.4,114,0,0,0,0,0,0,8.399999999999977,5973.089168319249,4149.599999999999
4085,L51264,L,302.0,310.4,1611,35.6,117,0,0,0,0,0,0,8.399999999999977,6005.84550772068,4165.2
4086,H33499,H,302.0,310.5,1841,23.6,119,0,0,0,0,0,0,8.5,4549.82203253693,2808.4
4087,L51266,L,302.0,310.5,1567,36.1,124,0,0,0,0,0,0,8.5,5923.8604114374975,4476.400000000001
4088,L51267,L,301.9,310.4,1376,54.9,126,1,0,1,0,0,0,8.5,7910.7816291513855,6917.4
4089,L51268,L,301.9,310.5,1477,42.4,128,0,0,0,0,0,0,8.600000000000023,6558.053720417668,5427.2
4090,M18949,M,301.9,310.5,1590,40.3,130,0,0,0,0,0,0,8.600000000000023,6710.127748802438,5239.0
4091,L51270,L,302.0,310.5,2197,15.8,133,0,0,0,0,0,0,8.5,3635.0949715667016,2101.4
4092,M18951,M,302.0,310.4,1595,32.9,135,0,0,0,0,0,0,8.399999999999977,5495.221509781706,4441.5
4093,H33506,H,302.0,310.5,1812,24.4,138,0,0,0,0,0,0,8.5,4629.953589154493,3367.2
4094,M18953,M,302.0,310.5,1573,32.1,143,0,0,0,0,0,0,8.5,5287.646011183517,4590.3
4095,L51274,L,302.0,310.5,1651,30.9,146,0,0,0,0,0,0,8.5,5342.37255520905,4511.4
4096,H33509,H,302.0,310.5,1459,43.2,148,0,0,0,0,0,0,8.5,6600.360501486011,6393.6
4097,L51276,L,301.9,310.4,1370,51.7,153,1,0,1,0,0,0,8.5,7417.195535370382,7910.1
4098,L51277,L,301.9,310.4,1518,34.1,155,0,0,0,0,0,0,8.5,5420.692460063045,5285.5
4099,L51278,L,302.0,310.3,1648,29.6,157,0,0,0,0,0,0,8.300000000000011,5108.3134305410995,4647.2
4100,L51279,L,302.0,310.4,1464,47.2,159,0,0,0,0,0,0,8.399999999999977,7236.218854572586,7504.8
4101,L51280,L,302.0,310.4,1895,23.2,161,0,0,0,0,0,0,8.399999999999977,4603.8993140807215,3735.2
4102,L51281,L,301.9,310.4,1884,23.4,163,0,0,0,0,0,0,8.5,4616.6332363032725,3814.2
4103,L51282,L,302.0,310.4,1450,46.6,165,0,0,0,0,0,0,8.399999999999977,7075.913853435411,7689.0
4104,L51283,L,302.0,310.4,1448,43.4,167,0,0,0,0,0,0,8.399999999999977,6580.924514935802,7247.8
4105,L51284,L,302.1,310.5,1389,49.6,169,0,0,0,0,0,0,8.399999999999977,7214.6046971158885,8382.4
4106,L51285,L,302.0,310.6,1583,35.2,171,0,0,0,0,0,0,8.600000000000023,5835.152306875634,6019.200000000001
4107,L51286,L,301.9,310.5,1425,51.1,173,0,0,0,0,0,0,8.600000000000023,7625.430768425825,8840.300000000001
4108,L51287,L,302.0,310.5,1809,27.1,175,0,0,0,0,0,0,8.5,5133.770803010689,4742.5
4109,L51288,L,301.9,310.5,1892,21.8,177,0,0,0,0,0,0,8.600000000000023,4319.229131763439,3858.6
4110,M18969,M,301.9,310.6,1475,47.8,179,0,0,0,0,0,0,8.700000000000045,7383.266334711612,8556.199999999999
4111,L51290,L,302.0,310.6,1361,46.7,182,0,0,0,0,0,0,8.600000000000023,6655.85149972392,8499.4
4112,M18971,M,302.0,310.6,1563,41.0,184,0,0,0,0,0,0,8.600000000000023,6710.756067333156,7544.0
4113,H33526,H,301.9,310.5,1472,39.7,187,0,0,0,0,0,0,8.600000000000023,6119.654937584725,7423.900000000001
4114,L51293,L,302.0,310.6,1325,55.3,192,0,0,0,0,0,0,8.600000000000023,7673.078257005271,10617.599999999999
4115,L51294,L,302.0,310.6,1358,53.1,194,0,0,0,0,0,0,8.600000000000023,7551.320597727642,10301.4
4116,H33529,H,302.0,310.6,1346,54.7,196,0,0,0,0,0,0,8.600000000000023,7710.117634391094,10721.2
4117,M18976,M,302.0,310.5,1381,58.4,201,0,0,0,0,0,0,8.5,8445.690138302607,11738.4
4118,L51297,L,301.9,310.5,1340,55.7,204,1,0,0,0,1,0,8.600000000000023,7816.073082621166,11362.800000000001
4119,L51298,L,302.0,310.6,1366,47.7,206,0,0,0,0,0,0,8.600000000000023,6823.350748037816,9826.2
4120,L51299,L,302.1,310.7,1325,45.1,208,1,0,1,0,0,0,8.599999999999966,6257.790766563068,9380.800000000001
4121,M18980,M,302.1,310.7,1376,46.3,210,1,0,1,0,0,0,8.599999999999966,6671.56993496738,9723.0
4122,M18981,M,302.1,310.7,1364,47.8,213,1,0,1,0,0,0,8.599999999999966,6827.644257997721,10181.4
4123,L51302,L,302.2,310.6,1462,43.6,0,0,0,0,0,0,0,8.400000000000034,6675.172294543497,0.0
4124,M18983,M,302.1,310.6,1517,38.9,2,0,0,0,0,0,0,8.5,6179.648885292778,77.8
4125,L51304,L,302.1,310.6,1385,53.6,5,0,0,0,0,0,0,8.5,7773.975741063063,268.0
4126,L51305,L,302.1,310.6,1439,40.0,7,0,0,0,0,0,0,8.5,6027.669104687616,280.0
4127,M18986,M,302.0,310.6,1623,34.3,9,0,0,0,0,0,0,8.600000000000023,5829.6335757808265,308.7
4128,H33541,H,302.0,310.6,1438,43.2,12,0,0,0,0,0,0,8.600000000000023,6505.358739641457,518.4000000000001
4129,L51308,L,301.9,310.4,1708,24.8,17,0,0,0,0,0,0,8.5,4435.761275260596,421.6
4130,M18989,M,301.8,310.3,1666,32.7,19,0,0,0,0,0,0,8.5,5704.943763359849,621.3000000000001
4131,L51310,L,301.9,310.4,1286,62.8,22,1,0,1,0,0,0,8.5,8457.25119926782,1381.6
4132,L51311,L,301.9,310.3,1485,46.3,24,0,0,0,0,0,0,8.400000000000034,7200.059123129767,1111.1999999999998
4133,M18992,M,301.8,310.3,1409,52.5,26,0,0,0,0,0,0,8.5,7746.382085589032,1365.0
4134,L51313,L,301.8,310.3,1765,27.3,29,0,0,0,0,0,0,8.5,5045.869040563246,791.7
4135,L51314,L,301.8,310.3,1688,28.8,31,0,0,0,0,0,0,8.5,5090.888063289188,892.8000000000001
4136,M18995,M,301.7,310.3,1787,26.7,33,0,0,0,0,0,0,8.600000000000023,4996.4832040488145,881.1
4137,L51316,L,301.7,310.1,1487,48.0,36,0,0,0,0,0,0,8.400000000000034,7474.4772414208355,1728.0
4138,L51317,L,301.7,310.1,1384,50.5,38,0,0,0,0,0,0,8.400000000000034,7319.0731248232605,1919.0
4139,L51318,L,301.7,310.2,1311,57.4,40,1,0,1,0,0,0,8.5,7880.3081804115645,2296.0
4140,H33553,H,301.7,310.2,1620,30.8,42,0,0,0,0,0,0,8.5,5225.096901450544,1293.6000000000001
4141,L51320,L,301.7,310.2,1331,61.2,47,1,0,1,0,0,0,8.5,8530.178036733148,2876.4
4142,H33555,H,301.7,310.1,1462,38.3,49,0,0,0,0,0,0,8.400000000000034,5863.740800023301,1876.6999999999998
4143,L51322,L,301.7,310.1,1424,50.2,54,0,0,0,0,0,0,8.400000000000034,7485.8707507778545,2710.8
4144,L51323,L,301.7,310.1,1500,39.6,56,0,0,0,0,0,0,8.400000000000034,6220.35345410779,2217.6
4145,L51324,L,301.8,310.1,1738,28.0,58,0,0,0,0,0,0,8.300000000000011,5096.082163143123,1624.0
4146,M19005,M,301.8,310.3,1465,46.5,60,0,0,0,0,0,0,8.5,7133.771518139022,2790.0
4147,L51326,L,301.8,310.3,1482,41.4,63,0,0,0,0,0,0,8.5,6425.0596314157,2608.2
4148,L51327,L,301.9,310.3,1398,44.0,65,0,0,0,0,0,0,8.400000000000034,6441.5215769205115,2860.0
4149,L51328,L,301.9,310.3,1972,21.3,67,0,0,0,0,0,0,8.400000000000034,4398.606706144141,1427.1000000000001
4150,L51329,L,301.9,310.4,1603,37.6,69,0,0,0,0,0,0,8.5,6311.75285637623,2594.4
4151,L51330,L,301.9,310.4,1610,34.8,71,0,0,0,0,0,0,8.5,5867.238439844296,2470.7999999999997
4152,M19011,M,301.9,310.4,1373,48.0,73,1,0,1,0,0,0,8.5,6901.450741406057,3504.0
4153,M19012,M,302.0,310.5,1425,44.7,76,0,0,0,0,0,0,8.5,6670.386601734529,3397.2000000000003
4154,M19013,M,302.0,310.4,1212,55.6,79,1,0,1,0,0,0,8.399999999999977,7056.771082199536,4392.400000000001
4155,M19014,M,302.0,310.4,1828,26.3,82,0,0,0,0,0,0,8.399999999999977,5034.5488350348105,2156.6
4156,L51335,L,302.0,310.5,1370,44.4,85,1,0,1,0,0,0,8.5,6369.893264418664,3774.0
4157,M19016,M,302.0,310.5,1823,25.1,87,0,0,0,0,0,0,8.5,4791.693250936808,2183.7000000000003
4158,L51337,L,302.0,310.5,1263,60.6,90,1,0,1,0,0,0,8.5,8015.019673397495,5454.0
4159,L51338,L,301.9,310.4,1889,21.5,92,0,0,0,0,0,0,8.5,4253.0357745523015,1978.0
4160,M19019,M,302.0,310.5,1639,32.9,94,0,0,0,0,0,0,8.5,5646.813827292925,3092.6
4161,M19020,M,302.0,310.4,1608,33.1,97,0,0,0,0,0,0,8.399999999999977,5573.688022292868,3210.7000000000003
4162,H33575,H,301.9,310.3,1653,32.4,100,0,0,0,0,0,0,8.400000000000034,5608.496868894642,3240.0
4163,L51342,L,302.0,310.4,1591,29.8,105,0,0,0,0,0,0,8.399999999999977,4964.952085782285,3129.0
4164,L51343,L,302.1,310.5,1696,30.9,107,0,0,0,0,0,0,8.399999999999977,5487.9853747029365,3306.2999999999997
4165,L51344,L,302.2,310.6,1346,47.5,109,1,0,1,0,0,0,8.400000000000034,6695.257543575447,5177.5
4166,M19025,M,302.2,310.5,1507,40.4,111,0,0,0,0,0,0,8.300000000000011,6375.631906999221,4484.4
4167,H33580,H,302.3,310.6,1525,48.7,114,0,0,0,0,0,0,8.300000000000011,7777.274413349332,5551.8
4168,M19027,M,302.3,310.7,1559,33.9,119,0,0,0,0,0,0,8.399999999999977,5534.44953004953,4034.1
4169,L51348,L,302.2,310.6,1632,30.5,122,0,0,0,0,0,0,8.400000000000034,5212.530530836185,3721.0
4170,L51349,L,302.1,310.5,1559,36.0,124,0,0,0,0,0,0,8.399999999999977,5877.291536335784,4464.0
4171,M19030,M,302.2,310.6,1355,51.5,126,1,0,1,0,0,0,8.400000000000034,7307.606311637657,6489.0
4172,M19031,M,302.2,310.5,1832,23.7,129,0,0,0,0,0,0,8.300000000000011,4546.764215687435,3057.2999999999997
4173,L51352,L,302.2,310.6,1386,50.0,132,0,0,0,0,0,0,8.400000000000034,7257.079029792421,6600.0
4174,M19033,M,302.2,310.6,1346,49.2,134,1,0,1,0,0,0,8.400000000000034,6934.877287240252,6592.8
4175,L51354,L,302.3,310.7,1499,37.8,137,0,0,0,0,0,0,8.399999999999977,5933.651708541185,5178.599999999999
4176,L51355,L,302.3,310.7,1612,33.4,139,0,0,0,0,0,0,8.399999999999977,5638.195391446577,4642.599999999999
4177,M19036,M,302.3,310.7,1544,39.7,141,0,0,0,0,0,0,8.399999999999977,6418.985885618761,5597.700000000001
4178,L51357,L,302.5,310.9,1477,39.2,144,0,0,0,0,0,0,8.399999999999977,6063.106269820109,5644.8
4179,L51358,L,302.5,310.9,1624,34.4,146,0,0,0,0,0,0,8.399999999999977,5850.231951612865,5022.4
4180,L51359,L,302.4,310.9,1349,46.1,148,1,0,1,0,0,0,8.5,6512.40637916101,6822.8
4181,L51360,L,302.4,310.8,1686,28.8,150,0,0,0,0,0,0,8.400000000000034,5084.856205394296,4320.0
4182,M19041,M,302.4,310.7,1521,40.4,152,0,0,0,0,0,0,8.300000000000011,6434.861400494901,6140.8
4183,L51362,L,302.4,310.7,1362,54.8,155,1,0,1,0,0,0,8.300000000000011,7816.031194719117,8494.0
4184,L51363,L,302.3,310.7,1402,50.9,157,0,0,0,0,0,0,8.399999999999977,7472.990220898137,7991.3
4185,L51364,L,302.2,310.6,1334,53.2,159,1,0,1,0,0,0,8.400000000000034,7431.83535713611,8458.800000000001
4186,L51365,L,302.2,310.6,1348,48.4,161,1,0,1,0,0,0,8.400000000000034,6832.251927222986,7792.4
4187,M19046,M,302.2,310.6,1570,34.6,163,0,0,0,0,0,0,8.400000000000034,5688.586537610157,5639.8
4188,M19047,M,302.2,310.7,1601,33.0,166,0,0,0,0,0,0,8.5,5532.658822236985,5478.0
4189,M19048,M,302.3,310.8,1611,31.8,169,0,0,0,0,0,0,8.5,5364.772110829146,5374.2
4190,L51369,L,302.4,310.9,1560,31.8,172,0,0,0,0,0,0,8.5,5194.937611976082,5469.6
4191,H33604,H,302.4,310.9,1444,40.7,174,0,0,0,0,0,0,8.5,6154.463784186501,7081.8
4192,L51371,L,302.4,311.0,1317,59.4,179,0,0,0,0,0,0,8.600000000000023,8192.205499059959,10632.6
4193,M19052,M,302.5,311.0,1463,43.1,181,0,0,0,0,0,0,8.5,6603.135574996682,7801.1
4194,L51373,L,302.4,311.1,1634,34.2,184,0,0,0,0,0,0,8.700000000000045,5852.033131400923,6292.8
4195,L51374,L,302.4,311.0,1423,46.2,186,0,0,0,0,0,0,8.600000000000023,6884.548972929745,8593.2
4196,L51375,L,302.5,311.0,1548,38.4,188,0,0,0,0,0,0,8.5,6224.877347528959,7219.2
4197,M19056,M,302.5,311.0,1563,35.6,190,0,0,0,0,0,0,8.5,5826.900390172204,6764.0
4198,L51377,L,302.4,311.0,1573,36.5,193,0,0,0,0,0,0,8.600000000000023,6012.432380317706,7044.5
4199,M19058,M,302.4,311.1,1432,44.5,195,0,0,0,0,0,0,8.700000000000045,6673.161675245199,8677.5
4200,M19059,M,302.5,311.1,1638,32.0,198,0,0,0,0,0,0,8.600000000000023,5488.990684352087,6336.0
4201,L51380,L,302.5,311.1,1571,34.2,201,0,0,0,0,0,0,8.600000000000023,5626.403947020104,6874.200000000001
4202,L51381,L,302.4,311.0,2211,15.4,203,0,0,0,0,0,0,8.600000000000023,3565.6448299713434,3126.2000000000003
4203,L51382,L,302.4,311.0,1555,40.6,205,0,0,0,0,0,0,8.600000000000023,6611.27229996948,8323.0
4204,M19063,M,302.3,310.9,1558,31.9,207,0,0,0,0,0,0,8.599999999999966,5204.592773398114,6603.299999999999
4205,M19064,M,302.3,310.9,1523,43.2,210,0,0,0,0,0,0,8.599999999999966,6889.889680440848,9072.0
4206,L51385,L,302.3,310.8,1723,26.3,213,0,0,0,0,0,0,8.5,4745.3652312718705,5601.900000000001
4207,M19066,M,302.3,310.8,1721,28.4,215,0,0,0,0,0,0,8.5,5118.324639130538,6106.0
4208,M19067,M,302.3,310.9,1710,30.4,218,1,1,0,0,0,0,8.599999999999966,5443.751750140394,6627.2
4209,M19068,M,302.3,310.9,1627,32.3,0,0,0,0,0,0,0,8.599999999999966,5503.243043023872,0.0
4210,M19069,M,302.2,310.8,1422,47.0,3,0,0,0,0,0,0,8.600000000000023,6998.840113667341,141.0
4211,L51390,L,302.1,310.8,1565,35.3,6,0,0,0,0,0,0,8.699999999999989,5785.190511708043,211.79999999999998
4212,L51391,L,302.1,310.7,1314,52.8,8,1,0,1,0,0,0,8.599999999999966,7265.372834397898,422.4
4213,M19072,M,302.0,310.6,1392,60.5,10,0,0,0,0,0,0,8.600000000000023,8819.078897157267,605.0
4214,L51393,L,302.1,310.7,1465,40.7,13,0,0,0,0,0,0,8.599999999999966,6243.967758887274,529.1
4215,L51394,L,301.9,310.6,1573,36.6,15,0,0,0,0,0,0,8.700000000000045,6028.904797798028,549.0
4216,M19075,M,302.0,310.7,2157,17.8,17,0,0,0,0,0,0,8.699999999999989,4020.673109917289,302.6
4217,L51396,L,301.9,310.7,1370,50.3,20,0,0,0,0,0,0,8.800000000000011,7216.343045050874,1006.0
4218,L51397,L,301.9,310.6,1462,38.8,22,0,0,0,0,0,0,8.700000000000045,5940.290941015772,853.5999999999999
4219,M19078,M,302.0,310.6,1479,40.5,24,0,0,0,0,0,0,8.600000000000023,6272.66097179006,972.0
4220,L51399,L,301.9,310.7,1717,26.8,27,0,0,0,0,0,0,8.800000000000011,4818.742363684216,723.6
4221,M19080,M,301.9,310.6,1260,65.9,29,0,0,0,0,0,0,8.700000000000045,8695.300146605829,1911.1000000000001
4222,L51401,L,301.9,310.6,1467,39.3,32,0,0,0,0,0,0,8.700000000000045,6037.418513889256,1257.6
4223,M19082,M,302.0,310.6,1535,38.6,34,0,0,0,0,0,0,8.600000000000023,6204.750210594961,1312.4
4224,L51403,L,302.0,310.7,1657,31.9,37,0,0,0,0,0,0,8.699999999999989,5535.3082320415115,1180.3
4225,L51404,L,302.0,310.7,1698,28.1,39,0,0,0,0,0,0,8.699999999999989,4996.577451828422,1095.9
4226,L51405,L,302.1,310.7,1359,49.3,41,1,0,1,0,0,0,8.599999999999966,7016.087457335549,2021.3
4227,L51406,L,302.1,310.8,1596,37.1,43,0,0,0,0,0,0,8.699999999999989,6200.624252243247,1595.3
4228,L51407,L,302.2,310.8,1383,46.9,45,0,0,0,0,0,0,8.600000000000023,6792.406060399955,2110.5
4229,L51408,L,302.2,310.8,2203,16.6,47,0,0,0,0,0,0,8.600000000000023,3829.580500774934,780.2
4230,M19089,M,302.2,310.8,1408,46.8,49,0,0,0,0,0,0,8.600000000000023,6900.445431756908,2293.2
4231,L51410,L,302.2,310.8,1673,32.9,52,0,0,0,0,0,0,8.600000000000023,5763.953345369777,1710.8
4232,L51411,L,302.2,310.8,1340,47.8,54,0,0,0,0,0,0,8.600000000000023,6707.5097549244465,2581.2
4233,L51412,L,302.2,310.9,1452,42.3,56,0,0,0,0,0,0,8.699999999999989,6431.8454715474545,2368.7999999999997
4234,M19093,M,302.2,310.9,1302,53.4,58,0,0,0,0,0,0,8.699999999999989,7280.829470253561,3097.2
4235,H33648,H,302.2,310.9,1522,35.9,61,0,0,0,0,0,0,8.699999999999989,5721.866475787186,2189.9
4236,L51415,L,302.2,310.8,1438,41.4,66,0,0,0,0,0,0,8.600000000000023,6234.3021254897285,2732.4
4237,L51416,L,302.2,310.9,1604,40.5,68,0,0,0,0,0,0,8.699999999999989,6802.8047320833375,2754.0
4238,L51417,L,302.2,311.0,1832,23.2,70,0,0,0,0,0,0,8.800000000000011,4450.840919997828,1624.0
4239,M19098,M,302.3,311.0,1521,34.8,72,0,0,0,0,0,0,8.699999999999989,5542.9004142876865,2505.6
4240,L51419,L,302.3,311.0,1446,37.6,75,0,0,0,0,0,0,8.699999999999989,5693.571197953854,2820.0
4241,L51420,L,302.4,311.1,1905,20.9,77,0,0,0,0,0,0,8.700000000000045,4169.364690211693,1609.3
4242,L51421,L,302.4,311.0,1475,47.9,79,0,0,0,0,0,0,8.600000000000023,7398.712498591762,3784.1
4243,L51422,L,302.4,311.0,1462,48.5,81,0,0,0,0,0,0,8.600000000000023,7425.363676269715,3928.5
4244,M19103,M,302.4,310.9,1435,42.3,83,0,0,0,0,0,0,8.5,6356.541495640907,3510.8999999999996
4245,L51424,L,302.4,310.9,1469,39.6,86,0,0,0,0,0,0,8.5,6091.799482722896,3405.6
4246,M19105,M,302.6,311.1,1520,43.0,88,0,0,0,0,0,0,8.5,6844.483194620962,3784.0
4247,L51426,L,302.6,311.0,1537,35.5,91,0,0,0,0,0,0,8.399999999999977,5713.876358471555,3230.5
4248,L51427,L,302.6,311.0,1369,60.0,93,1,0,1,0,0,0,8.399999999999977,8601.680685528852,5580.0
4249,L51428,L,302.6,311.0,1506,37.2,95,0,0,0,0,0,0,8.399999999999977,5866.735785019723,3534.0000000000005
4250,L51429,L,302.5,310.9,1330,56.9,97,1,0,1,0,0,0,8.399999999999977,7924.876908190492,5519.3
4251,L51430,L,302.6,311.0,1660,38.0,99,0,0,0,0,0,0,8.399999999999977,6605.722152948138,3762.0
4252,H33665,H,302.5,310.9,1356,55.5,101,1,0,1,0,0,0,8.399999999999977,7880.999330795355,5605.5
4253,H33666,H,302.6,311.0,1438,51.0,106,0,0,0,0,0,0,8.399999999999977,7679.937400965608,5406.0
4254,M19113,M,302.6,311.0,1329,48.6,111,1,0,1,0,0,0,8.399999999999977,6763.786151325753,5394.6
4255,L51434,L,302.6,311.0,1284,68.0,114,1,0,1,1,0,0,8.399999999999977,9143.291259007734,7752.0
4256,M19115,M,302.5,311.0,1387,52.1,116,0,0,0,0,0,0,8.5,7567.332248285437,6043.6
4257,M19116,M,302.6,311.0,1591,33.9,119,0,0,0,0,0,0,8.399999999999977,5648.049520403337,4034.1
4258,M19117,M,302.6,311.0,1589,39.0,122,0,0,0,0,0,0,8.399999999999977,6489.5879445204355,4758.0
4259,M19118,M,302.7,311.1,1297,60.7,125,1,0,1,0,0,0,8.400000000000034,8244.366409085063,7587.5
4260,L51439,L,302.7,311.2,1545,35.1,128,0,0,0,0,0,0,8.5,5678.8999602615895,4492.8
4261,H33674,H,302.7,311.1,1418,43.4,130,0,0,0,0,0,0,8.400000000000034,6444.5793937700055,5642.0
4262,L51441,L,302.7,311.1,1730,28.1,135,0,0,0,0,0,0,8.400000000000034,5090.74145563202,3793.5
4263,L51442,L,302.6,311.0,2001,20.7,137,0,0,0,0,0,0,8.399999999999977,4337.565560884891,2835.9
4264,L51443,L,302.6,311.0,1620,36.2,139,0,0,0,0,0,0,8.399999999999977,6141.185319237328,5031.8
4265,M19124,M,302.6,311.0,1542,39.7,141,0,0,0,0,0,0,8.399999999999977,6410.67113706226,5597.700000000001
4266,L51445,L,302.6,311.0,1424,38.0,144,0,0,0,0,0,0,8.399999999999977,5666.595389035029,5472.0
4267,L51446,L,302.7,311.1,1440,39.5,146,0,0,0,0,0,0,8.400000000000034,5956.459671206248,5767.0
4268,L51447,L,302.6,311.0,1520,42.8,148,0,0,0,0,0,0,8.399999999999977,6812.648389064585,6334.4
4269,L51448,L,302.7,311.0,1694,29.8,150,0,0,0,0,0,0,8.300000000000011,5286.378902146569,4470.0
4270,L51449,L,302.6,311.0,1610,39.2,152,0,0,0,0,0,0,8.399999999999977,6609.073185111968,5958.400000000001
4271,L51450,L,302.6,310.9,1331,52.0,154,1,0,1,0,0,0,8.299999999999955,7247.863691341891,8008.0
4272,L51451,L,302.6,310.8,1470,41.2,156,0,0,0,0,0,0,8.199999999999989,6342.247249067075,6427.200000000001
4273,L51452,L,302.5,310.8,1577,36.9,158,0,0,0,0,0,0,8.300000000000011,6093.778686094657,5830.2
4274,L51453,L,302.6,310.8,1486,36.4,160,0,0,0,0,0,0,8.199999999999989,5664.333442324445,5824.0
4275,L51454,L,302.4,310.6,1445,40.3,162,0,0,0,0,0,0,8.200000000000045,6098.197859760706,6528.599999999999
4276,M19135,M,302.4,310.5,1500,36.7,164,0,0,0,0,0,0,8.100000000000023,5764.822519337271,6018.8
4277,M19136,M,302.2,310.4,1456,47.5,167,0,0,0,0,0,0,8.199999999999989,7242.418264075669,7932.5
4278,L51457,L,302.2,310.4,1743,28.1,170,0,0,0,0,0,0,8.199999999999989,5128.995582177232,4777.0
4279,L51458,L,302.0,310.1,1409,50.4,172,0,0,0,0,0,0,8.100000000000023,7436.52680216547,8668.8
4280,L51459,L,302.0,310.1,1361,45.4,174,1,0,1,0,0,0,8.100000000000023,6470.570836990705,7899.599999999999
4281,L51460,L,302.1,310.1,1753,28.9,176,0,0,0,0,0,0,8.0,5305.280817945667,5086.4
4282,L51461,L,302.0,310.0,1832,22.9,178,0,0,0,0,0,0,8.0,4393.286942584062,4076.2
4283,L51462,L,301.9,309.9,1374,48.5,180,1,0,1,0,0,0,8.0,6978.419761419007,8730.0
4284,M19143,M,301.8,309.9,1334,61.0,182,1,0,1,0,0,0,8.099999999999966,8521.465353107194,11102.0
4285,L51464,L,301.8,310.0,1493,40.3,185,0,0,0,0,0,0,8.199999999999989,6300.767754064176,7455.499999999999
4286,L51465,L,301.7,309.9,1317,49.0,187,1,0,1,0,0,0,8.199999999999989,6757.879957137004,9163.0
4287,M19146,M,301.7,309.9,1434,47.9,189,0,0,0,0,0,0,8.199999999999989,7193.053371512261,9053.1
4288,M19147,M,301.7,309.9,1457,39.2,192,0,0,0,0,0,0,8.199999999999989,5981.0059818062955,7526.400000000001
4289,M19148,M,301.7,310.0,1391,50.6,195,0,0,0,0,0,0,8.300000000000011,7370.6580761952055,9867.0
4290,M19149,M,301.8,310.0,1781,23.9,198,0,0,0,0,0,0,8.199999999999989,4457.490624447925,4732.2
4291,L51470,L,301.8,310.0,1642,32.6,201,0,0,0,0,0,0,8.199999999999989,5605.564715751292,6552.6
4292,L51471,L,301.8,310.0,2032,19.0,203,0,0,0,0,0,0,8.199999999999989,4043.0203056598243,3857.0
4293,M19152,M,301.8,310.1,2372,13.9,205,1,0,0,1,0,0,8.300000000000011,3452.6941020992786,2849.5
4294,L51473,L,301.8,310.0,1393,44.9,208,0,0,0,0,0,0,8.199999999999989,6549.770387787704,9339.199999999999
4295,M19154,M,301.7,310.1,1743,27.3,210,0,0,0,0,0,0,8.400000000000034,4982.974355638378,5733.0
4296,L51475,L,301.8,310.2,1457,40.4,213,0,0,0,0,0,0,8.399999999999977,6164.098001657509,8605.199999999999
4297,L51476,L,301.8,310.2,2825,5.8,215,1,0,0,1,0,0,8.399999999999977,1715.8331876356253,1247.0
4298,M19157,M,301.8,310.2,1609,34.2,217,0,0,0,0,0,0,8.399999999999977,5762.497740773614,7421.400000000001
4299,M19158,M,301.8,310.2,1437,42.3,0,0,0,0,0,0,0,8.399999999999977,6365.40078692403,0.0
4300,L51479,L,301.7,310.1,1402,50.1,3,0,0,0,0,0,0,8.400000000000034,7355.536543555925,150.3
4301,M19160,M,301.7,310.1,1644,34.6,5,0,0,0,0,0,0,8.400000000000034,5956.710998618535,173.0
4302,L51481,L,301.7,310.2,1471,51.1,8,0,0,0,0,0,0,8.5,7871.585024810098,408.8
4303,L51482,L,301.7,310.1,2695,12.6,10,0,0,0,0,0,0,8.400000000000034,3555.968724598287,126.0
4304,L51483,L,301.7,310.2,1435,48.1,12,0,0,0,0,0,0,8.5,7228.124017501836,577.2
4305,L51484,L,301.6,310.1,1694,26.3,14,0,0,0,0,0,0,8.5,4665.495474042106,368.2
4306,L51485,L,301.6,310.1,1687,26.6,16,0,0,0,0,0,0,8.5,4699.215235190637,425.6
4307,L51486,L,301.6,310.0,1869,22.9,18,0,0,0,0,0,0,8.399999999999977,4482.01599109695,412.2
4308,L51487,L,301.4,309.9,1259,63.9,20,1,0,1,0,0,0,8.5,8424.714771352139,1278.0
4309,H33722,H,301.4,309.9,1460,47.2,22,0,0,0,0,0,0,8.5,7216.447764805994,1038.4
4310,M19169,M,301.3,309.9,1501,39.5,27,0,0,0,0,0,0,8.599999999999966,6208.781921167068,1066.5
4311,L51490,L,301.4,310.0,1776,25.6,30,0,0,0,0,0,0,8.600000000000023,4761.146498368404,768.0
4312,M19171,M,301.5,310.1,1468,40.8,32,0,0,0,0,0,0,8.600000000000023,6272.12690103895,1305.6
4313,L51492,L,301.5,310.1,1430,46.5,35,0,0,0,0,0,0,8.600000000000023,6963.340116681776,1627.5
4314,L51493,L,301.4,310.1,1502,46.6,37,0,0,0,0,0,0,8.700000000000045,7329.67076404137,1724.2
4315,H33728,H,301.4,310.1,1623,32.3,39,0,0,0,0,0,0,8.700000000000045,5489.713250662411,1259.6999999999998
4316,M19175,M,301.4,310.0,1651,29.8,44,0,0,0,0,0,0,8.600000000000023,5152.191007936237,1311.2
4317,L51496,L,301.5,310.1,1639,33.4,47,0,0,0,0,0,0,8.600000000000023,5732.631666613486,1569.8
4318,M19177,M,301.5,310.0,1417,44.6,49,0,0,0,0,0,0,8.5,6618.100028003282,2185.4
4319,L51498,L,301.5,310.1,1541,42.2,52,0,0,0,0,0,0,8.600000000000023,6809.946619382499,2194.4
4320,M19179,M,301.6,310.2,1411,45.1,54,0,0,0,0,0,0,8.599999999999966,6663.956808770181,2435.4
4321,L51500,L,301.7,310.3,1397,44.6,57,0,0,0,0,0,0,8.600000000000023,6524.690006436545,2542.2000000000003
4322,L51501,L,301.7,310.2,1686,28.9,59,0,0,0,0,0,0,8.5,5102.511956107469,1705.1
4323,M19182,M,301.7,310.1,1431,44.0,61,0,0,0,0,0,0,8.400000000000034,6593.574661354258,2684.0
4324,L51503,L,301.8,310.3,1341,50.5,64,1,0,1,0,0,0,8.5,7091.674176580919,3232.0
4325,L51504,L,301.7,310.2,1486,43.0,66,0,0,0,0,0,0,8.5,6691.38291263602,2838.0
4326,L51505,L,301.6,310.2,1384,57.1,68,0,0,0,0,0,0,8.599999999999966,8275.625255988281,3882.8
4327,L51506,L,301.6,310.1,1362,55.8,70,1,0,1,0,0,0,8.5,7958.659501192094,3906.0
4328,H33741,H,301.7,310.1,1660,29.3,72,0,0,0,0,0,0,8.400000000000034,5093.3594495100115,2109.6
4329,L51508,L,301.6,310.1,1326,48.2,77,1,0,1,0,0,0,8.5,6692.974652913839,3711.4
4330,L51509,L,301.6,310.0,1566,30.3,79,0,0,0,0,0,0,8.399999999999977,4968.9314364768325,2393.7000000000003
4331,L51510,L,301.5,309.8,1549,38.5,81,0,0,0,0,0,0,8.300000000000011,6245.11967619359,3118.5
4332,M19191,M,301.6,309.9,1746,31.1,83,0,0,0,0,0,0,8.299999999999955,5686.345534850598,2581.3
4333,M19192,M,301.7,309.9,1452,41.5,86,0,0,0,0,0,0,8.199999999999989,6310.203004000458,3569.0
4334,L51513,L,301.6,309.8,1588,33.9,89,0,0,0,0,0,0,8.199999999999989,5637.399521307668,3017.1
4335,L51514,L,301.6,309.8,1472,42.5,91,0,0,0,0,0,0,8.199999999999989,6551.2678802859145,3867.5
4336,L51515,L,301.7,309.9,1607,37.7,93,0,0,0,0,0,0,8.199999999999989,6344.331172193955,3506.1000000000004
4337,H33750,H,301.6,309.9,1423,53.6,95,0,0,0,0,0,0,8.299999999999955,7987.268938290786,5092.0
4338,L51517,L,301.6,309.9,1440,43.4,100,0,0,0,0,0,0,8.299999999999955,6544.565815958256,4340.0
4339,L51518,L,301.6,309.9,1397,43.7,102,0,0,0,0,0,0,8.299999999999955,6393.025858324597,4457.400000000001
4340,L51519,L,301.7,309.9,1524,46.6,104,0,0,0,0,0,0,8.199999999999989,7437.029456990046,4846.400000000001
4341,M19200,M,301.7,309.9,1533,40.9,106,0,0,0,0,0,0,8.199999999999989,6565.897230076132,4335.4
4342,L51521,L,301.7,309.8,1398,46.0,109,0,0,0,0,0,0,8.100000000000023,6734.3180122350805,5014.0
4343,M19202,M,301.7,309.8,1284,68.2,111,1,0,1,1,0,0,8.100000000000023,9170.183292122463,7570.200000000001
4344,L51523,L,301.7,309.8,1491,39.3,114,0,0,0,0,0,0,8.100000000000023,6136.190186918119,4480.2
4345,H33758,H,301.8,309.9,1418,51.3,116,0,0,0,0,0,0,8.099999999999966,7617.671034571457,5950.799999999999
4346,M19205,M,301.8,309.8,1546,39.8,121,0,0,0,0,0,0,8.0,6443.490308316761,4815.799999999999
4347,L51526,L,301.8,309.7,1598,30.4,124,0,0,0,0,0,0,7.899999999999977,5087.201927908975,3769.6
4348,H33761,H,301.9,309.8,1724,27.5,126,0,0,0,0,0,0,7.900000000000034,4964.7635902230695,3465.0
4349,L51528,L,301.9,309.8,1507,44.7,131,0,0,0,0,0,0,7.900000000000034,7054.22639215013,5855.700000000001
4350,L51529,L,301.9,309.7,1595,31.4,133,0,0,0,0,0,0,7.800000000000011,5244.67949565792,4176.2
4351,M19210,M,301.9,309.7,1568,37.5,135,0,0,0,0,0,0,7.800000000000011,6157.5216010359945,5062.5
4352,L51531,L,301.8,309.6,1432,43.7,138,0,0,0,0,0,0,7.800000000000011,6553.194723780117,6030.6
4353,L51532,L,301.9,309.7,1424,42.8,140,0,0,0,0,0,0,7.800000000000011,6382.375859228928,5992.0
4354,M19213,M,302.0,309.7,1386,62.7,142,1,0,0,1,0,0,7.699999999999989,9100.377103359697,8903.4
4355,L51534,L,302.0,309.8,1456,58.1,145,0,0,0,0,0,0,7.800000000000011,8858.621076690451,8424.5
4356,H33769,H,302.0,309.8,1280,57.3,147,1,0,1,0,0,0,7.800000000000011,7680.565719496326,8423.1
4357,L51536,L,302.0,309.8,1649,31.0,152,0,0,0,0,0,0,7.800000000000011,5353.169161961888,4712.0
4358,L51537,L,302.0,309.9,1407,52.8,154,0,0,0,0,0,0,7.899999999999977,7779.588719937476,8131.2
4359,H33772,H,302.0,309.9,1606,34.5,156,0,0,0,0,0,0,7.899999999999977,5802.207471914989,5382.0
4360,M19219,M,302.1,310.0,1531,38.0,161,0,0,0,0,0,0,7.899999999999977,6092.385913351566,6118.0
4361,L51540,L,302.1,310.1,1543,35.8,164,0,0,0,0,0,0,8.0,5784.656440956933,5871.2
4362,M19221,M,302.1,310.1,1379,48.2,166,1,0,1,0,0,0,8.0,6960.491739342522,8001.200000000001
4363,L51542,L,302.1,310.1,1447,46.6,169,0,0,0,0,0,0,8.0,7061.274031669682,7875.400000000001
4364,H33777,H,302.1,310.1,1844,24.6,171,0,0,0,0,0,0,8.0,4750.339419640054,4206.6
4365,H33778,H,302.1,310.1,1615,29.9,176,0,0,0,0,0,0,8.0,5056.759895095691,5262.4
4366,L51545,L,302.0,310.0,1449,48.8,181,0,0,0,0,0,0,8.0,7404.859548217285,8832.8
4367,L51546,L,302.0,309.9,1388,51.4,183,0,0,0,0,0,0,7.899999999999977,7471.042433452911,9406.199999999999
4368,H33781,H,302.0,309.9,1447,42.8,185,0,0,0,0,0,0,7.899999999999977,6485.461986168721,7917.999999999999
4369,L51548,L,302.0,310.0,1664,28.6,190,0,0,0,0,0,0,8.0,4983.6550340466565,5434.0
4370,H33783,H,302.0,309.9,1735,27.2,192,0,0,0,0,0,0,7.899999999999977,4941.9346836069835,5222.4
4371,L51550,L,302.0,309.9,1308,57.6,197,1,0,1,0,1,0,7.899999999999977,7889.670126519263,11347.2
4372,L51551,L,302.0,309.8,1480,40.0,199,0,0,0,0,0,0,7.800000000000011,6199.409503083858,7960.0
4373,M19232,M,301.9,309.6,1439,41.7,201,0,0,0,0,0,0,7.7000000000000455,6283.8450416368405,8381.7
4374,M19233,M,301.9,309.7,1533,35.9,204,0,0,0,0,0,0,7.800000000000011,5763.220307083939,7323.599999999999
4375,L51554,L,302.0,309.7,1551,34.8,207,0,0,0,0,0,0,7.699999999999989,5652.227838632612,7203.599999999999
4376,L51555,L,302.0,309.7,1414,36.3,209,0,0,0,0,0,0,7.699999999999989,5375.07653473292,7586.7
4377,M19236,M,301.9,309.6,1551,34.6,211,0,0,0,0,0,0,7.7000000000000455,5619.743770594494,7300.6
4378,M19237,M,301.8,309.6,1436,49.0,214,0,0,0,0,0,0,7.800000000000011,7368.50084923974,10486.0
4379,M19238,M,301.9,309.6,1385,45.8,217,0,0,0,0,0,0,7.7000000000000455,6642.688226505377,9938.599999999999
4380,M19239,M,301.8,309.5,1732,30.1,220,0,0,0,0,0,0,7.699999999999989,5459.375937604247,6622.0
4381,L51560,L,301.9,309.6,1410,49.0,223,0,0,0,0,0,0,7.7000000000000455,7235.087881217293,10927.0
4382,L51561,L,301.9,309.6,1446,43.2,225,0,0,0,0,0,0,7.7000000000000455,6541.549887010811,9720.0
4383,L51562,L,301.8,309.5,1525,39.6,227,0,0,0,0,0,0,7.699999999999989,6324.026011676253,8989.2
4384,L51563,L,301.7,309.5,1298,65.5,229,1,0,1,0,1,0,7.800000000000011,8903.168860518354,14999.5
4385,L51564,L,301.8,309.6,1443,42.7,231,0,0,0,0,0,0,7.800000000000011,6452.422903428469,9863.7
4386,L51565,L,301.8,309.7,1442,45.3,233,1,1,0,0,0,0,7.899999999999977,6840.566675779487,10554.9
4387,L51566,L,301.9,309.7,1719,31.9,0,0,0,0,0,0,0,7.800000000000011,5742.422963717175,0.0
4388,L51567,L,302.0,309.8,1532,39.4,2,0,0,0,0,0,0,7.800000000000011,6320.968194826759,78.8
4389,L51568,L,302.0,309.8,1701,27.2,4,0,0,0,0,0,0,7.800000000000011,4845.089854072322,108.8
4390,M19249,M,302.1,310.0,1355,45.1,6,1,0,1,0,0,0,7.899999999999977,6399.476595239968,270.6
4391,M19250,M,302.2,310.1,1421,45.4,9,0,0,0,0,0,0,7.900000000000034,6755.827449936659,408.59999999999997
4392,M19251,M,302.2,310.1,1368,51.6,12,1,0,1,0,0,0,7.900000000000034,7392.04185019064,619.2
4393,L51572,L,302.2,310.1,1458,45.1,15,0,0,0,0,0,0,7.900000000000034,6885.931273697324,676.5
4394,M19253,M,302.2,310.1,1572,34.6,17,0,0,0,0,0,0,7.900000000000034,5695.833144664439,588.2
4395,L51574,L,302.2,310.0,1483,48.7,20,0,0,0,0,0,0,7.800000000000011,7563.08062622758,974.0
4396,L51575,L,302.3,310.1,1513,40.4,22,0,0,0,0,0,0,7.800000000000011,6401.015975640227,888.8
4397,H33810,H,302.3,310.1,1383,42.9,24,0,0,0,0,0,0,7.800000000000011,6213.096375077997,1029.6
4398,L51577,L,302.4,310.2,1539,37.7,29,0,0,0,0,0,0,7.800000000000011,6075.871607969196,1093.3000000000002
4399,M19258,M,302.3,310.1,1563,37.8,31,0,0,0,0,0,0,7.800000000000011,6186.989740126666,1171.8
4400,L51579,L,302.3,310.1,1653,29.7,34,0,0,0,0,0,0,7.800000000000011,5141.122129820088,1009.8
4401,L51580,L,302.3,310.1,1353,50.9,36,1,0,1,0,0,0,7.800000000000011,7211.808679654193,1832.3999999999999
4402,H33815,H,302.2,310.0,1468,43.6,38,0,0,0,0,0,0,7.800000000000011,6702.5669824828,1656.8
4403,H33816,H,302.3,310.2,1506,33.8,43,0,0,0,0,0,0,7.899999999999977,5330.528750905017,1453.3999999999999
4404,L51583,L,302.3,310.1,1388,49.9,48,0,0,0,0,0,0,7.800000000000011,7253.015903293779,2395.2
4405,M19264,M,302.4,310.2,1485,45.9,50,0,0,0,0,0,0,7.800000000000011,7137.855588588689,2295.0
4406,L51585,L,302.4,310.2,1331,45.5,53,1,0,1,0,0,0,7.800000000000011,6341.880729924155,2411.5
4407,L51586,L,302.5,310.3,1326,58.5,55,1,0,1,0,0,0,7.800000000000011,8123.216124387128,3217.5
4408,L51587,L,302.3,310.2,1394,55.4,57,0,0,0,0,0,0,7.899999999999977,8087.2553604790355,3157.7999999999997
4409,L51588,L,302.4,310.1,2009,18.9,59,0,0,0,0,0,0,7.7000000000000455,3976.219573868993,1115.1
4410,M19269,M,302.4,310.1,1358,54.6,61,1,0,1,0,0,0,7.7000000000000455,7764.634738906389,3330.6
4411,L51590,L,302.5,310.2,1586,32.2,64,0,0,0,0,0,0,7.699999999999989,5347.954118156929,2060.8
4412,L51591,L,302.5,310.3,1688,31.6,66,0,0,0,0,0,0,7.800000000000011,5585.835513886748,2085.6
4413,L51592,L,302.6,310.5,1450,43.2,68,0,0,0,0,0,0,7.899999999999977,6559.6454606954885,2937.6000000000004
4414,M19273,M,302.7,310.5,1398,47.3,70,0,0,0,0,0,0,7.800000000000011,6924.63569518955,3311.0
4415,L51594,L,302.7,310.5,1520,39.3,73,0,0,0,0,0,0,7.800000000000011,6255.539291827995,2868.8999999999996
4416,L51595,L,302.6,310.4,1514,42.7,75,0,0,0,0,0,0,7.7999999999999545,6769.901785024741,3202.5
4417,M19276,M,302.6,310.4,1532,36.1,77,0,0,0,0,0,0,7.7999999999999545,5791.547000843808,2779.7000000000003
4418,L51597,L,302.6,310.4,1365,66.8,80,1,0,1,1,0,0,7.7999999999999545,9548.556711320816,5344.0
4419,L51598,L,302.6,310.3,1642,33.2,82,0,0,0,0,0,0,7.699999999999989,5708.73461849518,2722.4
4420,M19279,M,302.6,310.2,2676,10.8,84,1,0,0,1,0,0,7.599999999999966,3026.484698762263,907.2
4421,H33834,H,302.6,310.2,1873,21.3,87,0,0,0,0,0,0,7.599999999999966,4177.7841585233145,1853.1000000000001
4422,L51601,L,302.6,310.2,1325,62.4,92,1,0,1,0,0,0,7.599999999999966,8658.22935329347,5740.8
4423,M19282,M,302.6,310.2,2157,17.2,94,0,0,0,0,0,0,7.599999999999966,3885.144802841425,1616.8
4424,M19283,M,302.6,310.2,1563,39.0,97,0,0,0,0,0,0,7.599999999999966,6383.402112829101,3783.0
4425,M19284,M,302.6,310.2,1631,31.0,100,0,0,0,0,0,0,7.599999999999966,5294.735538605118,3100.0
4426,L51605,L,302.5,310.2,1547,36.9,103,0,0,0,0,0,0,7.699999999999989,5977.853917177194,3800.7
4427,L51606,L,302.6,310.3,1479,40.4,105,0,0,0,0,0,0,7.699999999999989,6257.172920007863,4242.0
4428,M19287,M,302.4,310.1,1379,48.9,107,1,0,1,0,0,0,7.7000000000000455,7061.577718959528,5232.3
4429,L51608,L,302.4,310.1,1906,21.2,110,0,0,0,0,0,0,7.7000000000000455,4231.432089071116,2332.0
4430,M19289,M,302.3,310.1,1731,33.4,112,0,0,0,0,0,0,7.800000000000011,6054.414530145176,3740.7999999999997
4431,H33844,H,302.3,310.1,1688,30.4,115,0,0,0,0,0,0,7.800000000000011,5373.715177916364,3496.0
4432,H33845,H,302.3,310.2,1443,54.6,120,0,0,0,0,0,0,7.899999999999977,8250.63912241673,6552.0
4433,L51612,L,302.4,310.2,1445,46.4,125,0,0,0,0,0,0,7.800000000000011,7021.250141262948,5800.0
4434,H33847,H,302.4,310.2,1435,44.9,127,0,0,0,0,0,0,7.800000000000011,6747.250901992358,5702.3
4435,L51614,L,302.4,310.1,1556,32.9,132,0,0,0,0,0,0,7.7000000000000455,5360.85559198767,4342.8
4436,L51615,L,302.3,310.1,1321,52.7,134,1,0,1,0,0,0,7.800000000000011,7290.243776238818,7061.8
4437,M19296,M,302.4,310.1,1577,35.8,136,0,0,0,0,0,0,7.7000000000000455,5912.121326888583,4868.799999999999
4438,L51617,L,302.4,310.2,1578,31.2,139,0,0,0,0,0,0,7.800000000000011,5155.730535659281,4336.8
4439,L51618,L,302.4,310.1,1418,52.3,141,0,0,0,0,0,0,7.7000000000000455,7766.1636473311355,7374.299999999999
4440,M19299,M,302.4,310.2,1392,55.8,143,0,0,0,0,0,0,7.800000000000011,8133.960371262404,7979.4
4441,L51620,L,302.5,310.3,1446,44.0,146,0,0,0,0,0,0,7.800000000000011,6662.689699733233,6424.0
4442,L51621,L,302.5,310.2,1329,50.6,148,1,0,1,0,0,0,7.699999999999989,7042.131260433809,7488.8
4443,L51622,L,302.5,310.2,1563,34.8,150,0,0,0,0,0,0,7.699999999999989,5695.958808370581,5220.0
4444,L51623,L,302.5,310.3,1405,57.4,152,0,0,0,0,0,0,7.800000000000011,8445.3340911352,8724.8
4445,L51624,L,302.4,310.2,2224,16.0,154,0,0,0,0,0,0,7.800000000000011,3726.347766177973,2464.0
4446,L51625,L,302.5,310.2,1716,29.9,156,0,0,0,0,0,0,7.699999999999989,5373.0030835815505,4664.4
4447,L51626,L,302.5,310.3,1584,35.5,158,0,0,0,0,0,0,7.800000000000011,5888.601269888708,5609.0
4448,M19307,M,302.5,310.3,1488,41.8,160,0,0,0,0,0,0,7.800000000000011,6513.401216834645,6688.0
4449,L51628,L,302.4,310.3,1374,51.2,163,1,0,1,0,0,0,7.900000000000034,7366.909108961921,8345.6
4450,M19309,M,302.4,310.3,1378,54.3,165,1,0,1,0,0,0,7.900000000000034,7835.697564730589,8959.5
4451,L51630,L,302.5,310.3,1551,37.3,168,0,0,0,0,0,0,7.800000000000011,6058.278689109092,6266.4
4452,L51631,L,302.5,310.3,1549,40.9,170,0,0,0,0,0,0,7.800000000000011,6634.425837826437,6953.0
4453,M19312,M,302.5,310.3,1447,39.2,172,0,0,0,0,0,0,7.800000000000011,5939.955837799389,6742.400000000001
4454,L51633,L,302.4,310.2,1400,53.7,175,0,0,0,0,0,0,7.800000000000011,7872.831189896021,9397.5
4455,L51634,L,302.4,310.1,1401,48.8,177,0,0,0,0,0,0,7.7000000000000455,7159.563993824995,8637.6
4456,H33869,H,302.4,310.1,1597,28.9,179,0,0,0,0,0,0,7.7000000000000455,4833.1622739641925,5173.099999999999
4457,L51636,L,302.3,310.1,1487,46.0,184,0,0,0,0,0,0,7.800000000000011,7163.040689694967,8464.0
4458,M19317,M,302.5,310.3,1710,27.3,186,0,0,0,0,0,0,7.800000000000011,4888.632328251077,5077.8
4459,L51638,L,302.6,310.4,1478,47.7,189,0,0,0,0,0,0,7.7999999999999545,7382.805567789086,9015.300000000001
4460,L51639,L,302.6,310.4,1743,26.3,191,0,0,0,0,0,0,7.7999999999999545,4800.447822464812,5023.3
4461,L51640,L,302.6,310.5,1596,32.8,193,0,0,0,0,0,0,7.899999999999977,5481.953516808045,6330.4
4462,L51641,L,302.7,310.5,1642,30.8,195,0,0,0,0,0,0,7.800000000000011,5296.055007519625,6006.0
4463,L51642,L,302.7,310.5,1263,67.8,197,1,0,1,0,1,0,7.800000000000011,8967.299238553633,13356.599999999999
4464,L51643,L,302.8,310.6,2016,19.9,199,0,0,0,0,0,0,7.800000000000011,4201.189023792558,3960.1
4465,L51644,L,302.8,310.6,1671,30.5,201,0,0,0,0,0,0,7.800000000000011,5337.09467955102,6130.5
4466,L51645,L,302.8,310.6,1404,43.2,203,0,0,0,0,0,0,7.800000000000011,6351.5463633217005,8769.6
4467,L51646,L,302.8,310.6,1470,41.1,205,0,0,0,0,0,0,7.800000000000011,6326.853445064484,8425.5
4468,L51647,L,302.8,310.6,1617,37.9,207,0,0,0,0,0,0,7.800000000000011,6417.6768886797645,7845.299999999999
4469,L51648,L,302.7,310.5,1725,29.0,209,0,0,0,0,0,0,7.800000000000011,5238.60574986098,6061.0
4470,L51649,L,302.7,310.5,1446,40.9,211,1,1,0,0,0,0,7.800000000000011,6193.2729254338465,8629.9
4471,L51650,L,302.7,310.6,1564,34.3,0,0,0,0,0,0,0,7.900000000000034,5617.712207345172,0.0
4472,L51651,L,302.8,310.6,1670,29.1,2,0,0,0,0,0,0,7.800000000000011,5089.065939550105,58.2
4473,L51652,L,302.7,310.6,1501,48.7,4,0,0,0,0,0,0,7.900000000000034,7654.877963565473,194.8
4474,L51653,L,302.7,310.5,1551,35.9,6,0,0,0,0,0,0,7.800000000000011,5830.890212842263,215.39999999999998
4475,L51654,L,302.7,310.5,1563,35.0,8,0,0,0,0,0,0,7.800000000000011,5728.694203820987,280.0
4476,L51655,L,302.7,310.5,1351,41.8,10,1,0,1,0,0,0,7.800000000000011,5913.713067166402,418.0
4477,L51656,L,302.6,310.4,1415,52.1,12,0,0,0,0,0,0,7.7999999999999545,7720.097427053997,625.2
4478,L51657,L,302.6,310.3,1647,34.2,14,0,0,0,0,0,0,7.699999999999989,5898.591534527123,478.80000000000007
4479,L51658,L,302.5,310.2,1477,41.6,16,0,0,0,0,0,0,7.699999999999989,6434.316857768279,665.6
4480,L51659,L,302.6,310.2,1923,21.5,18,0,0,0,0,0,0,7.599999999999966,4329.585915544773,387.0
4481,H33894,H,302.7,310.4,1305,55.2,20,1,0,1,0,0,0,7.699999999999989,7543.592279799811,1104.0
4482,M19341,M,302.6,310.4,1544,35.1,25,0,0,0,0,0,0,7.7999999999999545,5675.224296856889,877.5
4483,H33896,H,302.7,310.5,1568,36.9,28,0,0,0,0,0,0,7.800000000000011,6059.001255419418,1033.2
4484,L51663,L,302.7,310.4,1489,42.7,33,0,0,0,0,0,0,7.699999999999989,6658.113446434504,1409.1000000000001
4485,M19344,M,302.6,310.4,1451,43.1,35,0,0,0,0,0,0,7.7999999999999545,6548.974517648794,1508.5
4486,L51665,L,302.7,310.4,1542,35.7,38,0,0,0,0,0,0,7.699999999999989,5764.759687484198,1356.6000000000001
4487,M19346,M,302.6,310.5,1965,20.2,40,0,0,0,0,0,0,7.899999999999977,4156.641239964655,808.0
4488,L51667,L,302.5,310.5,1436,36.5,43,0,0,0,0,0,0,8.0,5488.781244841847,1569.5
4489,M19348,M,302.5,310.4,1509,37.6,45,0,0,0,0,0,0,7.899999999999977,5941.631353881304,1692.0
4490,L51669,L,302.5,310.4,1487,40.2,48,0,0,0,0,0,0,7.899999999999977,6259.87468968995,1929.6000000000001
4491,L51670,L,302.5,310.4,1967,20.3,50,0,0,0,0,0,0,7.899999999999977,4181.470293903526,1015.0
4492,H33905,H,302.6,310.4,1409,53.3,52,0,0,0,0,0,0,7.7999999999999545,7864.422193559913,2771.6
4493,M19352,M,302.6,310.5,1420,56.4,57,0,0,0,0,0,0,7.899999999999977,8386.79574802331,3214.7999999999997
4494,L51673,L,302.7,310.5,1511,37.7,60,0,0,0,0,0,0,7.800000000000011,5965.329434464883,2262.0
4495,H33908,H,302.6,310.4,1649,30.1,62,0,0,0,0,0,0,7.7999999999999545,5197.754573388801,1866.2
4496,L51675,L,302.6,310.4,1359,57.2,67,1,0,1,0,0,0,7.7999999999999545,8140.369220275728,3832.4
4497,M19356,M,302.5,310.4,1605,36.0,69,0,0,0,0,0,0,7.899999999999977,6050.707450813941,2484.0
4498,L51677,L,302.5,310.3,1523,36.0,72,0,0,0,0,0,0,7.800000000000011,5741.574733700706,2592.0
4499,H33912,H,302.6,310.4,1614,36.0,74,0,0,0,0,0,0,7.7999999999999545,6084.6366514727115,2664.0
4500,H33913,H,302.6,310.3,1721,27.4,79,0,0,0,0,0,0,7.699999999999989,4938.101940569603,2164.6
4501,L51680,L,302.6,310.4,1638,36.2,84,0,0,0,0,0,0,7.7999999999999545,6209.420711673298,3040.8
4502,L51681,L,302.5,310.2,1307,54.0,86,1,0,1,0,0,0,7.699999999999989,7390.910876835347,4644.0
4503,L51682,L,302.4,310.2,1642,28.3,88,0,0,0,0,0,0,7.800000000000011,4866.1804127534215,2490.4
4504,M19363,M,302.5,310.2,1751,30.5,90,0,0,0,0,0,0,7.699999999999989,5592.61088204299,2745.0
4505,L51684,L,302.4,310.1,1645,31.6,93,0,0,0,0,0,0,7.7000000000000455,5443.542310630154,2938.8
4506,L51685,L,302.4,310.1,1426,46.8,95,0,0,0,0,0,0,7.7000000000000455,6988.66135346971,4446.0
4507,M19366,M,302.4,310.1,1520,36.6,97,0,0,0,0,0,0,7.7000000000000455,5825.769416816912,3550.2000000000003
4508,L51687,L,302.4,310.1,1709,31.8,100,0,0,0,0,0,0,7.7000000000000455,5691.120755684054,3180.0
4509,L51688,L,302.4,310.0,1426,46.6,102,0,0,0,0,0,0,7.600000000000023,6958.795279309584,4753.2
4510,L51689,L,302.4,310.1,1429,43.7,104,0,0,0,0,0,0,7.7000000000000455,6539.465963883929,4544.8
4511,L51690,L,302.4,310.2,1346,62.4,106,1,0,1,0,0,0,7.800000000000011,8795.454120402272,6614.4
4512,L51691,L,302.5,310.2,1454,43.0,108,0,0,0,0,0,0,7.699999999999989,6547.2885295913675,4644.0
4513,M19372,M,302.5,310.3,1411,49.5,110,0,0,0,0,0,0,7.800000000000011,7314.098936455077,5445.0
4514,L51693,L,302.4,310.3,1900,24.4,113,0,0,0,0,0,0,7.900000000000034,4854.807847347427,2757.2
4515,L51694,L,302.4,310.3,1479,36.2,115,0,0,0,0,0,0,7.900000000000034,5606.67474515556,4163.0
4516,L51695,L,302.5,310.4,1415,48.2,117,0,0,0,0,0,0,7.899999999999977,7142.201458426155,5639.400000000001
4517,L51696,L,302.5,310.3,1539,39.0,119,0,0,0,0,0,0,7.800000000000011,6285.384422037098,4641.0
4518,L51697,L,302.4,310.3,1520,31.6,121,0,0,0,0,0,0,7.900000000000034,5029.899277907498,3823.6000000000004
4519,L51698,L,302.4,310.3,1480,45.8,123,0,0,0,0,0,0,7.900000000000034,7098.323881031018,5633.4
4520,L51699,L,302.4,310.4,1666,29.7,125,0,0,0,0,0,0,8.0,5181.554427271789,3712.5
4521,L51700,L,302.4,310.4,1456,47.6,127,0,0,0,0,0,0,8.0,7257.665460421093,6045.2
4522,L51701,L,302.4,310.4,1865,23.9,129,0,0,0,0,0,0,8.0,4667.726004826154,3083.1
4523,M19382,M,302.5,310.5,1918,21.6,131,0,0,0,0,0,0,8.0,4338.413790901361,2829.6000000000004
4524,L51703,L,302.5,310.4,1488,48.4,134,0,0,0,0,0,0,7.899999999999977,7541.8329879138,6485.599999999999
4525,M19384,M,302.5,310.5,1527,38.8,136,0,0,0,0,0,0,8.0,6204.394163427553,5276.799999999999
4526,M19385,M,302.4,310.4,1463,42.2,139,0,0,0,0,0,0,8.0,6465.251073430627,5865.8
4527,L51706,L,302.4,310.4,1521,38.5,142,0,0,0,0,0,0,8.0,6132.231780174597,5467.0
4528,M19387,M,302.4,310.5,1372,45.7,144,1,0,1,0,0,0,8.100000000000023,6565.970533904715,6580.8
4529,L51708,L,302.5,310.5,1507,39.5,147,0,0,0,0,0,0,8.0,6233.600503130427,5806.5
4530,M19389,M,302.4,310.4,1586,34.3,149,0,0,0,0,0,0,8.0,5696.7337345584665,5110.7
4531,L51710,L,302.5,310.4,1487,42.0,152,0,0,0,0,0,0,7.899999999999977,6540.167586243231,6384.0
4532,L51711,L,302.5,310.5,1520,41.2,154,0,0,0,0,0,0,8.0,6557.969944613574,6344.8
4533,H33946,H,302.5,310.4,1422,41.9,156,0,0,0,0,0,0,7.899999999999977,6239.391505588544,6536.4
4534,M19393,M,302.4,310.3,1375,52.5,161,1,0,1,0,0,0,7.900000000000034,7559.457322700439,8452.5
4535,L51714,L,302.4,310.2,1633,28.0,164,0,0,0,0,0,0,7.800000000000011,4788.206083091323,4592.0
4536,L51715,L,302.4,310.2,1503,36.2,166,0,0,0,0,0,0,7.800000000000011,5697.6552684035205,6009.200000000001
4537,L51716,L,302.4,310.2,1351,45.1,168,1,0,1,0,0,0,7.800000000000011,6380.585151416381,7576.8
4538,L51717,L,302.3,310.2,1548,35.3,170,0,0,0,0,0,0,7.899999999999977,5722.348186660735,6000.999999999999
4539,L51718,L,302.4,310.3,1923,23.3,172,0,0,0,0,0,0,7.900000000000034,4692.062875915964,4007.6
4540,L51719,L,302.5,310.3,1592,32.6,174,0,0,0,0,0,0,7.800000000000011,5434.871514906246,5672.400000000001
4541,M19400,M,302.5,310.4,1580,35.6,176,0,0,0,0,0,0,7.899999999999977,5890.276785970623,6265.6
4542,L51721,L,302.5,310.4,1427,46.8,179,0,0,0,0,0,0,7.899999999999977,6993.562238009309,8377.199999999999
4543,M19402,M,302.5,310.4,1581,32.7,181,0,0,0,0,0,0,7.899999999999977,5413.875204004755,5918.700000000001
4544,M19403,M,302.6,310.5,1542,39.9,184,0,0,0,0,0,0,7.899999999999977,6442.966709541162,7341.599999999999
4545,L51724,L,302.5,310.4,1349,55.1,187,1,0,1,0,0,0,7.899999999999977,7783.808926068799,10303.7
4546,L51725,L,302.5,310.5,1463,43.0,189,0,0,0,0,0,0,8.0,6587.815074822676,8127.0
4547,M19406,M,302.5,310.4,1429,43.2,191,0,0,0,0,0,0,7.899999999999977,6464.643698850933,8251.2
4548,M19407,M,302.5,310.4,1451,53.6,194,0,0,0,0,0,0,7.899999999999977,8144.432346774372,10398.4
4549,L51728,L,302.6,310.5,1511,37.2,197,0,0,0,0,0,0,7.899999999999977,5886.2136594719805,7328.400000000001
4550,L51729,L,302.6,310.6,1549,37.5,199,0,0,0,0,0,0,8.0,6082.908775513237,7462.5
4551,M19410,M,302.5,310.5,1507,40.2,201,0,0,0,0,0,0,8.0,6344.069372806156,8080.200000000001
4552,M19411,M,302.6,310.5,1524,33.7,204,0,0,0,0,0,0,7.899999999999977,5378.280959239582,6874.8
4553,M19412,M,302.7,310.5,1880,22.7,207,0,0,0,0,0,0,7.800000000000011,4469.0202694866,4698.9
4554,L51733,L,302.6,310.5,1461,45.4,0,0,0,0,0,0,0,7.899999999999977,6945.99852523396,0.0
4555,L51734,L,302.6,310.5,1748,28.2,2,0,0,0,0,0,0,7.899999999999977,5162.013720966461,56.4
4556,L51735,L,302.7,310.6,1690,26.7,4,0,0,0,0,0,0,7.900000000000034,4725.2695102644075,106.8
4557,M19416,M,302.7,310.6,1349,51.2,6,1,0,1,0,0,0,7.900000000000034,7232.867822408757,307.20000000000005
4558,L51737,L,302.7,310.6,1686,26.3,9,0,0,0,0,0,0,7.900000000000034,4643.46243756493,236.70000000000002
4559,L51738,L,302.7,310.7,1369,47.5,11,1,0,1,0,0,0,8.0,6809.663876043675,522.5
4560,L51739,L,302.7,310.7,1433,43.7,13,0,0,0,0,0,0,8.0,6557.770977078846,568.1
4561,L51740,L,302.7,310.7,1597,41.9,15,0,0,0,0,0,0,8.0,7007.2491100034495,628.5
4562,L51741,L,302.9,310.8,1610,32.2,17,0,0,0,0,0,0,7.900000000000034,5428.881544913403,547.4000000000001
4563,L51742,L,302.7,310.7,1398,57.7,19,0,0,0,0,0,0,8.0,8447.177158825309,1096.3
4564,L51743,L,302.7,310.7,1977,20.0,21,0,0,0,0,0,0,8.0,4140.619117431347,420.0
4565,L51744,L,302.8,310.8,1516,39.5,23,0,0,0,0,0,0,8.0,6270.828376075466,908.5
4566,H33979,H,302.7,310.8,1275,55.0,25,1,0,1,0,0,0,8.100000000000023,7343.472827766141,1375.0
4567,L51746,L,302.8,310.8,1402,50.5,30,0,0,0,0,0,0,8.0,7414.263382227031,1515.0
4568,M19427,M,302.8,310.8,1451,44.7,32,0,0,0,0,0,0,8.0,6792.091901134597,1430.4
4569,M19428,M,302.7,310.8,1555,36.1,35,0,0,0,0,0,0,8.100000000000023,5878.495813519661,1263.5
4570,L51749,L,302.8,310.9,1636,35.0,38,0,0,0,0,0,0,8.099999999999966,5996.253178151718,1330.0
4571,L51750,L,302.8,310.9,1312,52.2,40,1,0,1,0,0,0,8.099999999999966,7171.879037027067,2088.0
4572,L51751,L,302.8,310.9,1708,29.8,42,0,0,0,0,0,0,8.099999999999966,5330.067983982491,1251.6000000000001
4573,M19432,M,302.9,311.0,1556,36.5,44,0,0,0,0,0,0,8.100000000000023,5947.453772265957,1606.0
4574,H33987,H,302.8,311.0,1436,43.5,47,0,0,0,0,0,0,8.199999999999989,6541.424223304667,2044.5
4575,M19434,M,302.9,311.0,1402,40.7,52,0,0,0,0,0,0,8.100000000000023,5975.455834784954,2116.4
4576,M19435,M,302.9,311.0,1437,49.9,55,0,0,0,0,0,0,8.100000000000023,7509.0661765368595,2744.5
4577,M19436,M,302.9,311.1,1926,21.8,58,0,0,0,0,0,0,8.200000000000045,4396.847414258131,1264.4
4578,L51757,L,303.0,311.2,1800,23.7,61,0,0,0,0,0,0,8.199999999999989,4467.344753404685,1445.7
4579,L51758,L,303.0,311.2,1641,32.6,63,0,0,0,0,0,0,8.199999999999989,5602.150851734391,2053.8
4580,L51759,L,303.0,311.2,1374,48.2,65,1,0,1,0,0,0,8.199999999999989,6935.254278358684,3133.0
4581,L51760,L,303.0,311.2,1494,37.0,67,0,0,0,0,0,0,8.199999999999989,5788.698623504552,2479.0
4582,L51761,L,303.0,311.2,1601,32.9,69,0,0,0,0,0,0,8.199999999999989,5515.893189442326,2270.1
4583,L51762,L,302.9,311.2,1634,36.9,71,0,0,0,0,0,0,8.300000000000011,6314.035747037838,2619.9
4584,M19443,M,302.9,311.2,1467,37.7,73,0,0,0,0,0,0,8.300000000000011,5791.620304672391,2752.1000000000004
4585,L51764,L,302.8,311.1,1550,32.3,76,0,0,0,0,0,0,8.300000000000011,5242.794540065765,2454.7999999999997
4586,L51765,L,302.8,311.1,1563,32.2,78,0,0,0,0,0,0,8.300000000000011,5270.398667515309,2511.6000000000004
4587,L51766,L,302.7,310.9,1395,48.3,80,0,0,0,0,0,0,8.199999999999989,7055.860020329996,3864.0
4588,M19447,M,302.8,311.0,1507,33.4,82,0,0,0,0,0,0,8.199999999999989,5270.9432102419305,2738.7999999999997
4589,L51768,L,302.8,311.0,1564,38.5,85,0,0,0,0,0,0,8.199999999999989,6305.595334775193,3272.5
4590,L51769,L,302.8,311.1,1721,30.0,87,0,0,0,0,0,0,8.300000000000011,5406.680956828034,2610.0
4591,L51770,L,302.8,311.1,1456,36.1,89,0,0,0,0,0,0,8.300000000000011,5504.237880697508,3212.9
4592,H34005,H,302.9,311.2,2102,17.8,91,0,0,0,0,0,0,8.300000000000011,3918.152469655142,1619.8
4593,L51772,L,302.9,311.1,1555,33.9,96,0,0,0,0,0,0,8.200000000000045,5520.249531255305,3254.3999999999996
4594,L51773,L,303.0,311.2,1409,41.9,98,0,0,0,0,0,0,8.199999999999989,6182.350654974865,4106.2
4595,M19454,M,303.0,311.2,1387,41.4,100,0,0,0,0,0,0,8.199999999999989,6013.196834530078,4140.0
4596,M19455,M,303.0,311.2,1460,43.9,103,0,0,0,0,0,0,8.199999999999989,6711.907984639473,4521.7
4597,L51776,L,303.0,311.2,1361,47.6,106,1,0,1,0,0,0,8.199999999999989,6784.12272776999,5045.6
4598,M19457,M,303.0,311.1,1490,43.0,108,0,0,0,0,0,0,8.100000000000023,6709.394710516601,4644.0
4599,L51778,L,303.1,311.2,1399,49.2,111,0,0,0,0,0,0,8.099999999999966,7207.944520690277,5461.200000000001
4600,L51779,L,303.1,311.1,1420,55.8,113,0,0,0,0,0,0,8.0,8297.574516661361,6305.4
4601,L51780,L,303.0,311.0,1359,44.2,115,1,0,1,0,0,0,8.0,6290.285306576699,5083.0
4602,M19461,M,303.0,311.1,1372,54.3,117,1,0,1,0,0,0,8.100000000000023,7801.579868512604,6353.099999999999
4603,M19462,M,303.0,311.0,1409,41.7,120,0,0,0,0,0,0,8.0,6152.840627982146,5004.0
4604,H34017,H,302.9,311.0,1452,58.3,123,0,0,0,0,0,0,8.100000000000023,8864.69482248739,7170.9
4605,L51784,L,302.9,311.0,1820,24.6,128,0,0,0,0,0,0,8.100000000000023,4688.512876217407,3148.8
4606,H34019,H,302.9,311.0,1469,48.7,130,0,0,0,0,0,0,8.100000000000023,7491.682697186996,6331.0
4607,L51786,L,302.9,311.1,1556,45.3,135,0,0,0,0,0,0,8.200000000000045,7381.360435168433,6115.5
4608,L51787,L,303.0,311.1,1980,20.2,137,0,0,0,0,0,0,8.100000000000023,4188.371325765912,2767.4
4609,M19468,M,303.0,311.2,1519,38.0,139,0,0,0,0,0,0,8.199999999999989,6044.633705017001,5282.0
4610,L51789,L,303.0,311.2,1456,44.0,142,0,0,0,0,0,0,8.199999999999989,6708.766391985883,6248.0
4611,L51790,L,303.1,311.2,1394,45.3,144,0,0,0,0,0,0,8.099999999999966,6612.864040247298,6523.2
4612,L51791,L,303.0,311.3,1365,56.2,146,1,0,1,0,0,0,8.300000000000011,8033.366574494459,8205.2
4613,L51792,L,303.0,311.3,2194,16.5,148,0,0,0,0,0,0,8.300000000000011,3790.959855086803,2442.0
4614,L51793,L,303.1,311.3,1403,55.6,150,0,0,0,0,0,0,8.199999999999989,8168.852993668275,8340.0
4615,H34028,H,303.0,311.2,1503,37.0,152,0,0,0,0,0,0,8.199999999999989,5823.570301959399,5624.0
4616,L51795,L,303.0,311.3,1793,29.3,157,0,0,0,0,0,0,8.300000000000011,5501.441863235814,4600.1
4617,L51796,L,303.1,311.4,1829,24.5,159,0,0,0,0,0,0,8.299999999999955,4692.544586789514,3895.5
4618,M19477,M,303.1,311.4,1831,23.3,161,0,0,0,0,0,0,8.299999999999955,4467.585608841461,3751.3
4619,M19478,M,303.0,311.3,1335,53.6,164,1,0,1,0,0,0,8.300000000000011,7493.326797342374,8790.4
4620,H34033,H,303.1,311.3,2056,19.7,167,0,0,0,0,0,0,8.199999999999989,4241.485185562603,3289.9
4621,L51800,L,303.1,311.3,1336,52.6,172,1,0,1,0,0,0,8.199999999999989,7359.0341833769235,9047.2
4622,L51801,L,303.0,311.2,1341,51.0,174,1,0,1,0,0,0,8.199999999999989,7161.888772388651,8874.0
4623,M19482,M,303.0,311.1,1526,37.3,176,0,0,0,0,0,0,8.100000000000023,5960.62751746001,6564.799999999999
4624,L51803,L,303.0,311.1,1525,40.7,179,0,0,0,0,0,0,8.100000000000023,6499.693400889483,7285.3
4625,M19484,M,303.0,311.1,1428,39.8,181,0,0,0,0,0,0,8.100000000000023,5951.684450372791,7203.799999999999
4626,L51805,L,303.0,311.2,1511,45.7,184,0,0,0,0,0,0,8.199999999999989,7231.18183435133,8408.800000000001
4627,L51806,L,303.0,311.2,1664,29.8,186,0,0,0,0,0,0,8.199999999999989,5192.759441069593,5542.8
4628,M19487,M,303.0,311.2,1592,38.9,188,0,0,0,0,0,0,8.199999999999989,6485.168770854385,7313.2
4629,M19488,M,303.0,311.1,1597,36.7,191,0,0,0,0,0,0,8.100000000000023,6137.614375587747,7009.700000000001
4630,L51809,L,303.0,311.2,1735,26.1,194,0,0,0,0,0,0,8.199999999999989,4742.077030961113,5063.400000000001
4631,L51810,L,302.9,311.2,1751,23.8,196,0,0,0,0,0,0,8.300000000000011,4364.070130905678,4664.8
4632,L51811,L,303.0,311.2,1383,44.6,198,0,0,0,0,0,0,8.199999999999989,6459.30299133983,8830.800000000001
4633,M19492,M,302.9,311.2,1330,53.7,200,1,0,1,0,0,0,8.300000000000011,7479.18963040122,10740.0
4634,L51813,L,303.0,311.2,1382,50.5,203,0,0,0,0,0,0,8.199999999999989,7308.496429556175,10251.5
4635,L51814,L,303.0,311.2,1755,30.4,205,0,0,0,0,0,0,8.199999999999989,5587.008375144088,6232.0
4636,M19495,M,303.0,311.2,1614,35.7,207,0,0,0,0,0,0,8.199999999999989,6033.9313460437725,7389.900000000001
4637,L51816,L,303.0,311.3,1466,43.0,210,0,0,0,0,0,0,8.300000000000011,6601.3239232331125,9030.0
4638,M19497,M,303.1,311.3,1847,24.7,212,0,0,0,0,0,0,8.199999999999989,4777.4094763384865,5236.4
4639,L51818,L,303.1,311.3,1474,34.8,215,0,0,0,0,0,0,8.199999999999989,5371.620782813971,7481.999999999999
4640,L51819,L,303.1,311.3,1657,31.8,217,0,0,0,0,0,0,8.199999999999989,5517.956168618184,6900.6
4641,L51820,L,303.1,311.2,1435,40.1,219,0,0,0,0,0,0,8.099999999999966,6025.941228728142,8781.9
4642,H34055,H,303.1,311.3,1494,42.7,221,0,0,0,0,0,0,8.199999999999989,6680.471114152551,9436.7
4643,L51822,L,303.2,311.4,1238,54.6,226,1,0,1,0,1,0,8.199999999999989,7078.5109033623785,12339.6
4644,L51823,L,303.2,311.4,1324,54.2,228,1,0,1,0,1,0,8.199999999999989,7514.773403190881,12357.6
4645,L51824,L,303.2,311.4,1514,41.2,230,0,0,0,0,0,0,8.199999999999989,6532.083221147994,9476.0
4646,L51825,L,303.3,311.4,1732,25.6,232,0,0,0,0,0,0,8.099999999999966,4643.190166201619,5939.200000000001
4647,L51826,L,303.3,311.4,1497,46.0,234,1,1,0,0,0,0,8.099999999999966,7211.211777050011,10764.0
4648,L51827,L,303.3,311.4,1958,21.5,0,0,0,0,0,0,0,8.099999999999966,4408.387531272318,0.0
4649,L51828,L,303.3,311.4,1630,32.5,2,0,0,0,0,0,0,8.099999999999966,5547.5290274639765,65.0
4650,M19509,M,303.3,311.4,1395,59.1,4,0,0,0,0,0,0,8.099999999999966,8633.567850962789,236.4
4651,L51830,L,303.3,311.4,1658,30.5,7,0,0,0,0,0,0,8.099999999999966,5295.573296646075,213.5
4652,L51831,L,303.2,311.4,1349,51.1,9,1,0,1,0,0,0,8.199999999999989,7218.741127443115,459.90000000000003
4653,L51832,L,303.1,311.2,1452,52.9,11,0,0,0,0,0,0,8.099999999999966,8043.608166545163,581.9
4654,M19513,M,303.1,311.1,1594,35.5,13,0,0,0,0,0,0,8.0,5925.776782956187,461.5
4655,M19514,M,303.1,311.0,1510,47.6,16,0,0,0,0,0,0,7.899999999999977,7526.837118980666,761.6
4656,L51835,L,303.1,311.1,1854,22.6,19,0,0,0,0,0,0,8.0,4387.799627415792,429.40000000000003
4657,L51836,L,303.1,311.2,1626,32.3,21,0,0,0,0,0,0,8.099999999999966,5499.860594933507,678.3
4658,L51837,L,303.1,311.2,1628,35.2,23,0,0,0,0,0,0,8.099999999999966,6001.028398985175,809.6
4659,L51838,L,303.1,311.2,1679,34.8,25,0,0,0,0,0,0,8.099999999999966,6118.691515837624,869.9999999999999
4660,M19519,M,303.1,311.2,1489,44.5,27,0,0,0,0,0,0,8.099999999999966,6938.783334106216,1201.5
4661,L51840,L,303.2,311.2,1439,43.9,30,0,0,0,0,0,0,8.0,6615.366842394658,1317.0
4662,L51841,L,303.3,311.3,1350,48.1,32,1,0,1,0,0,0,8.0,6799.977298695107,1539.2
4663,H34076,H,303.3,311.2,1607,31.7,34,0,0,0,0,0,0,7.899999999999977,5334.623293330196,1077.8
4664,L51843,L,303.3,311.3,1389,53.9,39,0,0,0,0,0,0,8.0,7840.064378519079,2102.1
4665,M19524,M,303.3,311.3,1566,46.1,41,0,0,0,0,0,0,8.0,7559.99139345155,1890.1000000000001
4666,M19525,M,303.4,311.4,1307,54.0,44,1,0,1,0,0,0,8.0,7390.910876835347,2376.0
4667,M19526,M,303.3,311.5,1569,36.6,47,0,0,0,0,0,0,8.199999999999989,6013.57382564851,1720.2
4668,H34081,H,303.3,311.4,1651,30.6,50,0,0,0,0,0,0,8.099999999999966,5290.504860498284,1530.0
4669,H34082,H,303.3,311.4,1692,27.9,55,0,0,0,0,0,0,8.099999999999966,4943.484535982754,1534.5
4670,M19529,M,303.3,311.5,1373,47.3,60,1,0,1,0,0,0,8.199999999999989,6800.804584760552,2838.0
4671,L51850,L,303.2,311.4,1610,35.5,63,0,0,0,0,0,0,8.199999999999989,5985.257603864154,2236.5
4672,L51851,L,303.3,311.4,1511,43.4,65,0,0,0,0,0,0,8.099999999999966,6867.249269383976,2821.0
4673,L51852,L,303.3,311.5,1412,55.6,67,0,0,0,0,0,0,8.199999999999989,8221.254759130154,3725.2000000000003
4674,L51853,L,303.4,311.5,1501,36.2,69,0,0,0,0,0,0,8.100000000000023,5690.073558132857,2497.8
4675,L51854,L,303.4,311.5,1414,44.8,71,0,0,0,0,0,0,8.100000000000023,6633.703271516111,3180.7999999999997
4676,H34089,H,303.5,311.5,1629,33.5,73,0,0,0,0,0,0,8.0,5714.714116512513,2445.5
4677,L51856,L,303.4,311.5,1879,21.3,78,0,0,0,0,0,0,8.100000000000023,4191.1673432276075,1661.4
4678,H34091,H,303.5,311.6,1466,47.0,80,0,0,0,0,0,0,8.100000000000023,7215.400567254797,3760.0
4679,H34092,H,303.6,311.7,1476,40.1,85,0,0,0,0,0,0,8.099999999999966,6198.110978120374,3408.5
4680,L51859,L,303.6,311.8,1695,30.7,90,0,0,0,0,0,0,8.199999999999989,5449.249537284176,2763.0
4681,L51860,L,303.6,311.7,1491,39.8,92,0,0,0,0,0,0,8.099999999999966,6214.258764359825,3661.6
4682,M19541,M,303.6,311.8,1659,34.7,94,0,0,0,0,0,0,8.199999999999989,6028.43355889999,3261.8
4683,L51862,L,303.6,311.8,1567,31.7,97,0,0,0,0,0,0,8.199999999999989,5201.838643838468,3074.9
4684,L51863,L,303.6,311.8,1736,32.9,99,0,0,0,0,0,0,8.199999999999989,5981.0059818062955,3257.1
4685,M19544,M,303.6,311.8,1421,44.8,101,1,0,0,0,0,0,8.199999999999989,6666.543386721636,4524.799999999999
4686,M19545,M,303.6,311.8,1627,30.8,104,0,0,0,0,0,0,8.199999999999989,5247.674480654342,3203.2000000000003
4687,M19546,M,303.5,311.6,1562,34.2,107,0,0,0,0,0,0,8.100000000000023,5594.171206394272,3659.4
4688,L51867,L,303.5,311.6,2183,17.0,110,0,0,0,0,0,0,8.100000000000023,3886.2548322456937,1870.0
4689,L51868,L,303.5,311.6,1577,38.1,112,0,0,0,0,0,0,8.100000000000023,6291.9503506831015,4267.2
4690,M19549,M,303.4,311.5,1560,36.4,114,0,0,0,0,0,0,8.100000000000023,5946.40657471476,4149.599999999999
4691,M19550,M,303.4,311.5,1483,43.0,117,0,0,0,0,0,0,8.100000000000023,6677.874064225583,5031.0
4692,L51871,L,303.5,311.5,1535,33.3,120,0,0,0,0,0,0,8.0,5352.802642818968,3995.9999999999995
4693,M19552,M,303.4,311.4,1606,29.6,122,0,0,0,0,0,0,8.0,4978.125830976339,3611.2000000000003
4694,M19553,M,303.4,311.5,1817,24.7,125,0,0,0,0,0,0,8.100000000000023,4699.812137794818,3087.5
4695,L51874,L,303.4,311.5,1424,50.8,128,0,0,0,0,0,0,8.100000000000023,7575.343309552091,6502.4
4696,L51875,L,303.3,311.6,1514,34.7,130,0,0,0,0,0,0,8.300000000000011,5501.536111015422,4511.0
4697,L51876,L,303.4,311.6,1449,41.7,132,0,0,0,0,0,0,8.200000000000045,6327.5131795217385,5504.400000000001
4698,M19557,M,303.5,311.6,1573,34.0,134,0,0,0,0,0,0,8.100000000000023,5600.621943309644,4556.0
4699,L51878,L,303.4,311.6,1564,41.9,137,0,0,0,0,0,0,8.200000000000045,6862.453104599495,5740.3
4700,L51879,L,303.5,311.6,1428,46.2,139,0,0,0,0,0,0,8.100000000000023,6908.739236362386,6421.8
4701,L51880,L,303.5,311.7,1620,31.0,141,0,0,0,0,0,0,8.199999999999989,5259.026102109314,4371.0
4702,H34115,H,303.5,311.7,1584,32.7,143,0,0,0,0,0,0,8.199999999999989,5424.148211981993,4676.1
4703,L51882,L,303.6,311.8,1222,66.8,148,1,0,1,0,0,0,8.199999999999989,8548.231722515779,9886.4
4704,M19563,M,303.6,311.8,1432,42.5,150,0,0,0,0,0,0,8.199999999999989,6373.244296582493,6375.0
4705,L51884,L,303.7,311.9,1561,33.3,153,0,0,0,0,0,0,8.199999999999989,5443.46900680157,5094.9
4706,L51885,L,303.6,311.8,1614,33.2,155,0,0,0,0,0,0,8.199999999999989,5611.3871341359445,5146.0
4707,L51886,L,303.5,311.7,1959,22.3,157,0,0,0,0,0,0,8.199999999999989,4574.755806230921,3501.1
4708,L51887,L,303.5,311.8,1944,23.5,159,0,0,0,0,0,0,8.300000000000011,4784.017292886537,3736.5
4709,L51888,L,303.4,311.7,1793,25.8,161,0,0,0,0,0,0,8.300000000000011,4844.2730399823895,4153.8
4710,M19569,M,303.4,311.6,1446,50.0,163,0,0,0,0,0,0,8.200000000000045,7571.238295151401,8150.0
4711,L51890,L,303.4,311.7,1673,32.2,166,0,0,0,0,0,0,8.300000000000011,5641.316040149144,5345.200000000001
4712,M19571,M,303.4,311.7,1515,44.2,168,0,0,0,0,0,0,8.300000000000011,7012.348962077777,7425.6
4713,L51892,L,303.4,311.8,1564,35.9,171,0,0,0,0,0,0,8.400000000000034,5879.762922556609,6138.9
4714,L51893,L,303.5,311.8,1451,45.2,173,0,0,0,0,0,0,8.300000000000011,6868.066083473909,7819.6
4715,H34128,H,303.4,311.8,1693,28.3,175,0,0,0,0,0,0,8.400000000000034,5017.3224353176265,4952.5
4716,L51895,L,303.4,311.7,1476,42.3,180,0,0,0,0,0,0,8.300000000000011,6538.156966944933,7613.999999999999
4717,L51896,L,303.4,311.6,1712,30.1,182,0,0,0,0,0,0,8.200000000000045,5396.334645022212,5478.2
4718,M19577,M,303.4,311.6,1425,45.4,184,0,0,0,0,0,0,8.200000000000045,6774.844557466388,8353.6
4719,L51898,L,303.3,311.6,1337,56.8,187,1,0,1,0,0,0,8.300000000000011,7952.585755395153,10621.6
4720,M19579,M,303.4,311.7,1690,34.9,189,0,0,0,0,0,0,8.300000000000011,6176.475876712652,6596.099999999999
4721,M19580,M,303.4,311.7,1353,44.1,192,1,0,1,0,0,0,8.300000000000011,6248.345044651275,8467.2
4722,L51901,L,303.5,311.8,1927,21.9,195,0,0,0,0,0,0,8.300000000000011,4419.309801731297,4270.5
4723,M19582,M,303.4,311.8,1391,42.7,197,0,0,0,0,0,0,8.400000000000034,6219.903159160776,8411.900000000001
4724,L51903,L,303.4,311.8,1366,50.9,200,1,0,1,0,0,0,8.400000000000034,7281.101741616872,10180.0
4725,L51904,L,303.4,311.9,1771,31.6,202,0,0,0,0,0,0,8.5,5860.494487614592,6383.200000000001
4726,M19585,M,303.4,311.8,1515,42.6,204,0,0,0,0,0,0,8.400000000000034,6758.508275667722,8690.4
4727,M19586,M,303.4,311.8,2133,18.3,207,0,0,0,0,0,0,8.400000000000034,4087.6204493652876,3788.1000000000004
4728,M19587,M,303.4,311.8,1341,47.0,210,1,0,1,0,0,0,8.400000000000034,6600.172005926796,9870.0
4729,L51908,L,303.4,311.7,1406,47.1,213,0,0,0,0,0,0,8.300000000000011,6934.814455387182,10032.300000000001
4730,L51909,L,303.4,311.8,1306,61.0,215,1,0,1,0,1,0,8.400000000000034,8342.604011362815,13115.0
4731,L51910,L,303.3,311.7,1508,35.5,217,0,0,0,0,0,0,8.399999999999977,5606.067370575866,7703.5
4732,L51911,L,303.3,311.6,1301,45.1,219,1,0,1,0,0,0,8.300000000000011,6144.442103621549,9876.9
4733,L51912,L,303.3,311.7,1539,38.5,221,0,0,0,0,0,0,8.399999999999977,6204.8025704725205,8508.5
4734,L51913,L,303.3,311.6,1484,44.6,223,0,0,0,0,0,0,8.300000000000011,6931.02360025185,9945.800000000001
4735,L51914,L,303.2,311.5,1507,39.2,225,0,0,0,0,0,0,8.300000000000011,6186.256701840829,8820.0
4736,L51915,L,303.2,311.5,1544,42.5,227,0,0,0,0,0,0,8.300000000000011,6871.7103309520735,9647.5
4737,L51916,L,303.2,311.5,1513,37.9,0,0,0,0,0,0,0,8.300000000000011,6004.913501900114,0.0
4738,M19597,M,303.2,311.5,1336,58.2,2,1,0,1,0,0,0,8.300000000000011,8142.505503280168,116.4
4739,M19598,M,303.2,311.4,2102,19.0,5,0,0,0,0,0,0,8.199999999999989,4182.297579968972,95.0
4740,L51919,L,303.2,311.4,1351,53.8,8,1,0,1,0,0,0,8.199999999999989,7611.429737166327,430.4
4741,L51920,L,303.3,311.5,1601,35.2,10,0,0,0,0,0,0,8.199999999999989,5901.50274371945,352.0
4742,L51921,L,303.2,311.3,1393,52.9,12,0,0,0,0,0,0,8.100000000000023,7716.767338841192,634.8
4743,L51922,L,303.3,311.3,1592,33.7,14,0,0,0,0,0,0,8.0,5618.256750071794,471.80000000000007
4744,L51923,L,303.3,311.3,1409,51.8,16,0,0,0,0,0,0,8.0,7643.096991114511,828.8
4745,L51924,L,303.3,311.3,1393,47.4,18,0,0,0,0,0,0,8.0,6914.456934991918,853.1999999999999
4746,H34159,H,303.2,311.2,1475,43.1,20,0,0,0,0,0,0,8.0,6657.296632344571,862.0
4747,L51926,L,303.2,311.2,1427,45.6,25,0,0,0,0,0,0,8.0,6814.240129342405,1140.0
4748,L51927,L,303.3,311.2,1763,27.3,27,0,0,0,0,0,0,7.899999999999977,5040.1513419337125,737.1
4749,L51928,L,303.2,311.2,1363,46.7,29,1,0,1,0,0,0,8.0,6665.632324852096,1354.3000000000002
4750,L51929,L,303.2,311.2,1404,50.9,31,0,0,0,0,0,0,8.0,7483.6506919693165,1577.8999999999999
4751,M19610,M,303.2,311.2,1688,31.9,33,0,0,0,0,0,0,8.0,5638.865597879343,1052.7
4752,L51931,L,303.3,311.4,1510,37.3,36,0,0,0,0,0,0,8.099999999999966,5898.130767604596,1342.8
4753,H34166,H,303.3,311.3,1502,39.5,38,0,0,0,0,0,0,8.0,6212.918351494294,1501.0
4754,H34167,H,303.2,311.4,1607,36.6,43,0,0,0,0,0,0,8.199999999999989,6159.218061068933,1573.8
4755,M19614,M,303.3,311.5,1384,54.8,48,0,0,0,0,0,0,8.199999999999989,7942.281331491379,2630.3999999999996
4756,L51935,L,303.4,311.7,1295,51.3,51,1,0,1,0,0,0,8.300000000000011,6956.899851741917,2616.2999999999997
4757,H34170,H,303.4,311.7,1991,19.0,53,0,0,0,0,0,0,8.300000000000011,3961.4436164216095,1007.0
4758,L51937,L,303.4,311.6,1497,42.8,58,0,0,0,0,0,0,8.200000000000045,6709.562262124792,2482.3999999999996
4759,L51938,L,303.5,311.6,1465,48.7,60,0,0,0,0,0,0,8.100000000000023,7471.2832888896855,2922.0
4760,L51939,L,303.5,311.6,1361,46.5,62,1,0,1,0,0,0,8.100000000000023,6627.346782380348,2883.0
4761,L51940,L,303.6,311.7,1546,38.5,64,0,0,0,0,0,0,8.099999999999966,6233.024544477269,2464.0
4762,H34175,H,303.7,311.9,1332,52.7,66,1,0,1,0,0,0,8.199999999999989,7350.949818281686,3478.2000000000003
4763,M19622,M,303.7,312.0,2663,11.4,71,1,0,0,1,0,0,8.300000000000011,3179.1032698736553,809.4
4764,L51943,L,303.7,312.1,1443,45.9,74,0,0,0,0,0,0,8.400000000000034,6935.976844669009,3396.6
4765,M19624,M,303.7,312.0,1402,48.6,76,0,0,0,0,0,0,8.300000000000011,7135.310898539281,3693.6
4766,L51945,L,303.7,312.0,1892,22.5,79,0,0,0,0,0,0,8.300000000000011,4457.919975443916,1777.5
4767,M19626,M,303.6,312.0,1645,35.7,81,0,0,0,0,0,0,8.399999999999977,6149.8246990347,2891.7000000000003
4768,L51947,L,303.6,311.9,1473,50.1,84,0,0,0,0,0,0,8.299999999999955,7728.035184492068,4208.400000000001
4769,L51948,L,303.6,312.0,1309,52.9,86,1,0,1,0,0,0,8.399999999999977,7251.434634991471,4549.4
4770,H34183,H,303.6,311.9,1544,37.1,88,0,0,0,0,0,0,8.299999999999955,5998.598900666399,3264.8
4771,L51950,L,303.5,311.9,1344,49.3,93,1,0,1,0,0,0,8.399999999999977,6938.64719842456,4584.9
4772,M19631,M,303.6,311.9,1617,36.0,95,0,0,0,0,0,0,8.299999999999955,6095.946385025634,3420.0
4773,M19632,M,303.6,312.0,1435,37.9,98,0,0,0,0,0,0,8.399999999999977,5695.3409618153755,3714.2
4774,L51953,L,303.6,312.0,1391,50.3,101,0,0,0,0,0,0,8.399999999999977,7326.958522383771,5080.299999999999
4775,L51954,L,303.6,312.0,1827,23.3,103,0,0,0,0,0,0,8.399999999999977,4457.825727664308,2399.9
4776,L51955,L,303.5,312.0,1761,25.8,105,0,0,0,0,0,0,8.5,4757.8164101555985,2709.0
4777,L51956,L,303.5,312.1,1522,36.4,107,0,0,0,0,0,0,8.600000000000023,5801.558209433247,3894.7999999999997
4778,M19637,M,303.5,312.2,1818,23.6,109,0,0,0,0,0,0,8.699999999999989,4492.980149457979,2572.4
4779,H34192,H,303.6,312.2,1371,54.6,112,1,0,1,0,0,0,8.599999999999966,7838.964821090324,6115.2
4780,L51959,L,303.7,312.3,1511,38.9,117,0,0,0,0,0,0,8.600000000000023,6155.20729444785,4551.3
4781,L51960,L,303.7,312.4,1404,46.6,119,0,0,0,0,0,0,8.699999999999989,6851.436586360908,5545.400000000001
4782,L51961,L,303.7,312.3,1384,45.9,121,0,0,0,0,0,0,8.600000000000023,6652.385275829458,5553.9
4783,L51962,L,303.8,312.5,1368,52.6,123,0,0,0,0,0,0,8.699999999999989,7535.298475194334,6469.8
4784,L51963,L,303.7,312.5,1641,36.0,125,0,0,0,0,0,0,8.800000000000011,6186.42425344902,4500.0
4785,L51964,L,303.9,312.6,1642,32.3,127,0,0,0,0,0,0,8.700000000000045,5553.979764379347,4102.099999999999
4786,H34199,H,303.9,312.7,1401,50.0,129,0,0,0,0,0,0,8.800000000000011,7335.618846132166,6450.0
4787,L51966,L,303.8,312.6,1577,41.3,134,0,0,0,0,0,0,8.800000000000011,6820.408122918952,5534.2
4788,L51967,L,303.7,312.6,1396,44.1,136,0,0,0,0,0,0,8.900000000000034,6446.925116284686,5997.6
4789,H34202,H,303.7,312.6,1514,35.5,138,0,0,0,0,0,0,8.900000000000034,5628.372678416354,4899.0
4790,L51969,L,303.8,312.8,1646,35.8,143,0,0,0,0,0,0,9.0,6170.800065985167,5119.4
4791,L51970,L,303.8,312.8,1443,40.7,145,0,0,0,0,0,0,9.0,6150.201690153131,5901.5
4792,M19651,M,303.7,312.7,1469,48.5,147,0,0,0,0,0,0,9.0,7460.916033132839,7129.5
4793,H34206,H,303.7,312.7,1564,40.2,150,0,0,0,0,0,0,9.0,6584.024219687345,6030.0
4794,H34207,H,303.6,312.6,1498,40.2,155,0,0,0,0,0,0,9.0,6306.181765403864,6231.0
4795,L51974,L,303.6,312.6,1699,27.9,160,0,0,0,0,0,0,9.0,4963.936304157624,4464.0
4796,L51975,L,303.6,312.5,1431,49.0,162,0,0,0,0,0,0,8.899999999999977,7342.844509235423,7938.0
4797,L51976,L,303.5,312.4,1390,47.3,164,0,0,0,0,0,0,8.899999999999977,6885.00973985227,7757.2
4798,L51977,L,303.5,312.5,1380,46.1,166,0,0,0,0,0,0,9.0,6662.061381202515,7652.6
4799,L51978,L,303.5,312.5,1457,46.4,168,0,0,0,0,0,0,9.0,7079.558100913575,7795.2
4800,L51979,L,303.5,312.5,1418,42.2,170,0,0,0,0,0,0,9.0,6266.3882584583935,7174.000000000001
4801,M19660,M,303.5,312.5,1353,51.0,172,0,0,0,0,0,0,9.0,7225.977262521883,8772.0
4802,L51981,L,303.5,312.4,1574,32.7,175,0,0,0,0,0,0,8.899999999999977,5389.904852057864,5722.500000000001
4803,M19662,M,303.5,312.4,1318,54.2,177,0,0,0,0,0,0,8.899999999999977,7480.718538825968,9593.4
4804,L51983,L,303.6,312.5,1710,31.4,180,0,0,0,0,0,0,8.899999999999977,5622.8225313950115,5652.0
4805,L51984,L,303.7,312.6,1621,38.8,182,0,0,0,0,0,0,8.900000000000034,6586.328054299976,7061.599999999999
4806,L51985,L,303.6,312.6,1606,33.6,184,0,0,0,0,0,0,9.0,5650.845537865033,6182.400000000001
4807,H34220,H,303.6,312.5,1375,54.0,186,0,0,0,0,0,0,8.899999999999977,7775.441817634738,10044.0
4808,L51987,L,303.5,312.4,1503,36.5,191,0,0,0,0,0,0,8.899999999999977,5744.873405986975,6971.5
4809,L51988,L,303.5,312.3,1404,48.6,193,0,0,0,0,0,0,8.800000000000011,7145.489658736913,9379.800000000001
4810,L51989,L,303.4,312.2,1656,32.7,195,0,0,0,0,0,0,8.800000000000011,5670.700403435721,6376.500000000001
4811,M19670,M,303.4,312.1,1499,39.4,197,0,0,0,0,0,0,8.700000000000045,6184.811569220177,7761.799999999999
4812,M19671,M,303.4,312.0,1748,28.4,200,0,0,0,0,0,0,8.600000000000023,5198.623747356293,5680.0
4813,L51992,L,303.4,311.9,1531,37.9,203,0,0,0,0,0,0,8.5,6076.353318842746,7693.7
4814,M19673,M,303.3,311.8,1536,40.6,205,0,0,0,0,0,0,8.5,6530.491480870175,8323.0
4815,L51994,L,303.4,311.8,1401,53.0,208,1,0,0,0,1,0,8.400000000000034,7775.755976900096,11024.0
4816,H34229,H,303.4,311.9,1534,33.2,210,0,0,0,0,0,0,8.5,5333.251464538129,6972.000000000001
4817,L51996,L,303.4,312.0,1521,35.9,215,1,1,0,0,0,0,8.600000000000023,5718.10703657839,7718.5
4818,L51997,L,303.5,312.1,1674,30.8,0,0,0,0,0,0,0,8.600000000000023,5399.266798165562,0.0
4819,M19678,M,303.6,312.1,1967,20.9,2,0,0,0,0,0,0,8.5,4305.060548895748,41.8
4820,L51999,L,303.6,312.2,1696,30.7,5,0,0,0,0,0,0,8.599999999999966,5452.4644337663485,153.5
4821,M19680,M,303.6,312.1,1627,32.5,7,0,0,0,0,0,0,8.5,5537.318851339809,227.5
4822,L52001,L,303.5,311.9,1405,45.6,10,0,0,0,0,0,0,8.399999999999977,6709.185271006362,456.0
4823,L52002,L,303.5,311.9,1565,38.9,12,0,0,0,0,0,0,8.399999999999977,6375.181612052207,466.79999999999995
4824,L52003,L,303.5,311.9,1493,38.7,14,0,0,0,0,0,0,8.399999999999977,6050.613203034334,541.8000000000001
4825,L52004,L,303.4,311.8,1499,45.0,16,0,0,0,0,0,0,8.400000000000034,7063.87108159665,720.0
4826,L52005,L,303.3,311.8,1692,30.6,18,0,0,0,0,0,0,8.5,5421.886265271409,550.8000000000001
4827,L52006,L,303.4,311.8,2268,15.8,20,0,0,0,0,0,0,8.400000000000034,3752.569592859936,316.0
4828,L52007,L,303.4,311.8,1438,58.9,22,0,0,0,0,0,0,8.400000000000034,8869.574763075967,1295.8
4829,L52008,L,303.5,311.9,1515,39.2,24,0,0,0,0,0,0,8.399999999999977,6219.096817046355,940.8000000000001
4830,L52009,L,303.4,311.9,1491,38.2,26,0,0,0,0,0,0,8.5,5964.439316546366,993.2
4831,L52010,L,303.5,312.0,1756,29.7,28,0,0,0,0,0,0,8.5,5461.470332706639,831.6
4832,L52011,L,303.5,312.0,1366,54.5,30,1,0,1,0,0,0,8.5,7796.071609393311,1635.0
4833,L52012,L,303.5,312.0,1436,45.1,32,0,0,0,0,0,0,8.5,6782.028332667597,1443.2
4834,L52013,L,303.4,311.9,1377,41.6,34,1,0,1,0,0,0,8.5,5998.682676470495,1414.4
4835,M19694,M,303.4,311.9,1510,42.2,36,0,0,0,0,0,0,8.5,6672.952235734961,1519.2
4836,M19695,M,303.4,311.9,1419,50.9,39,0,0,0,0,0,0,8.5,7563.604225003177,1985.1
4837,L52016,L,303.3,311.8,1315,62.0,42,1,0,1,0,0,0,8.5,8537.80163490586,2604.0
4838,H34251,H,303.3,311.8,1806,27.7,44,0,0,0,0,0,0,8.5,5238.731413567123,1218.8
4839,H34252,H,303.3,311.8,1649,29.4,49,0,0,0,0,0,0,8.5,5076.876560054177,1440.6
4840,H34253,H,303.4,311.9,1402,50.0,54,0,0,0,0,0,0,8.5,7340.854833888149,2700.0
4841,L52020,L,303.4,311.9,1298,63.9,59,1,0,1,0,0,0,8.5,8685.686873085844,3770.1
4842,M19701,M,303.3,311.8,1441,44.9,61,0,0,0,0,0,0,8.5,6775.462404021595,2738.9
4843,M19702,M,303.3,311.8,1489,49.4,64,0,0,0,0,0,0,8.5,7702.829139434764,3161.6
4844,L52023,L,303.3,311.8,1842,24.5,67,0,0,0,0,0,0,8.5,4725.897828795126,1641.5
4845,M19704,M,303.4,311.8,1316,50.9,69,1,0,1,0,0,0,8.400000000000034,7014.589964837337,3512.1
4846,M19705,M,303.3,311.8,1583,33.3,72,0,0,0,0,0,0,8.5,5520.186699402232,2397.6
4847,M19706,M,303.3,311.8,1548,33.5,75,0,0,0,0,0,0,8.5,5430.5570609953165,2512.5
4848,L52027,L,303.4,311.9,1434,44.6,78,0,0,0,0,0,0,8.5,6697.498546335008,3478.8
4849,H34262,H,303.5,312.0,1397,52.9,80,0,0,0,0,0,0,8.5,7738.926039024513,4232.0
4850,M19709,M,303.5,312.0,1475,42.9,85,0,0,0,0,0,0,8.5,6626.404304584271,3646.5
4851,L52030,L,303.5,312.0,1441,56.8,88,0,0,0,0,0,0,8.5,8571.186292838009,4998.4
4852,L52031,L,303.7,312.1,1363,51.8,90,1,0,1,0,0,0,8.400000000000034,7393.570758615386,4662.0
4853,L52032,L,303.7,312.2,1619,34.9,92,0,0,0,0,0,0,8.5,5916.990795501648,3210.7999999999997
4854,L52033,L,303.7,312.2,1487,34.0,94,0,0,0,0,0,0,8.5,5294.4213793397585,3196.0
4855,L52034,L,303.7,312.2,1568,33.8,96,0,0,0,0,0,0,8.5,5549.979469733776,3244.7999999999997
4856,L52035,L,303.7,312.3,1375,46.2,98,0,0,0,0,0,0,8.600000000000023,6652.322443976387,4527.6
4857,M19716,M,303.6,312.3,1698,31.3,100,0,0,0,0,0,0,8.699999999999989,5565.582713246606,3130.0
4858,L52037,L,303.7,312.3,1606,37.4,103,0,0,0,0,0,0,8.600000000000023,6289.929259409291,3852.2
4859,L52038,L,303.7,312.3,1349,51.0,105,0,0,0,0,0,0,8.600000000000023,7204.614432477472,5355.0
4860,L52039,L,303.7,312.4,1535,38.6,107,0,0,0,0,0,0,8.699999999999989,6204.750210594961,4130.2
4861,M19720,M,303.6,312.4,1504,49.5,109,0,0,0,0,0,0,8.799999999999955,7796.17632914843,5395.5
4862,L52041,L,303.5,312.3,1946,21.1,112,0,0,0,0,0,0,8.800000000000011,4299.855977066302,2363.2000000000003
4863,L52042,L,303.5,312.1,1326,55.7,114,0,0,0,0,0,0,8.600000000000023,7734.412617578854,6349.8
4864,M19723,M,303.6,312.3,1915,22.3,116,0,0,0,0,0,0,8.699999999999989,4472.004782507511,2586.8
4865,L52044,L,303.6,312.3,1451,43.4,119,0,0,0,0,0,0,8.699999999999989,6594.559027052383,5164.599999999999
4866,M19725,M,303.5,312.3,1624,34.8,121,0,0,0,0,0,0,8.800000000000011,5918.2579045385955,4210.799999999999
4867,L52046,L,303.6,312.4,1781,28.7,124,0,0,0,0,0,0,8.799999999999955,5352.718867014873,3558.7999999999997
4868,L52047,L,303.6,312.5,1345,54.1,126,0,0,0,0,0,0,8.899999999999977,7619.8806214044835,6816.6
4869,L52048,L,303.6,312.4,1418,46.0,128,0,0,0,0,0,0,8.799999999999955,6830.660186945167,5888.0
4870,L52049,L,303.7,312.4,1718,26.5,130,0,0,0,0,0,0,8.699999999999989,4767.57629133275,3445.0
4871,M19730,M,303.7,312.4,1631,28.5,132,0,0,0,0,0,0,8.699999999999989,4867.740737104705,3762.0
4872,L52051,L,303.7,312.4,1513,40.1,135,0,0,0,0,0,0,8.699999999999989,6353.483678791414,5413.5
4873,L52052,L,303.7,312.4,1316,59.3,137,0,0,0,0,0,0,8.699999999999989,8172.204025832105,8124.099999999999
4874,M19733,M,303.7,312.4,1474,38.8,139,0,0,0,0,0,0,8.699999999999989,5989.048458999485,5393.2
4875,L52054,L,303.8,312.5,1619,30.9,142,0,0,0,0,0,0,8.699999999999989,5238.825661346731,4387.8
4876,L52055,L,303.7,312.4,1702,31.2,144,0,0,0,0,0,0,8.699999999999989,5560.870324266221,4492.8
4877,M19736,M,303.7,312.4,1540,37.4,146,0,0,0,0,0,0,8.699999999999989,6031.439015871924,5460.4
4878,M19737,M,303.7,312.4,1546,33.7,149,0,0,0,0,0,0,8.699999999999989,5455.920185685298,5021.3
4879,L52058,L,303.7,312.4,1348,51.0,152,0,0,0,0,0,0,8.699999999999989,7199.27372496637,7752.0
4880,H34293,H,303.7,312.5,1520,35.6,154,0,0,0,0,0,0,8.800000000000011,5666.595389035029,5482.400000000001
4881,M19740,M,303.8,312.6,1527,41.9,159,0,0,0,0,0,0,8.800000000000011,6700.106068237487,6662.099999999999
4882,M19741,M,303.8,312.6,1406,47.1,162,0,0,0,0,0,0,8.800000000000011,6934.814455387182,7630.2
4883,L52062,L,303.7,312.5,1462,46.2,165,0,0,0,0,0,0,8.800000000000011,7073.233027704348,7623.000000000001
4884,M19743,M,303.8,312.6,1684,29.3,167,0,0,0,0,0,0,8.800000000000011,5166.998381310157,4893.1
4885,H34298,H,303.8,312.5,1655,28.0,170,0,0,0,0,0,0,8.699999999999989,4852.713452245033,4760.0
4886,H34299,H,303.8,312.5,1748,25.1,175,0,0,0,0,0,0,8.699999999999989,4594.558311924048,4392.5
4887,L52066,L,303.8,312.5,1372,45.7,180,0,0,0,0,0,0,8.699999999999989,6565.970533904715,8226.0
4888,L52067,L,303.7,312.5,1481,33.3,182,0,0,0,0,0,0,8.800000000000011,5164.495579162796,6060.599999999999
4889,L52068,L,303.7,312.4,1512,39.2,184,0,0,0,0,0,0,8.699999999999989,6206.781773844283,7212.8
4890,L52069,L,303.7,312.5,1632,36.6,186,0,0,0,0,0,0,8.800000000000011,6255.036637003422,6807.6
4891,L52070,L,303.7,312.4,1525,43.9,188,0,0,0,0,0,0,8.699999999999989,7010.725805873422,8253.199999999999
4892,M19751,M,303.7,312.3,1756,26.4,190,0,0,0,0,0,0,8.600000000000023,4854.640295739235,5016.0
4893,L52072,L,303.7,312.3,1922,23.1,193,0,0,0,0,0,0,8.600000000000023,4649.3686317536785,4458.3
4894,M19753,M,303.8,312.5,1448,44.3,195,0,0,0,0,0,0,8.699999999999989,6717.395299807743,8638.5
4895,H34308,H,303.8,312.5,1447,46.6,198,0,0,0,0,0,0,8.699999999999989,7061.274031669682,9226.800000000001
4896,M19755,M,303.8,312.4,1597,33.4,203,0,0,0,0,0,0,8.599999999999966,5585.730794131628,6780.2
4897,M19756,M,303.7,312.4,1642,32.3,206,0,0,0,0,0,0,8.699999999999989,5553.979764379347,6653.799999999999
4898,H34311,H,303.8,312.5,1525,38.0,209,0,0,0,0,0,0,8.699999999999989,6068.509809184284,7942.0
4899,H34312,H,303.6,312.4,1460,53.7,214,0,0,0,0,0,0,8.799999999999955,8210.238240891566,11491.800000000001
4900,L52079,L,303.6,312.3,2168,17.7,219,0,0,0,0,0,0,8.699999999999989,4018.473995059776,3876.2999999999997
4901,L52080,L,303.6,312.4,1388,41.9,221,0,0,0,0,0,0,8.799999999999955,6090.207742445076,9259.9
4902,M19761,M,303.6,312.3,1630,32.4,223,0,0,0,0,0,0,8.699999999999989,5530.459707379471,7225.2
4903,L52082,L,303.6,312.3,1616,29.3,226,0,0,0,0,0,0,8.699999999999989,4958.354741209747,6621.8
4904,L52083,L,303.6,312.4,2232,16.8,0,0,0,0,0,0,0,8.799999999999955,3926.739489574954,0.0
4905,H34318,H,303.6,312.4,1480,50.7,2,0,0,0,0,0,0,8.799999999999955,7857.751545158791,101.4
4906,L52085,L,303.6,312.4,1363,53.1,7,0,0,0,0,0,0,8.799999999999955,7579.123692711912,371.7
4907,H34320,H,303.6,312.4,1436,45.6,9,0,0,0,0,0,0,8.799999999999955,6857.2171168435125,410.40000000000003
4908,M19767,M,303.6,312.5,1607,33.7,14,0,0,0,0,0,0,8.899999999999977,5671.192586284783,471.80000000000007
4909,M19768,M,303.6,312.5,1459,48.2,17,0,0,0,0,0,0,8.899999999999977,7364.29111508393,819.4000000000001
4910,L52089,L,303.5,312.4,1481,43.7,20,0,0,0,0,0,0,8.899999999999977,6777.431135417844,874.0
4911,M19770,M,303.5,312.4,1606,31.7,22,0,0,0,0,0,0,8.899999999999977,5331.303677092902,697.4
4912,L52091,L,303.5,312.3,1681,29.8,25,0,0,0,0,0,0,8.800000000000011,5245.810469013212,745.0
4913,L52092,L,303.5,312.2,1511,37.1,27,0,0,0,0,0,0,8.699999999999989,5870.390504473399,1001.7
4914,M19773,M,303.5,312.3,1593,35.2,29,0,0,0,0,0,0,8.800000000000011,5872.013660677754,1020.8000000000001
4915,M19774,M,303.5,312.3,1532,41.7,32,0,0,0,0,0,0,8.800000000000011,6689.958723966392,1334.4
4916,H34329,H,303.5,312.3,1386,49.0,35,0,0,0,0,0,0,8.800000000000011,7111.937449196574,1715.0
4917,H34330,H,303.4,312.3,1769,27.9,40,0,0,0,0,0,0,8.900000000000034,5168.45398590632,1116.0
4918,M19777,M,303.4,312.2,1561,38.2,45,0,0,0,0,0,0,8.800000000000011,6244.459941736336,1719.0000000000002
4919,L52098,L,303.3,312.2,1457,40.7,48,0,0,0,0,0,0,8.899999999999977,6209.871006620312,1953.6000000000001
4920,L52099,L,303.3,312.2,1506,40.0,50,0,0,0,0,0,0,8.899999999999977,6308.318048408304,2000.0
4921,L52100,L,303.4,312.2,1337,69.4,52,1,0,0,1,0,0,8.800000000000011,9716.715694091967,3608.8
4922,L52101,L,303.4,312.3,1287,54.8,54,0,0,0,0,0,0,8.900000000000034,7385.633001177315,2959.2
4923,M19782,M,303.4,312.2,1615,35.7,56,0,0,0,0,0,0,8.800000000000011,6037.669841301545,1999.2000000000003
4924,M19783,M,303.4,312.2,1972,23.5,59,0,0,0,0,0,0,8.800000000000011,4852.922891755273,1386.5
4925,H34338,H,303.4,312.3,1522,42.1,62,0,0,0,0,0,0,8.900000000000034,6710.043972998344,2610.2000000000003
4926,L52105,L,303.4,312.3,1680,30.6,67,0,0,0,0,0,0,8.900000000000034,5383.433171191469,2050.2000000000003
4927,L52106,L,303.4,312.3,1502,36.0,69,0,0,0,0,0,0,8.900000000000034,5662.406598830243,2484.0
4928,M19787,M,303.5,312.3,1543,33.3,71,0,0,0,0,0,0,8.800000000000011,5380.699985582845,2364.2999999999997
4929,L52108,L,303.5,312.3,1584,35.2,74,0,0,0,0,0,0,8.800000000000011,5838.838442255846,2604.8
4930,L52109,L,303.5,312.4,1340,44.5,76,0,0,0,0,0,0,8.899999999999977,6244.438997785312,3382.0
4931,L52110,L,303.4,312.3,1663,33.9,78,0,0,0,0,0,0,8.900000000000034,5903.649498699403,2644.2
4932,M19791,M,303.3,312.1,1693,30.0,80,0,0,0,0,0,0,8.800000000000011,5318.71636252752,2400.0
4933,L52112,L,303.3,312.1,1418,44.7,83,0,0,0,0,0,0,8.800000000000011,6637.619790357587,3710.1000000000004
4934,H34347,H,303.4,312.2,1554,36.8,85,0,0,0,0,0,0,8.800000000000011,5988.629579979007,3127.9999999999995
4935,L52114,L,303.4,312.2,1580,35.8,90,0,0,0,0,0,0,8.800000000000011,5923.368228588434,3221.9999999999995
4936,L52115,L,303.4,312.3,1479,42.8,92,0,0,0,0,0,0,8.900000000000034,6628.886162780606,3937.6
4937,L52116,L,303.5,312.4,1284,70.6,94,1,0,0,1,0,0,8.899999999999977,9492.887689499204,6636.4
4938,L52117,L,303.4,312.3,1540,38.7,96,0,0,0,0,0,0,8.900000000000034,6241.087965621484,3715.2000000000003
4939,M19798,M,303.5,312.4,1606,30.1,98,0,0,0,0,0,0,8.899999999999977,5062.215794337426,2949.8
4940,L52119,L,303.6,312.5,1286,62.4,101,0,0,0,0,0,0,8.899999999999977,8403.383357234265,6302.4
4941,L52120,L,303.6,312.6,1502,39.5,103,0,0,0,0,0,0,9.0,6212.918351494294,4068.5
4942,M19801,M,303.6,312.7,1699,31.5,105,0,0,0,0,0,0,9.099999999999966,5604.444214371511,3307.5
4943,L52122,L,303.5,312.6,1602,34.2,108,0,0,0,0,0,0,9.100000000000023,5737.427831397968,3693.6000000000004
4944,H34357,H,303.6,312.6,1436,42.0,110,0,0,0,0,0,0,9.0,6315.85787077692,4620.0
4945,M19804,M,303.6,312.7,1765,27.5,115,0,0,0,0,0,0,9.099999999999966,5082.835114120486,3162.5
4946,L52125,L,303.6,312.7,1418,44.1,118,0,0,0,0,0,0,9.099999999999966,6548.52422270178,5203.8
4947,M19806,M,303.7,312.7,1669,31.7,120,0,0,0,0,0,0,9.0,5540.439500042375,3804.0
4948,L52127,L,303.7,312.7,1395,53.9,123,0,0,0,0,0,0,9.0,7873.930747324777,6629.7
4949,M19808,M,303.8,312.7,1500,41.7,125,0,0,0,0,0,0,8.899999999999977,6550.220682734719,5212.5
4950,M19809,M,303.8,312.7,1555,33.4,128,0,0,0,0,0,0,8.899999999999977,5438.829921649769,4275.2
4951,M19810,M,303.8,312.7,1919,20.2,131,0,0,0,0,0,0,8.899999999999977,4059.3356435074666,2646.2
4952,L52131,L,303.8,312.7,1596,36.6,134,0,0,0,0,0,0,8.899999999999977,6117.057887657758,4904.400000000001
4953,M19812,M,303.8,312.7,1374,53.6,136,0,0,0,0,0,0,8.899999999999977,7712.232973444512,7289.6
4954,L52133,L,303.7,312.5,1670,26.1,139,0,0,0,0,0,0,8.800000000000011,4564.41996640061,3627.9
4955,L52134,L,303.7,312.6,1702,29.1,141,0,0,0,0,0,0,8.900000000000034,5186.580975517533,4103.1
4956,M19815,M,303.8,312.5,1366,45.1,143,0,0,0,0,0,0,8.699999999999989,6451.428065754832,6449.3
4957,M19816,M,303.8,312.5,2344,15.2,146,0,0,0,0,0,0,8.699999999999989,3731.039211207333,2219.2
4958,M19817,M,303.8,312.6,1768,23.9,149,0,0,0,0,0,0,8.800000000000011,4424.954196532247,3561.1
4959,L52138,L,303.8,312.5,1523,47.0,152,0,0,0,0,0,0,8.699999999999989,7495.944791220366,7144.0
4960,L52139,L,303.8,312.6,1735,25.9,154,0,0,0,0,0,0,8.800000000000011,4705.739275934591,3988.6
4961,L52140,L,303.9,312.7,1339,62.3,156,0,0,0,0,0,0,8.800000000000011,8735.690556155481,9718.8
4962,L52141,L,303.9,312.7,1800,24.3,158,0,0,0,0,0,0,8.800000000000011,4580.442088933918,3839.4
4963,M19822,M,304.0,312.7,1456,51.2,160,0,0,0,0,0,0,8.699999999999989,7806.5645288563,8192.0
4964,L52143,L,303.9,312.7,1789,24.4,163,0,0,0,0,0,0,8.800000000000011,4571.18486258134,3977.2
4965,L52144,L,303.9,312.7,1602,33.9,165,0,0,0,0,0,0,8.800000000000011,5687.0995170874585,5593.5
4966,M19825,M,303.8,312.7,1364,49.3,167,0,0,0,0,0,0,8.899999999999977,7041.900876972544,8233.1
4967,L52146,L,303.8,312.6,1793,28.1,170,0,0,0,0,0,0,8.800000000000011,5276.1268381203545,4777.0
4968,L52147,L,303.9,312.6,1426,53.4,172,0,0,0,0,0,0,8.700000000000045,7974.241800753899,9184.8
4969,M19828,M,303.9,312.7,1485,43.3,174,0,0,0,0,0,0,8.800000000000011,6733.532614071682,7534.2
4970,L52149,L,303.9,312.7,1528,38.4,177,0,0,0,0,0,0,8.800000000000011,6144.452575597061,6796.8
4971,L52150,L,303.8,312.6,1565,36.0,179,0,0,0,0,0,0,8.800000000000011,5899.911003441631,6444.0
4972,L52151,L,303.8,312.7,1838,27.8,181,0,0,0,0,0,0,8.899999999999977,5350.802495496184,5031.8
4973,H34386,H,303.8,312.6,1811,24.9,183,0,0,0,0,0,0,8.800000000000011,4722.222165390425,4556.7
4974,L52153,L,303.8,312.7,1461,38.2,188,0,0,0,0,0,0,8.899999999999977,5844.430477179236,7181.6
4975,L52154,L,303.8,312.7,1414,41.7,190,0,0,0,0,0,0,8.899999999999977,6174.674696924595,7923.000000000001
4976,L52155,L,303.7,312.7,1426,45.5,192,0,0,0,0,0,0,9.0,6794.531871428884,8736.0
4977,L52156,L,303.7,312.7,1359,56.8,194,1,0,0,0,1,0,9.0,8083.443561392681,11019.199999999999
4978,L52157,L,303.7,312.7,1540,44.8,196,0,0,0,0,0,0,9.0,7224.825345215567,8780.8
4979,L52158,L,303.6,312.7,1429,47.7,198,0,0,0,0,0,0,9.099999999999966,7138.044084147905,9444.6
4980,M19839,M,303.7,312.7,1612,36.3,200,0,0,0,0,0,0,9.0,6127.739302679963,7259.999999999999
4981,M19840,M,303.7,312.8,1685,31.8,203,0,0,0,0,0,0,9.100000000000023,5611.1986385767295,6455.400000000001
4982,M19841,M,303.7,312.8,1558,37.7,206,0,0,0,0,0,0,9.100000000000023,6150.882368561409,7766.200000000001
4983,L52162,L,303.7,313.0,1811,24.3,209,0,0,0,0,0,0,9.300000000000011,4608.4336794774035,5078.7
4984,L52163,L,303.8,313.1,1869,25.8,211,0,0,0,0,0,0,9.300000000000011,5049.607535821018,5443.8
4985,L52164,L,303.8,313.1,1256,58.7,213,1,0,0,0,1,0,9.300000000000011,7720.694329658179,12503.1
4986,M19845,M,303.8,313.0,1789,23.5,215,0,0,0,0,0,0,9.199999999999989,4402.575584863176,5052.5
4987,L52166,L,303.7,312.9,1502,40.5,0,0,0,0,0,0,0,9.199999999999989,6370.2074236840235,0.0
4988,M19847,M,303.7,313.0,1303,54.4,2,0,0,0,0,0,0,9.300000000000011,7422.871346097867,108.8
4989,L52168,L,303.8,313.1,2497,13.0,5,1,0,0,1,0,0,9.300000000000011,3399.3079709392755,65.0
4990,L52169,L,303.9,313.2,1499,37.4,7,0,0,0,0,0,0,9.300000000000011,5870.861743371437,261.8
4991,L52170,L,303.9,313.2,1393,46.5,9,0,0,0,0,0,0,9.300000000000011,6783.1697779984015,418.5
4992,M19851,M,303.9,313.0,1475,41.0,11,0,0,0,0,0,0,9.100000000000023,6332.927190861425,451.0
4993,L52172,L,303.8,312.9,1573,34.6,14,0,0,0,0,0,0,9.099999999999966,5699.456448191579,484.40000000000003
4994,L52173,L,303.8,312.9,1819,23.7,16,0,0,0,0,0,0,9.099999999999966,4514.500059135068,379.2
4995,M19854,M,303.5,312.6,1642,29.4,18,0,0,0,0,0,0,9.100000000000023,5055.325234450551,529.1999999999999
4996,L52175,L,303.6,312.6,1540,39.8,21,0,0,0,0,0,0,9.0,6418.483230794186,835.8
4997,M19856,M,303.6,312.8,1400,43.2,23,0,0,0,0,0,0,9.199999999999989,6333.450789637023,993.6
4998,M19857,M,303.6,312.8,2659,11.4,26,1,0,0,1,0,0,9.199999999999989,3174.328049040199,296.40000000000003
4999,M19858,M,303.6,312.8,1825,25.2,29,0,0,0,0,0,0,9.199999999999989,4816.061537953153,730.8
5000,M19859,M,303.7,312.9,1532,41.3,32,0,0,0,0,0,0,9.199999999999989,6625.786458029064,1321.6
5001,L52180,L,303.7,312.8,1832,23.6,35,0,0,0,0,0,0,9.100000000000023,4527.579556549515,826.0
5002,M19861,M,303.6,312.7,2174,17.6,37,0,0,0,0,0,0,9.099999999999966,4006.82915829047,651.2
5003,L52182,L,303.7,312.8,1627,31.7,40,0,0,0,0,0,0,9.100000000000023,5401.0156180760605,1268.0
5004,L52183,L,303.7,312.8,1437,51.3,42,0,0,0,0,0,0,9.100000000000023,7719.74137988659,2154.6
5005,L52184,L,303.7,312.8,1364,46.3,44,0,0,0,0,0,0,9.100000000000023,6613.387639022897,2037.1999999999998
5006,M19865,M,303.7,312.9,1444,52.7,46,0,0,0,0,0,0,9.199999999999989,7969.047700899965,2424.2000000000003
5007,M19866,M,303.7,312.8,1366,47.3,49,0,0,0,0,0,0,9.100000000000023,6766.1318738404325,2317.7
5008,L52187,L,303.8,312.9,1442,48.3,52,0,0,0,0,0,0,9.099999999999966,7293.584336427134,2511.6
5009,H34422,H,303.7,312.8,1488,42.8,54,0,0,0,0,0,0,9.100000000000023,6669.224212452699,2311.2
5010,L52189,L,303.7,312.8,1523,40.7,59,0,0,0,0,0,0,9.100000000000023,6491.169212822743,2401.3
5011,L52190,L,303.7,312.8,1543,38.3,61,0,0,0,0,0,0,9.100000000000023,6188.61289633102,2336.2999999999997
5012,M19871,M,303.7,312.8,1634,33.8,63,0,0,0,0,0,0,9.100000000000023,5783.588299454713,2129.3999999999996
5013,M19872,M,303.8,312.9,1815,27.8,66,0,0,0,0,0,0,9.099999999999966,5283.844684072673,1834.8
5014,M19873,M,303.8,312.9,1594,35.2,69,0,0,0,0,0,0,9.099999999999966,5875.6997960579665,2428.8
5015,L52194,L,303.8,313.0,1452,38.6,72,0,0,0,0,0,0,9.199999999999989,5869.249059142595,2779.2000000000003
5016,L52195,L,303.9,313.0,1759,28.4,74,0,0,0,0,0,0,9.100000000000023,5231.338198855675,2101.6
5017,L52196,L,303.9,313.0,1408,47.5,76,0,0,0,0,0,0,9.100000000000023,7003.657222402845,3610.0
5018,L52197,L,303.9,313.0,1483,45.0,78,0,0,0,0,0,0,9.100000000000023,6988.472857910495,3510.0
5019,M19878,M,303.9,313.0,1620,36.6,80,0,0,0,0,0,0,9.100000000000023,6209.043720554867,2928.0
5020,M19879,M,304.0,313.1,1466,39.5,83,0,0,0,0,0,0,9.100000000000023,6064.006859714138,3278.5
5021,L52200,L,304.1,313.1,1556,36.3,86,0,0,0,0,0,0,9.0,5914.864984472718,3121.7999999999997
5022,L52201,L,304.0,313.0,1350,61.1,88,0,0,0,0,0,0,9.0,8637.809001045136,5376.8
5023,L52202,L,304.0,313.1,1404,47.1,90,0,0,0,0,0,0,9.100000000000023,6924.94985445491,4239.0
5024,M19883,M,304.0,313.0,1575,34.5,92,0,0,0,0,0,0,9.0,5690.209693814512,3174.0
5025,L52204,L,303.9,313.1,1639,29.0,95,0,0,0,0,0,0,9.200000000000045,4977.434680592548,2755.0
5026,M19885,M,303.9,313.1,1473,42.8,97,0,0,0,0,0,0,9.200000000000045,6601.994129665877,4151.599999999999
5027,L52206,L,303.9,313.2,1481,40.0,100,0,0,0,0,0,0,9.300000000000011,6203.5982932886445,4000.0
5028,L52207,L,304.0,313.3,1294,54.6,102,0,0,0,0,0,0,9.300000000000011,7398.702026616251,5569.2
5029,M19888,M,303.9,313.2,1630,29.3,104,0,0,0,0,0,0,9.300000000000011,5001.31078475983,3047.2000000000003
5030,M19889,M,303.9,313.2,1624,39.8,107,0,0,0,0,0,0,9.300000000000011,6768.582316110233,4258.599999999999
5031,M19890,M,303.9,313.1,1437,48.3,110,0,0,0,0,0,0,9.200000000000045,7268.294515565736,5313.0
5032,M19891,M,303.8,313.0,1514,45.0,113,0,0,0,0,0,0,9.199999999999989,7134.55691630242,5085.0
5033,M19892,M,304.0,313.1,1694,31.4,116,0,0,0,0,0,0,9.100000000000023,5570.211326422895,3642.3999999999996
5034,L52213,L,304.0,313.1,1564,50.9,119,0,0,0,0,0,0,9.100000000000023,8336.488377663825,6057.099999999999
5035,M19894,M,303.9,313.1,1514,41.1,121,0,0,0,0,0,0,9.200000000000045,6516.228650222877,4973.1
5036,M19895,M,304.0,313.2,1500,40.6,124,0,0,0,0,0,0,9.199999999999989,6377.4330867872795,5034.400000000001
5037,L52216,L,304.0,313.2,1615,37.8,127,0,0,0,0,0,0,9.199999999999989,6392.826890789869,4800.599999999999
5038,M19897,M,304.1,313.2,1586,41.1,129,0,0,0,0,0,0,9.099999999999966,6826.115349572975,5301.900000000001
5039,L52218,L,304.1,313.3,1732,28.5,132,0,0,0,0,0,0,9.199999999999989,5169.176552216645,3762.0
5040,H34453,H,304.1,313.3,1689,32.5,134,0,0,0,0,0,0,9.199999999999989,5748.329157905924,4355.0
5041,H34454,H,304.1,313.2,1586,34.6,139,0,0,0,0,0,0,9.099999999999966,5746.559394044402,4809.400000000001
5042,L52221,L,304.0,313.2,1314,47.1,144,0,0,0,0,0,0,9.199999999999989,6481.042812502671,6782.400000000001
5043,L52222,L,304.1,313.2,1569,35.8,146,0,0,0,0,0,0,9.099999999999966,5882.129589022313,5226.799999999999
5044,L52223,L,304.1,313.2,1468,39.4,148,0,0,0,0,0,0,9.099999999999966,6056.906860317024,5831.2
5045,L52224,L,304.1,313.2,1412,47.5,150,0,0,0,0,0,0,9.099999999999966,7023.55397587558,7125.0
5046,M19905,M,304.1,313.2,1510,46.9,152,0,0,0,0,0,0,9.099999999999966,7416.148337819185,7128.8
5047,M19906,M,304.1,313.2,1410,42.4,155,0,0,0,0,0,0,9.099999999999966,6260.565840073739,6572.0
5048,M19907,M,304.1,313.3,1680,29.3,158,0,0,0,0,0,0,9.199999999999989,5154.725226010132,4629.400000000001
5049,H34462,H,304.0,313.2,1271,68.6,161,1,0,0,1,0,0,9.199999999999989,9130.578280736207,11044.599999999999
5050,H34463,H,304.0,313.1,1472,45.5,166,0,0,0,0,0,0,9.100000000000023,7013.710318894333,7553.0
5051,H34464,H,304.0,313.0,1701,30.4,171,0,0,0,0,0,0,9.0,5415.100425139653,5198.4
5052,L52231,L,303.9,313.0,1480,39.9,176,0,0,0,0,0,0,9.100000000000023,6183.910979326149,7022.4
5053,L52232,L,303.9,313.0,1433,48.4,178,0,0,0,0,0,0,9.100000000000023,7263.068999785266,8615.199999999999
5054,L52233,L,303.8,312.9,1514,34.3,180,0,0,0,0,0,0,9.099999999999966,5438.117827314955,6173.999999999999
5055,L52234,L,303.8,312.9,1619,35.7,182,0,0,0,0,0,0,9.099999999999966,6052.623822332632,6497.400000000001
5056,H34469,H,303.8,312.9,1378,45.6,184,0,0,0,0,0,0,9.099999999999966,6580.2543085030375,8390.4
5057,M19916,M,303.9,312.9,1430,53.5,189,0,0,0,0,0,0,9.0,8011.5848654295705,10111.5
5058,L52237,L,303.8,312.9,1367,49.9,192,0,0,0,0,0,0,9.099999999999966,7143.280071903888,9580.8
5059,L52238,L,303.9,312.9,1526,42.5,194,0,0,0,0,0,0,9.0,6791.599718285534,8245.0
5060,L52239,L,303.9,312.8,1419,47.9,196,0,0,0,0,0,0,8.900000000000034,7117.812227458785,9388.4
5061,L52240,L,304.0,312.8,1542,42.7,198,0,0,0,0,0,0,8.800000000000011,6895.104724245807,8454.6
5062,L52241,L,304.0,312.9,1363,62.5,200,1,0,0,0,1,0,8.899999999999977,8920.814139256016,12500.0
5063,L52242,L,304.0,312.9,1313,53.9,202,0,0,0,0,0,0,8.899999999999977,7411.090373646905,10887.8
5064,H34477,H,304.0,312.9,1495,46.6,0,0,0,0,0,0,0,8.899999999999977,7295.511179921337,0.0
5065,L52244,L,304.0,313.0,1407,42.1,5,0,0,0,0,0,0,9.0,6203.0432785865105,210.5
5066,L52245,L,304.1,313.0,1566,37.2,7,0,0,0,0,0,0,8.899999999999977,6100.470278446804,260.40000000000003
5067,L52246,L,304.1,313.1,1550,30.9,9,0,0,0,0,0,0,9.0,5015.552671456105,278.09999999999997
5068,M19927,M,304.2,313.2,1396,50.5,11,0,0,0,0,0,0,9.0,7382.533296425774,555.5
5069,M19928,M,304.3,313.3,1540,39.0,14,0,0,0,0,0,0,9.0,6289.468492486765,546.0
5070,M19929,M,304.2,313.2,1380,48.7,17,0,0,0,0,0,0,9.0,7037.795862571854,827.9000000000001
5071,M19930,M,304.2,313.1,1608,31.1,20,0,0,0,0,0,0,8.900000000000034,5236.909289828041,622.0
5072,H34485,H,304.2,313.0,1442,40.9,23,0,0,0,0,0,0,8.800000000000011,6176.1407734962695,940.6999999999999
5073,L52252,L,304.1,313.0,1408,45.3,28,0,0,0,0,0,0,8.899999999999977,6679.277308944186,1268.3999999999999
5074,M19933,M,304.0,313.0,1454,46.8,30,0,0,0,0,0,0,9.0,7125.8861205785115,1404.0
5075,L52254,L,304.1,313.1,1666,34.6,33,0,0,0,0,0,0,9.0,6036.423676215621,1141.8
5076,L52255,L,304.1,313.2,1366,46.6,35,0,0,0,0,0,0,9.099999999999966,6665.998843995014,1631.0
5077,L52256,L,304.2,313.2,1464,44.9,37,0,0,0,0,0,0,9.0,6883.606495133667,1661.3
5078,L52257,L,304.3,313.3,1775,24.9,39,0,0,0,0,0,0,9.0,4628.351376901162,971.0999999999999
5079,M19938,M,304.3,313.4,1482,43.8,41,0,0,0,0,0,0,9.099999999999966,6797.5268564253065,1795.8
5080,M19939,M,304.2,313.4,1411,54.8,44,0,0,0,0,0,0,9.199999999999989,8097.224681166428,2411.2
5081,L52260,L,304.2,313.3,1410,51.6,47,0,0,0,0,0,0,9.100000000000023,7618.990503485966,2425.2000000000003
5082,M19941,M,304.1,313.3,1494,39.0,49,0,0,0,0,0,0,9.199999999999989,6101.601251802096,1911.0
5083,H34496,H,304.1,313.2,1590,43.4,52,0,0,0,0,0,0,9.099999999999966,7226.291421787242,2256.7999999999997
5084,L52263,L,304.1,313.1,1327,54.1,57,0,0,0,0,0,0,9.0,7517.904523868958,3083.7000000000003
5085,L52264,L,304.1,313.1,1969,20.8,59,0,0,0,0,0,0,9.0,4288.81851487669,1227.2
5086,M19945,M,304.0,313.0,1377,56.0,61,0,0,0,0,0,0,9.0,8075.149756787204,3416.0
5087,L52266,L,304.0,313.0,1541,45.9,64,0,0,0,0,0,0,9.0,7407.027247148262,2937.6
5088,M19947,M,304.0,313.0,1685,28.2,66,0,0,0,0,0,0,9.0,4975.9686040208735,1861.2
5089,L52268,L,304.0,313.1,1465,41.0,69,0,0,0,0,0,0,9.100000000000023,6289.992091262364,2829.0
5090,M19949,M,303.9,313.1,1483,47.2,71,0,0,0,0,0,0,9.200000000000045,7330.131530963897,3351.2000000000003
5091,M19950,M,303.9,313.2,1570,40.7,74,0,0,0,0,0,0,9.300000000000011,6691.48763239114,3011.8
5092,L52271,L,303.9,313.2,1345,48.2,77,0,0,0,0,0,0,9.300000000000011,6788.877004652424,3711.4
5093,M19952,M,303.9,313.2,1608,40.6,79,0,0,0,0,0,0,9.300000000000011,6836.608269035964,3207.4
5094,M19953,M,304.0,313.3,1415,52.8,82,0,0,0,0,0,0,9.300000000000011,7823.82234450002,4329.599999999999
5095,M19954,M,304.1,313.5,1470,45.8,85,0,0,0,0,0,0,9.399999999999977,7050.362233186213,3892.9999999999995
5096,M19955,M,304.1,313.5,1428,39.9,88,0,0,0,0,0,0,9.399999999999977,5966.638431403878,3511.2
5097,H34510,H,304.2,313.5,1627,32.2,91,0,0,0,0,0,0,9.300000000000011,5486.205138865904,2930.2000000000003
5098,L52277,L,304.2,313.4,1457,49.4,96,0,0,0,0,0,0,9.199999999999989,7537.288150541608,4742.4
5099,L52278,L,304.2,313.4,1475,40.2,98,0,0,0,0,0,0,9.199999999999989,6209.357879820227,3939.6000000000004
5100,L52279,L,304.2,313.5,1438,50.1,100,0,0,0,0,0,0,9.300000000000011,7544.409093889744,5010.0
5101,M19960,M,304.2,313.5,1437,47.2,102,0,0,0,0,0,0,9.300000000000011,7102.763998648092,4814.400000000001
5102,M19961,M,304.1,313.4,1518,42.4,105,0,0,0,0,0,0,9.299999999999955,6740.098542717685,4452.0
5103,M19962,M,304.1,313.5,1587,33.6,108,0,0,0,0,0,0,9.399999999999977,5583.992446196642,3628.8
5104,L52283,L,304.1,313.4,1399,43.7,111,0,0,0,0,0,0,9.299999999999955,6402.178364922056,4850.700000000001
5105,L52284,L,304.1,313.5,1469,44.6,113,0,0,0,0,0,0,9.399999999999977,6860.9660840767965,5039.8
5106,L52285,L,304.1,313.4,1374,56.6,115,0,0,0,0,0,0,9.299999999999955,8143.887804047749,6509.0
5107,L52286,L,304.0,313.3,1519,36.7,117,0,0,0,0,0,0,9.300000000000011,5837.843604582209,4293.900000000001
5108,L52287,L,303.9,313.2,1540,44.4,119,0,0,0,0,0,0,9.300000000000011,7160.317976061856,5283.599999999999
5109,L52288,L,303.9,313.3,1394,51.6,121,0,0,0,0,0,0,9.400000000000034,7532.533873659176,6243.6
5110,M19969,M,304.0,313.4,1389,45.8,123,0,0,0,0,0,0,9.399999999999977,6661.872885643299,5633.4
5111,M19970,M,304.0,313.5,1732,26.2,126,0,0,0,0,0,0,9.5,4752.014935721969,3301.2
5112,L52291,L,304.1,313.6,1556,37.4,129,0,0,0,0,0,0,9.5,6094.103317335528,4824.599999999999
5113,M19972,M,304.1,313.6,1441,43.7,131,0,0,0,0,0,0,9.5,6594.381003468679,5724.700000000001
5114,L52293,L,304.1,313.6,1382,46.7,134,0,0,0,0,0,0,9.5,6758.550163569769,6257.8
5115,M19974,M,304.2,313.8,1481,44.9,136,0,0,0,0,0,0,9.600000000000023,6963.5390842165025,6106.4
5116,M19975,M,304.2,313.7,2113,18.4,139,0,0,0,0,0,0,9.5,4071.4203032482756,2557.6
5117,L52296,L,304.2,313.8,1401,53.9,142,0,0,0,0,0,0,9.600000000000023,7907.797116130475,7653.8
5118,L52297,L,304.1,313.6,1611,31.4,144,0,0,0,0,0,0,9.5,5297.290700630037,4521.599999999999
5119,M19978,M,304.2,313.6,1512,33.4,146,0,0,0,0,0,0,9.400000000000034,5288.431409346914,4876.4
5120,L52299,L,304.2,313.6,1411,46.0,149,0,0,0,0,0,0,9.400000000000034,6796.940425796637,6854.0
5121,M19980,M,304.2,313.6,1424,43.7,151,0,0,0,0,0,0,9.400000000000034,6516.5846973902835,6598.700000000001
5122,L52301,L,304.2,313.6,1469,40.0,154,0,0,0,0,0,0,9.400000000000034,6153.332810831208,6160.0
5123,H34536,H,304.2,313.5,1684,29.8,156,0,0,0,0,0,0,9.300000000000011,5255.17241512091,4648.8
5124,M19983,M,304.2,313.5,1532,41.3,161,0,0,0,0,0,0,9.300000000000011,6625.786458029064,6649.299999999999
5125,M19984,M,304.2,313.5,1557,37.3,164,0,0,0,0,0,0,9.300000000000011,6081.714970304873,6117.2
5126,M19985,M,304.3,313.5,1416,48.1,167,0,0,0,0,0,0,9.199999999999989,7132.420633297979,8032.7
5127,L52306,L,304.3,313.5,1802,25.4,170,0,0,0,0,0,0,9.199999999999989,4793.106967630923,4318.0
5128,M19987,M,304.3,313.5,2245,15.1,172,0,0,0,0,0,0,9.199999999999989,3549.9473386789064,2597.2
5129,L52308,L,304.2,313.4,1434,42.5,175,0,0,0,0,0,0,9.199999999999989,6382.145475767665,7437.5
5130,M19989,M,304.1,313.3,1725,28.3,177,0,0,0,0,0,0,9.199999999999989,5112.1566455539905,5009.1
5131,L52310,L,304.2,313.3,1668,35.7,180,0,0,0,0,0,0,9.100000000000023,6235.810089963453,6426.000000000001
5132,L52311,L,304.1,313.3,1452,43.9,182,0,0,0,0,0,0,9.199999999999989,6675.130406641448,7989.8
5133,L52312,L,304.1,313.3,1415,50.0,184,0,0,0,0,0,0,9.199999999999989,7408.922674715928,9200.0
5134,L52313,L,304.1,313.2,1824,25.8,186,0,0,0,0,0,0,9.099999999999966,4928.027900127094,4798.8
5135,L52314,L,304.1,313.3,1438,45.5,188,0,0,0,0,0,0,9.199999999999989,6851.708857724218,8554.0
5136,L52315,L,304.1,313.3,1883,24.5,190,0,0,0,0,0,0,9.199999999999989,4831.088822812824,4655.0
5137,L52316,L,304.2,313.4,1735,28.9,192,0,0,0,0,0,0,9.199999999999989,5250.80560133242,5548.799999999999
5138,L52317,L,304.3,313.5,1464,36.7,194,0,0,0,0,0,0,9.199999999999989,5626.466778873176,7119.8
5139,M19998,M,304.3,313.6,1489,40.3,196,0,0,0,0,0,0,9.300000000000011,6283.886929538888,7898.799999999999
5140,M19999,M,304.4,313.6,1510,38.9,199,0,0,0,0,0,0,9.200000000000045,6151.133695973695,7741.099999999999
5141,M20000,M,304.3,313.6,1585,32.1,202,0,0,0,0,0,0,9.300000000000011,5327.98406085561,6484.200000000001
5142,L52321,L,304.4,313.7,1509,35.0,205,1,1,0,0,0,0,9.300000000000011,5530.77386664483,7175.0
5143,L52322,L,304.4,313.6,1568,39.1,0,0,0,0,0,0,0,9.200000000000045,6420.242522680197,0.0
5144,M20003,M,304.3,313.5,1525,42.0,2,0,0,0,0,0,0,9.199999999999989,6707.300315414208,84.0
5145,L52324,L,304.4,313.7,1607,33.5,5,0,0,0,0,0,0,9.300000000000011,5637.535656989324,167.5
5146,L52325,L,304.5,313.7,1670,32.9,7,0,0,0,0,0,0,9.199999999999989,5753.617505539467,230.29999999999998
5147,L52326,L,304.4,313.6,1585,38.9,9,0,0,0,0,0,0,9.200000000000045,6456.653581535303,350.09999999999997
5148,L52327,L,304.4,313.6,1569,38.4,11,0,0,0,0,0,0,9.200000000000045,6309.323358057453,422.4
5149,L52328,L,304.4,313.6,1507,43.1,13,0,0,0,0,0,0,9.200000000000045,6801.726118605606,560.3000000000001
5150,L52329,L,304.3,313.5,1452,41.5,15,0,0,0,0,0,0,9.199999999999989,6310.203004000458,622.5
5151,L52330,L,304.3,313.5,1590,29.8,17,0,0,0,0,0,0,9.199999999999989,4961.831437079719,506.6
5152,L52331,L,304.3,313.6,1409,56.0,19,0,0,0,0,0,0,9.300000000000011,8262.807557961634,1064.0
5153,L52332,L,304.3,313.5,2643,12.7,21,0,0,0,0,0,0,9.199999999999989,3515.0337723220114,266.7
5154,L52333,L,304.2,313.4,1644,31.7,23,0,0,0,0,0,0,9.199999999999989,5457.449094110044,729.1
5155,L52334,L,304.2,313.4,1568,37.6,25,0,0,0,0,0,0,9.199999999999989,6173.941658638757,940.0
5156,H34569,H,304.2,313.3,1625,37.3,27,0,0,0,0,0,0,9.100000000000023,6347.326157190377,1007.0999999999999
5157,L52336,L,304.2,313.4,1482,41.4,32,0,0,0,0,0,0,9.199999999999989,6425.0596314157,1324.8
5158,H34571,H,304.1,313.3,1397,49.6,34,0,0,0,0,0,0,9.199999999999989,7256.157495947368,1686.4
5159,L52338,L,304.1,313.3,1459,50.3,39,0,0,0,0,0,0,9.199999999999989,7685.141972795054,1961.6999999999998
5160,L52339,L,304.2,313.4,1490,44.0,41,0,0,0,0,0,0,9.199999999999989,6865.427145644894,1804.0
5161,L52340,L,304.1,313.2,1434,50.1,43,0,0,0,0,0,0,9.099999999999966,7523.423254963765,2154.3
5162,M20021,M,304.1,313.2,2028,18.9,45,0,0,0,0,0,0,9.099999999999966,4013.824437932463,850.4999999999999
5163,L52342,L,304.2,313.3,1464,45.9,48,0,0,0,0,0,0,9.100000000000023,7036.916216628848,2203.2
5164,M20023,M,304.2,313.4,1713,23.5,50,0,0,0,0,0,0,9.199999999999989,4215.546102219464,1175.0
5165,M20024,M,304.3,313.4,1624,32.1,53,0,0,0,0,0,0,9.099999999999966,5459.0827222899115,1701.3000000000002
5166,L52345,L,304.2,313.4,1421,43.4,56,0,0,0,0,0,0,9.199999999999989,6458.213905886585,2430.4
5167,H34580,H,304.2,313.5,1546,41.4,58,0,0,0,0,0,0,9.300000000000011,6702.525094580751,2401.2
5168,L52347,L,304.2,313.4,1639,32.7,63,0,0,0,0,0,0,9.199999999999989,5612.486691564702,2060.1000000000004
5169,H34582,H,304.1,313.4,1696,29.6,65,0,0,0,0,0,0,9.299999999999955,5257.099258615112,1924.0
5170,L52349,L,304.1,313.3,1470,39.9,70,0,0,0,0,0,0,9.199999999999989,6142.127797033404,2793.0
5171,M20030,M,304.1,313.3,1480,38.4,72,0,0,0,0,0,0,9.199999999999989,5951.433122960504,2764.7999999999997
5172,M20031,M,304.2,313.4,1329,54.5,75,0,0,0,0,0,0,9.199999999999989,7584.904223194517,4087.5
5173,L52352,L,304.2,313.4,1740,28.2,78,0,0,0,0,0,0,9.199999999999989,5138.388944211465,2199.6
5174,M20033,M,304.2,313.5,1739,28.1,80,0,0,0,0,0,0,9.300000000000011,5117.225081701782,2248.0
5175,M20034,M,304.2,313.5,1390,47.8,83,0,0,0,0,0,0,9.300000000000011,6957.7899696604345,3967.3999999999996
5176,L52355,L,304.2,313.4,1740,23.7,86,0,0,0,0,0,0,9.199999999999989,4318.433261624529,2038.2
5177,M20036,M,304.0,313.3,1844,27.1,88,0,0,0,0,0,0,9.300000000000011,5233.097490741686,2384.8
5178,H34591,H,304.0,313.1,1388,53.2,91,0,0,0,0,0,0,9.100000000000023,7732.67426964387,4841.2
5179,H34592,H,304.0,313.2,1517,43.1,96,0,0,0,0,0,0,9.199999999999989,6846.860333062179,4137.6
5180,M20039,M,304.0,313.1,1450,42.8,101,0,0,0,0,0,0,9.100000000000023,6498.908002726084,4322.799999999999
5181,L52360,L,304.0,313.2,1584,38.7,104,0,0,0,0,0,0,9.199999999999989,6419.40476463924,4024.8
5182,L52361,L,304.0,313.1,1720,28.7,106,0,0,0,0,0,0,9.100000000000023,5169.385991726885,3042.2
5183,L52362,L,303.9,313.1,1586,31.9,108,0,0,0,0,0,0,9.200000000000045,5298.1284586709935,3445.2
5184,M20043,M,303.9,313.0,1901,22.5,110,0,0,0,0,0,0,9.100000000000023,4479.125725855647,2475.0
5185,L52364,L,304.0,313.0,1397,42.4,113,0,0,0,0,0,0,9.0,6202.844311051783,4791.2
5186,L52365,L,304.0,313.0,2012,21.1,115,0,0,0,0,0,0,9.0,4445.68870804594,2426.5
5187,L52366,L,304.0,313.0,2354,15.0,117,0,0,0,0,0,0,9.0,3697.654553275186,1755.0
5188,L52367,L,304.0,313.1,1648,35.7,119,0,0,0,0,0,0,9.100000000000023,6161.0401848080155,4248.3
5189,L52368,L,304.0,313.2,1632,30.6,121,0,0,0,0,0,0,9.199999999999989,5229.620794871714,3702.6000000000004
5190,M20049,M,304.1,313.2,1427,46.9,123,0,0,0,0,0,0,9.099999999999966,7008.505747064885,5768.7
5191,L52370,L,304.1,313.2,1452,48.0,126,0,0,0,0,0,0,9.099999999999966,7298.548052819807,6048.0
5192,L52371,L,304.0,313.2,1416,46.0,128,0,0,0,0,0,0,9.199999999999989,6821.025969474159,5888.0
5193,L52372,L,303.9,313.1,1310,62.9,130,0,0,0,0,0,0,9.200000000000045,8628.803102104845,8177.0
5194,H34607,H,304.0,313.1,1408,39.8,132,0,0,0,0,0,0,9.100000000000023,5868.327525297541,5253.599999999999
5195,M20054,M,303.9,313.1,1668,34.4,137,0,0,0,0,0,0,9.200000000000045,6008.735772961982,4712.8
5196,L52375,L,303.9,313.0,1551,36.8,140,0,0,0,0,0,0,9.100000000000023,5977.0685190137965,5152.0
5197,H34610,H,303.9,313.0,1517,36.0,142,0,0,0,0,0,0,9.100000000000023,5718.9552665948595,5112.0
5198,H34611,H,303.8,312.9,1570,35.8,147,0,0,0,0,0,0,9.099999999999966,5885.878556255596,5262.599999999999
5199,L52378,L,303.8,312.8,1428,53.3,152,0,0,0,0,0,0,9.0,7970.471889569591,8101.599999999999
5200,L52379,L,303.8,312.8,1503,40.0,154,0,0,0,0,0,0,9.0,6295.751677793945,6160.0
5201,L52380,L,303.8,312.8,1416,58.7,156,0,0,0,0,0,0,9.0,8704.222269742024,9157.2
5202,M20061,M,303.7,312.7,1396,47.3,158,0,0,0,0,0,0,9.0,6914.72920635523,7473.4
5203,L52382,L,303.7,312.7,1335,51.1,161,0,0,0,0,0,0,9.0,7143.82461463051,8227.1
5204,M20063,M,303.7,312.6,1671,30.5,163,0,0,0,0,0,0,8.900000000000034,5337.09467955102,4971.5
5205,L52384,L,303.7,312.7,1989,22.4,166,0,0,0,0,0,0,9.0,4665.642081699273,3718.3999999999996
5206,L52385,L,303.7,312.7,1468,43.3,168,0,0,0,0,0,0,9.0,6656.4484023281,7274.4
5207,H34620,H,303.7,312.6,1711,27.6,170,0,0,0,0,0,0,8.900000000000034,4945.243827868766,4692.0
5208,M20067,M,303.8,312.7,1488,41.3,175,0,0,0,0,0,0,8.899999999999977,6435.489719025619,7227.499999999999
5209,L52388,L,303.8,312.7,1664,29.3,178,0,0,0,0,0,0,8.899999999999977,5105.632604810036,5215.400000000001
5210,M20069,M,303.8,312.7,1507,38.5,180,0,0,0,0,0,0,8.899999999999977,6075.7878321651,6930.0
5211,L52390,L,303.7,312.6,1466,42.5,183,0,0,0,0,0,0,8.900000000000034,6524.564342730402,7777.5
5212,L52391,L,303.7,312.5,1433,53.6,185,0,0,0,0,0,0,8.800000000000011,8043.3987270349235,9916.0
5213,L52392,L,303.7,312.5,1397,45.7,187,0,0,0,0,0,0,8.800000000000011,6685.612854128926,8545.9
5214,M20073,M,303.7,312.6,1429,43.3,189,0,0,0,0,0,0,8.900000000000034,6479.608151857531,8183.7
5215,L52394,L,303.7,312.7,1572,37.2,192,0,0,0,0,0,0,9.0,6123.843727789512,7142.400000000001
5216,M20075,M,303.7,312.7,1532,42.7,194,0,0,0,0,0,0,9.0,6850.389388809711,8283.800000000001
5217,M20076,M,303.7,312.7,1316,51.8,197,0,0,0,0,0,0,9.0,7138.620042801063,10204.599999999999
5218,M20077,M,303.8,312.8,1420,47.9,200,0,0,0,0,0,0,9.0,7122.8283037290175,9580.0
5219,L52398,L,303.8,312.9,1589,37.2,203,0,0,0,0,0,0,9.099999999999966,6190.068500927185,7551.6
5220,L52399,L,303.8,313.0,1365,59.9,205,1,0,0,0,1,0,9.199999999999989,8562.2536977263,12279.5
5221,L52400,L,303.8,313.0,1633,32.9,207,0,0,0,0,0,0,9.199999999999989,5626.142147632304,6810.299999999999
5222,L52401,L,303.9,313.0,1626,31.4,209,0,0,0,0,0,0,9.100000000000023,5346.613705291396,6562.599999999999
5223,L52402,L,303.9,313.1,1665,29.6,0,0,0,0,0,0,0,9.200000000000045,5161.008411317312,0.0
5224,M20083,M,303.9,313.2,1350,47.2,2,0,0,0,0,0,0,9.300000000000011,6672.742796224721,94.4
5225,L52404,L,303.9,313.2,1590,31.9,5,0,0,0,0,0,0,9.300000000000011,5311.490699424263,159.5
5226,M20085,M,304.0,313.2,1437,53.9,7,0,0,0,0,0,0,9.199999999999989,8110.995328964664,377.3
5227,L52406,L,303.9,313.0,1403,48.3,10,0,0,0,0,0,0,9.100000000000023,7096.323733708232,483.0
5228,L52407,L,303.9,313.1,1440,41.1,12,0,0,0,0,0,0,9.200000000000045,6197.733987001943,493.20000000000005
5229,M20088,M,303.9,313.1,1343,61.4,14,0,0,0,0,0,0,9.200000000000045,8635.211951118168,859.6
5230,H34643,H,303.9,313.1,1790,26.7,17,0,0,0,0,0,0,9.200000000000045,5004.871256433899,453.9
5231,M20090,M,303.8,313.1,2117,18.6,22,0,0,0,0,0,0,9.300000000000011,4123.4660215427475,409.20000000000005
5232,L52411,L,303.8,313.1,1458,42.2,25,0,0,0,0,0,0,9.300000000000011,6443.155205100379,1055.0
5233,L52412,L,303.6,312.9,1381,57.8,27,0,0,0,0,0,0,9.299999999999955,8358.919349210459,1560.6
5234,L52413,L,303.6,312.9,1450,45.3,29,0,0,0,0,0,0,9.299999999999955,6878.5171150348515,1313.6999999999998
5235,L52414,L,303.7,312.9,1461,50.1,31,0,0,0,0,0,0,9.199999999999989,7665.077667714128,1553.1000000000001
5236,M20095,M,303.7,312.9,1511,41.0,33,0,0,0,0,0,0,9.199999999999989,6487.493549418042,1353.0
5237,L52416,L,303.8,313.1,1394,45.4,36,0,0,0,0,0,0,9.300000000000011,6627.461974110979,1634.3999999999999
5238,L52417,L,303.8,313.0,1499,42.3,38,0,0,0,0,0,0,9.199999999999989,6640.0388167008505,1607.3999999999999
5239,L52418,L,303.7,313.0,1457,44.1,40,0,0,0,0,0,0,9.300000000000011,6728.631729532083,1764.0
5240,L52419,L,303.7,313.0,1753,29.0,42,0,0,0,0,0,0,9.300000000000011,5323.6381910181435,1218.0
5241,L52420,L,303.7,313.0,1694,28.0,44,0,0,0,0,0,0,9.300000000000011,4967.067424835702,1232.0
5242,L52421,L,303.7,313.1,1683,28.4,46,0,0,0,0,0,0,9.400000000000034,5005.311079405402,1306.3999999999999
5243,L52422,L,303.7,313.1,1496,47.4,48,0,0,0,0,0,0,9.400000000000034,7425.7197234371215,2275.2
5244,L52423,L,303.7,313.1,1721,34.8,50,0,0,0,0,0,0,9.400000000000034,6271.749909920519,1739.9999999999998
5245,L52424,L,303.6,313.0,1593,31.6,52,0,0,0,0,0,0,9.399999999999977,5271.466809017529,1643.2
5246,L52425,L,303.6,313.0,1575,38.3,54,0,0,0,0,0,0,9.399999999999977,6316.957428205676,2068.2
5247,L52426,L,303.5,313.0,1465,41.0,56,0,0,0,0,0,0,9.5,6289.992091262364,2296.0
5248,L52427,L,303.6,313.1,1405,38.3,58,0,0,0,0,0,0,9.5,5635.127102621571,2221.3999999999996
5249,M20108,M,303.5,313.0,1902,21.6,60,0,0,0,0,0,0,9.5,4302.222643532006,1296.0
5250,M20109,M,303.4,312.9,1422,39.9,63,0,0,0,0,0,0,9.5,5941.568522028231,2513.7
5251,L52430,L,303.5,312.9,1332,52.9,66,0,0,0,0,0,0,9.399999999999977,7378.847161045563,3491.4
5252,M20111,M,303.4,312.9,1307,54.3,68,0,0,0,0,0,0,9.5,7431.971492817765,3692.3999999999996
5253,L52432,L,303.5,313.0,1322,59.5,71,0,0,0,0,0,0,9.5,8237.151217957318,4224.5
5254,L52433,L,303.5,313.0,1547,40.3,73,0,0,0,0,0,0,9.5,6528.65888515558,2941.8999999999996
5255,L52434,L,303.5,313.1,1897,23.6,75,0,0,0,0,0,0,9.600000000000023,4688.2196609030725,1770.0
5256,M20115,M,303.5,313.0,1403,51.9,77,0,0,0,0,0,0,9.5,7625.24227286661,3996.2999999999997
5257,L52436,L,303.5,313.0,1393,51.6,80,0,0,0,0,0,0,9.5,7527.1303342950005,4128.0
5258,L52437,L,303.5,313.0,1482,38.5,82,0,0,0,0,0,0,9.5,5974.995067862427,3157.0
5259,M20118,M,303.5,312.9,1572,44.7,84,0,0,0,0,0,0,9.399999999999977,7358.489640650301,3754.8
5260,L52439,L,303.5,312.9,1544,36.9,87,0,0,0,0,0,0,9.399999999999977,5966.261440285448,3210.2999999999997
5261,M20120,M,303.5,313.0,1492,46.1,89,0,0,0,0,0,0,9.5,7202.750420836342,4102.900000000001
5262,L52441,L,303.4,312.8,1513,35.8,92,0,0,0,0,0,0,9.400000000000034,5672.187423958419,3293.6
5263,L52442,L,303.4,312.8,1449,43.9,94,0,0,0,0,0,0,9.400000000000034,6661.3388148921895,4126.599999999999
5264,L52443,L,303.5,312.8,1877,22.3,96,0,0,0,0,0,0,9.300000000000011,4383.26526201911,2140.8
5265,L52444,L,303.4,312.8,1376,53.4,98,0,0,0,0,0,0,9.400000000000034,7694.640054584407,5233.2
5266,M20125,M,303.5,312.9,1883,23.3,100,0,0,0,0,0,0,9.399999999999977,4594.464064144441,2330.0
5267,M20126,M,303.4,312.8,1518,38.7,103,0,0,0,0,0,0,9.400000000000034,6151.929566112605,3986.1000000000004
5268,M20127,M,303.5,312.9,1438,42.8,106,0,0,0,0,0,0,9.399999999999977,6445.123936496627,4536.799999999999
5269,L52448,L,303.4,312.9,1389,54.1,109,0,0,0,0,0,0,9.5,7869.155526491322,5896.900000000001
5270,L52449,L,303.5,312.9,1504,44.8,111,0,0,0,0,0,0,9.399999999999977,7055.933324158579,4972.799999999999
5271,L52450,L,303.5,312.9,1275,64.4,113,0,0,0,0,0,0,9.399999999999977,8598.539092875264,7277.200000000001
5272,L52451,L,303.6,313.0,1534,39.7,115,0,0,0,0,0,0,9.399999999999977,6377.412142836256,4565.5
5273,M20132,M,303.6,313.0,1396,38.2,117,0,0,0,0,0,0,9.399999999999977,5584.411325217121,4469.400000000001
5274,L52453,L,303.6,313.1,1395,44.1,120,0,0,0,0,0,0,9.5,6442.306975083909,5292.0
5275,L52454,L,303.6,313.0,1617,30.9,122,0,0,0,0,0,0,9.399999999999977,5232.353980480336,3769.7999999999997
5276,L52455,L,303.7,313.1,1423,41.2,124,0,0,0,0,0,0,9.400000000000034,6139.467915253365,5108.8
5277,L52456,L,303.5,313.0,1606,34.0,126,0,0,0,0,0,0,9.5,5718.117508553902,4284.0
5278,L52457,L,303.5,312.9,1501,44.0,128,0,0,0,0,0,0,9.399999999999977,6916.11150712281,5632.0
5279,M20138,M,303.5,312.9,1618,30.4,130,0,0,0,0,0,0,9.399999999999977,5150.8715390217285,3952.0
5280,L52459,L,303.6,313.0,1522,35.8,133,0,0,0,0,0,0,9.399999999999977,5705.928129057973,4761.4
5281,L52460,L,303.6,312.9,1480,41.4,135,0,0,0,0,0,0,9.299999999999955,6416.388835691793,5589.0
5282,M20141,M,303.7,313.0,1469,39.9,137,0,0,0,0,0,0,9.300000000000011,6137.949478804129,5466.3
5283,H34696,H,303.8,313.2,1381,52.4,140,0,0,0,0,0,0,9.399999999999977,7577.982247381106,7336.0
5284,L52463,L,303.8,313.2,1525,41.9,145,0,0,0,0,0,0,9.399999999999977,6691.33055275846,6075.5
5285,M20144,M,303.8,313.2,1732,29.6,147,0,0,0,0,0,0,9.399999999999977,5368.688629670622,4351.2
5286,L52465,L,303.8,313.1,1523,39.8,150,0,0,0,0,0,0,9.300000000000011,6347.629844480224,5970.0
5287,L52466,L,303.8,313.1,1422,42.4,152,0,0,0,0,0,0,9.300000000000011,6313.847251478622,6444.8
5288,H34701,H,303.8,313.2,1506,46.9,154,0,0,0,0,0,0,9.399999999999977,7396.502911758736,7222.599999999999
5289,L52468,L,303.8,313.2,1531,39.4,159,0,0,0,0,0,0,9.399999999999977,6316.842236475045,6264.599999999999
5290,M20149,M,303.9,313.3,1507,34.3,161,0,0,0,0,0,0,9.400000000000034,5412.974614110725,5522.299999999999
5291,L52470,L,303.9,313.3,1526,40.7,164,0,0,0,0,0,0,9.400000000000034,6503.955494922853,6674.8
5292,L52471,L,303.8,313.3,1406,52.1,166,0,0,0,0,0,0,9.5,7670.99433387839,8648.6
5293,M20152,M,303.9,313.3,1567,35.0,168,0,0,0,0,0,0,9.400000000000034,5743.35496953774,5880.0
5294,M20153,M,303.9,313.4,1464,49.1,171,0,0,0,0,0,0,9.5,7527.507325413432,8396.1
5295,L52474,L,303.9,313.4,1442,48.5,174,0,0,0,0,0,0,9.5,7323.785513803645,8439.0
5296,L52475,L,303.8,313.2,1336,47.8,176,0,0,0,0,0,0,9.399999999999977,6687.487337745568,8412.8
5297,H34710,H,303.8,313.2,1379,50.2,178,0,0,0,0,0,0,9.399999999999977,7249.308823962543,8935.6
5298,L52477,L,303.7,313.1,1406,48.6,183,0,0,0,0,0,0,9.400000000000034,7155.668418934544,8893.800000000001
5299,M20158,M,303.7,313.1,2130,18.1,185,0,0,0,0,0,0,9.400000000000034,4037.260719128243,3348.5000000000005
5300,L52479,L,303.7,313.1,1355,49.1,188,0,0,0,0,0,0,9.400000000000034,6967.057667988524,9230.800000000001
5301,M20160,M,303.8,313.2,1710,26.5,190,0,0,0,0,0,0,9.399999999999977,4745.375703247382,5035.0
5302,L52481,L,303.8,313.1,1309,55.8,193,0,0,0,0,0,0,9.300000000000011,7648.9612974012125,10769.4
5303,L52482,L,303.9,313.1,1491,37.2,195,0,0,0,0,0,0,9.200000000000045,5808.302161662953,7254.000000000001
5304,L52483,L,303.9,313.2,1481,44.1,197,0,0,0,0,0,0,9.300000000000011,6839.467118350731,8687.7
5305,L52484,L,303.9,313.1,1425,49.3,199,0,0,0,0,0,0,9.200000000000045,7356.824596543897,9810.699999999999
5306,H34719,H,303.9,313.2,1680,29.1,201,0,0,0,0,0,0,9.300000000000011,5119.539388289927,5849.1
5307,H34720,H,304.0,313.2,1612,31.7,206,0,0,0,0,0,0,9.199999999999989,5351.221374516662,6530.2
5308,L52487,L,304.0,313.3,1530,34.8,211,0,0,0,0,0,0,9.300000000000011,5575.698641591164,7342.799999999999
5309,L52488,L,304.0,313.2,1481,42.6,213,0,0,0,0,0,0,9.199999999999989,6606.832182352407,9073.800000000001
5310,M20169,M,303.9,313.2,1422,48.0,215,1,1,0,0,0,0,9.300000000000011,7147.751605447497,10320.0
5311,L52490,L,303.8,313.0,1427,43.0,0,0,0,0,0,0,0,9.199999999999989,6425.708893897443,0.0
5312,H34725,H,303.7,312.9,1460,49.8,2,0,0,0,0,0,0,9.199999999999989,7613.963955240222,99.6
5313,L52492,L,303.6,312.9,1873,23.5,7,0,0,0,0,0,0,9.299999999999955,4609.292381469384,164.5
5314,M20173,M,303.7,312.9,1566,32.6,9,0,0,0,0,0,0,9.199999999999989,5346.111050466823,293.40000000000003
5315,L52494,L,303.6,312.8,1701,30.8,12,0,0,0,0,0,0,9.199999999999989,5486.351746523072,369.6
5316,L52495,L,303.6,312.8,1710,27.2,14,0,0,0,0,0,0,9.199999999999989,4870.725250125615,380.8
5317,M20176,M,303.6,312.8,1689,33.1,16,0,0,0,0,0,0,9.199999999999989,5854.452157744187,529.6
5318,L52497,L,303.6,312.7,1637,32.9,19,0,0,0,0,0,0,9.099999999999966,5639.923267406051,625.1
5319,L52498,L,303.5,312.6,1496,39.0,21,0,0,0,0,0,0,9.100000000000023,6109.76939270143,819.0
5320,M20179,M,303.5,312.7,1402,47.0,23,0,0,0,0,0,0,9.199999999999989,6900.403543854861,1081.0
5321,L52500,L,303.4,312.7,1363,45.5,26,0,0,0,0,0,0,9.300000000000011,6494.35269337838,1183.0
5322,M20181,M,303.4,312.7,1576,49.9,28,0,0,0,0,0,0,9.300000000000011,8235.41287002233,1397.2
5323,M20182,M,303.4,312.7,1357,55.3,31,0,0,0,0,0,0,9.300000000000011,7858.390335665019,1714.3
5324,M20183,M,303.4,312.7,1399,48.4,34,0,0,0,0,0,0,9.300000000000011,7090.7421707603535,1645.6
5325,M20184,M,303.4,312.8,1526,30.8,37,0,0,0,0,0,0,9.400000000000034,4921.912266428105,1139.6000000000001
5326,L52505,L,303.5,312.7,1694,27.3,40,0,0,0,0,0,0,9.199999999999989,4842.89073921481,1092.0
5327,M20186,M,303.5,312.7,1420,49.1,42,0,0,0,0,0,0,9.199999999999989,7301.270766452918,2062.2000000000003
5328,M20187,M,303.5,312.7,2116,16.7,45,0,0,0,0,0,0,9.199999999999989,3700.5029306144406,751.5
5329,M20188,M,303.7,312.9,1406,41.9,48,0,0,0,0,0,0,9.199999999999989,6169.187381756325,2011.1999999999998
5330,L52509,L,303.7,313.0,1456,45.5,51,0,0,0,0,0,0,9.300000000000011,6937.47433716722,2320.5
5331,L52510,L,303.6,312.9,1588,31.9,53,0,0,0,0,0,0,9.299999999999955,5304.809579047628,1690.6999999999998
5332,L52511,L,303.7,312.8,1448,44.5,55,0,0,0,0,0,0,9.100000000000023,6747.722140890397,2447.5
5333,H34746,H,303.6,312.7,1403,46.2,57,0,0,0,0,0,0,9.099999999999966,6787.787919199179,2633.4
5334,M20193,M,303.5,312.6,1405,51.6,62,0,0,0,0,0,0,9.100000000000023,7591.972806665094,3199.2000000000003
5335,M20194,M,303.4,312.6,2706,9.8,65,1,0,0,1,0,0,9.200000000000045,2777.042242067234,637.0
5336,M20195,M,303.3,312.4,1505,38.9,68,0,0,0,0,0,0,9.099999999999966,6130.765703602921,2645.2
5337,L52516,L,303.2,312.4,1663,33.7,71,0,0,0,0,0,0,9.199999999999989,5868.819708146605,2392.7000000000003
5338,M20197,M,303.3,312.6,1482,44.4,73,0,0,0,0,0,0,9.300000000000011,6890.643662677709,3241.2
5339,M20198,M,303.3,312.5,1674,32.7,76,0,0,0,0,0,0,9.199999999999989,5732.3384512991515,2485.2000000000003
5340,M20199,M,303.4,312.7,1594,32.8,79,0,0,0,0,0,0,9.300000000000011,5475.083900872195,2591.2
5341,L52520,L,303.5,312.7,1393,49.3,82,0,0,0,0,0,0,9.199999999999989,7191.618710867122,4042.6
5342,H34755,H,303.5,312.8,1404,55.8,84,0,0,0,0,0,0,9.300000000000011,8204.080719290529,4687.2
5343,M20202,M,303.5,312.8,1375,45.7,89,0,0,0,0,0,0,9.300000000000011,6580.327612331621,4067.3
5344,L52523,L,303.5,312.8,1607,38.4,92,0,0,0,0,0,0,9.300000000000011,6462.1304247280605,3532.7999999999997
5345,L52524,L,303.4,312.8,1360,50.8,94,0,0,0,0,0,0,9.400000000000034,7234.878441707054,4775.2
5346,L52525,L,303.5,312.8,1524,39.4,96,0,0,0,0,0,0,9.300000000000011,6287.960528013043,3782.3999999999996
5347,L52526,L,303.4,312.7,1534,35.5,98,0,0,0,0,0,0,9.300000000000011,5702.723704551312,3479.0
5348,L52527,L,303.3,312.7,1262,63.8,100,0,0,0,0,0,0,9.399999999999977,8431.573915312478,6380.0
5349,L52528,L,303.3,312.6,1623,34.6,102,0,0,0,0,0,0,9.300000000000011,5880.62162454859,3529.2000000000003
5350,M20209,M,303.3,312.7,1642,33.6,104,0,0,0,0,0,0,9.399999999999977,5777.514553657773,3494.4
5351,M20210,M,303.4,312.8,1622,35.1,107,0,0,0,0,0,0,9.400000000000034,5961.926042423494,3755.7000000000003
5352,M20211,M,303.5,312.9,1530,34.5,110,0,0,0,0,0,0,9.399999999999977,5527.632273991241,3795.0
5353,M20212,M,303.4,312.8,1590,36.3,113,0,0,0,0,0,0,9.400000000000034,6044.110106241402,4101.9
5354,L52533,L,303.4,312.7,1589,34.0,116,0,0,0,0,0,0,9.300000000000011,5657.589490094739,3944.0
5355,L52534,L,303.4,312.6,1462,37.5,118,0,0,0,0,0,0,9.200000000000045,5741.260574435347,4425.0
5356,H34769,H,303.3,312.5,1328,49.8,120,0,0,0,0,0,0,9.199999999999989,6925.578172985626,5976.0
5357,H34770,H,303.3,312.6,1692,29.0,125,0,0,0,0,0,0,9.300000000000011,5138.388944211465,3625.0
5358,L52537,L,303.3,312.5,1968,20.6,130,0,0,0,0,0,0,9.199999999999989,4245.422648355103,2678.0
5359,H34772,H,303.3,312.6,1827,24.2,132,0,0,0,0,0,0,9.300000000000011,4630.016421007565,3194.4
5360,M20219,M,303.3,312.6,1397,47.1,137,0,0,0,0,0,0,9.300000000000011,6890.423751191956,6452.7
5361,L52540,L,303.3,312.6,1463,44.0,140,0,0,0,0,0,0,9.300000000000011,6741.020076562739,6160.0
5362,L52541,L,303.3,312.7,1643,30.7,142,0,0,0,0,0,0,9.399999999999977,5282.07492021115,4359.4
5363,L52542,L,303.2,312.6,1281,57.0,144,0,0,0,0,0,0,9.400000000000034,7646.3223595721975,8208.0
5364,L52543,L,303.2,312.5,1518,39.9,146,0,0,0,0,0,0,9.300000000000011,6342.687072038576,5825.4
5365,L52544,L,303.2,312.6,1601,35.3,148,0,0,0,0,0,0,9.400000000000034,5918.268376514107,5224.4
5366,L52545,L,303.1,312.6,1548,36.4,150,0,0,0,0,0,0,9.5,5900.6649856784925,5460.0
5367,H34780,H,303.1,312.6,1404,40.6,152,0,0,0,0,0,0,9.5,5969.277369232894,6171.2
5368,M20227,M,303.1,312.5,1766,26.7,157,0,0,0,0,0,0,9.399999999999977,4937.766837353221,4191.9
5369,M20228,M,303.1,312.5,1667,30.0,160,0,0,0,0,0,0,9.399999999999977,5237.034953534185,4800.0
5370,H34783,H,303.0,312.5,1507,37.9,163,0,0,0,0,0,0,9.5,5981.1002295859025,6177.7
5371,H34784,H,303.0,312.4,1627,37.1,168,0,0,0,0,0,0,9.399999999999977,6321.062442606368,6232.8
5372,L52551,L,302.9,312.3,1435,47.7,173,0,0,0,0,0,0,9.400000000000034,7168.014878063151,8252.1
5373,H34786,H,302.9,312.3,1509,46.8,175,0,0,0,0,0,0,9.400000000000034,7395.434770256516,8189.999999999999
5374,M20233,M,302.9,312.3,1809,25.0,180,0,0,0,0,0,0,9.400000000000034,4735.950925286613,4500.0
5375,L52554,L,302.9,312.3,1515,40.8,183,0,0,0,0,0,0,9.400000000000034,6472.937503456409,7466.4
5376,L52555,L,302.9,312.3,1530,34.9,185,0,0,0,0,0,0,9.400000000000034,5591.720764124472,6456.5
5377,H34790,H,302.8,312.3,1336,57.5,187,0,0,0,0,0,0,9.5,8044.571588292263,10752.5
5378,L52557,L,302.9,312.4,2030,19.1,192,0,0,0,0,0,0,9.5,4060.299065254568,3667.2000000000003
5379,L52558,L,302.9,312.4,1550,36.9,194,0,0,0,0,0,0,9.5,5989.44639406894,7158.599999999999
5380,L52559,L,302.9,312.4,1446,41.7,196,0,0,0,0,0,0,9.5,6314.412738156269,8173.200000000001
5381,L52560,L,302.8,312.3,1494,37.5,198,0,0,0,0,0,0,9.5,5866.924280578938,7425.0
5382,L52561,L,302.8,312.4,1651,27.0,200,0,0,0,0,0,0,9.599999999999966,4668.092523969073,5400.0
5383,L52562,L,302.9,312.4,1698,33.8,202,0,0,0,0,0,0,9.5,6010.118073729561,6827.599999999999
5384,L52563,L,302.8,312.3,1504,40.3,204,0,0,0,0,0,0,9.5,6347.190021508722,8221.199999999999
5385,M20244,M,302.9,312.4,1421,46.0,206,0,0,0,0,0,0,9.5,6845.11151315168,9476.0
5386,H34799,H,302.9,312.3,1754,26.9,209,0,0,0,0,0,0,9.400000000000034,4940.950317908859,5622.099999999999
5387,L52566,L,302.9,312.2,1469,42.0,214,0,0,0,0,0,0,9.300000000000011,6460.999451372768,8988.0
5388,L52567,L,302.8,312.2,1433,50.0,216,0,0,0,0,0,0,9.399999999999977,7503.170454323622,10800.0
5389,M20248,M,302.8,312.3,1432,49.0,218,0,0,0,0,0,0,9.5,7347.975777236286,10682.0
5390,L52569,L,302.8,312.3,1366,49.1,221,0,0,0,0,0,0,9.5,7023.616807728653,10851.1
5391,H34804,H,302.8,312.3,1483,47.2,223,0,0,0,0,0,0,9.5,7330.131530963897,10525.6
5392,L52571,L,302.7,312.2,1572,34.4,228,0,0,0,0,0,0,9.5,5662.909253654817,7843.2
5393,L52572,L,302.8,312.2,1481,40.2,230,0,0,0,0,0,0,9.399999999999977,6234.616284755089,9246.0
5394,L52573,L,302.8,312.3,1473,42.6,232,0,0,0,0,0,0,9.5,6571.143689807626,9883.2
5395,M20254,M,302.8,312.3,1262,70.5,234,1,0,0,1,1,0,9.5,9317.021332751248,16497.0
5396,L52575,L,302.8,312.4,1529,36.8,237,0,0,0,0,0,0,9.599999999999966,5892.287405268919,8721.599999999999
5397,L52576,L,302.8,312.4,1523,39.7,239,0,0,0,0,0,0,9.599999999999966,6331.681025775501,9488.300000000001
5398,M20257,M,302.8,312.3,1416,42.7,241,0,0,0,0,0,0,9.5,6331.691497751013,10290.7
5399,L52578,L,302.9,312.4,1923,23.9,244,0,0,0,0,0,0,9.5,4812.888529373026,5831.599999999999
5400,H34813,H,302.8,312.4,1411,53.8,246,1,0,0,0,1,0,9.599999999999966,7949.465106692589,13234.8
5401,L52580,L,302.7,312.4,1477,46.3,251,1,0,0,0,1,0,9.699999999999989,7161.270925833444,11621.3
5402,M20261,M,302.6,312.3,1454,54.8,253,1,1,0,0,1,0,9.699999999999989,8343.986312130393,13864.4
5403,L52582,L,302.7,312.3,1421,48.5,0,0,0,0,0,0,0,9.600000000000023,7217.128443214272,0.0
5404,L52583,L,302.7,312.3,1858,25.4,2,0,0,0,0,0,0,9.600000000000023,4942.060347313127,50.8
5405,H34818,H,302.8,312.5,1422,46.1,4,0,0,0,0,0,0,9.699999999999989,6864.8197710652,184.4
5406,L52585,L,302.7,312.4,1444,48.7,9,0,0,0,0,0,0,9.699999999999989,7364.18639532881,438.3
5407,L52586,L,302.7,312.4,1360,47.8,11,0,0,0,0,0,0,9.699999999999989,6807.6218408188415,525.8
5408,L52587,L,302.7,312.4,1954,24.8,13,0,0,0,0,0,0,9.699999999999989,5074.635557294617,322.40000000000003
5409,L52588,L,302.6,312.4,1628,33.0,15,0,0,0,0,0,0,9.799999999999955,5625.964124048602,495.0
5410,L52589,L,302.7,312.4,1433,44.2,17,0,0,0,0,0,0,9.699999999999989,6632.802681622083,751.4000000000001
5411,M20270,M,302.7,312.5,1417,51.5,19,0,0,0,0,0,0,9.800000000000011,7641.976489734731,978.5
5412,L52591,L,302.8,312.6,1462,39.4,22,0,0,0,0,0,0,9.800000000000011,6032.151110206737,866.8
5413,L52592,L,302.9,312.6,1328,59.9,24,0,0,0,0,0,0,9.700000000000045,8330.1633044546,1437.6
5414,H34827,H,302.7,312.5,1527,36.4,26,0,0,0,0,0,0,9.800000000000011,5820.617204865024,946.4
5415,L52594,L,302.6,312.3,1534,34.3,31,0,0,0,0,0,0,9.699999999999989,5509.955579327042,1063.3
5416,M20275,M,302.6,312.4,1410,50.3,33,0,0,0,0,0,0,9.799999999999955,7427.03919235163,1659.8999999999999
5417,L52596,L,302.6,312.3,1660,30.3,36,0,0,0,0,0,0,9.699999999999989,5267.1942430086465,1090.8
5418,L52597,L,302.6,312.4,1386,45.8,38,0,0,0,0,0,0,9.799999999999955,6647.484391289858,1740.3999999999999
5419,L52598,L,302.6,312.4,1398,41.6,40,0,0,0,0,0,0,9.799999999999955,6090.165854543029,1664.0
5420,L52599,L,302.6,312.3,1321,53.4,42,0,0,0,0,0,0,9.699999999999989,7387.078133797967,2242.7999999999997
5421,L52600,L,302.6,312.3,1512,34.2,44,0,0,0,0,0,0,9.699999999999989,5415.100425139654,1504.8000000000002
5422,M20281,M,302.6,312.3,1566,36.6,46,0,0,0,0,0,0,9.699999999999989,6002.075596536371,1683.6000000000001
5423,M20282,M,302.7,312.4,1422,44.5,49,0,0,0,0,0,0,9.699999999999989,6626.5613842169505,2180.5
5424,L52603,L,302.6,312.3,1647,31.8,52,0,0,0,0,0,0,9.699999999999989,5484.655286490132,1653.6000000000001
5425,L52604,L,302.6,312.2,1377,45.5,54,0,0,0,0,0,0,9.599999999999966,6561.059177389603,2457.0
5426,L52605,L,302.5,312.2,1775,27.9,56,0,0,0,0,0,0,9.699999999999989,5185.984072913351,1562.3999999999999
5427,L52606,L,302.6,312.3,1554,42.0,58,0,0,0,0,0,0,9.699999999999989,6834.8489771499535,2436.0
5428,L52607,L,302.7,312.4,1423,51.9,60,0,0,0,0,0,0,9.699999999999989,7733.941378680816,3114.0
5429,L52608,L,302.7,312.4,1453,47.3,62,0,0,0,0,0,0,9.699999999999989,7197.064138133344,2932.6
5430,L52609,L,302.8,312.4,1590,34.4,64,0,0,0,0,0,0,9.599999999999966,5727.751726024911,2201.6
5431,L52610,L,302.8,312.5,1694,28.4,66,0,0,0,0,0,0,9.699999999999989,5038.025530904783,1874.3999999999999
5432,L52611,L,302.8,312.5,1462,43.4,68,0,0,0,0,0,0,9.699999999999989,6644.552238146507,2951.2
5433,L52612,L,302.8,312.4,1392,46.2,70,0,0,0,0,0,0,9.599999999999966,6734.569339647368,3234.0
5434,L52613,L,302.9,312.5,1550,45.5,72,0,0,0,0,0,0,9.600000000000023,7385.360729814005,3276.0
5435,L52614,L,302.9,312.5,1629,30.4,74,0,0,0,0,0,0,9.600000000000023,5185.889825133743,2249.6
5436,M20295,M,303.0,312.5,1524,42.1,76,0,0,0,0,0,0,9.5,6718.861376379418,3199.6
5437,M20296,M,302.9,312.5,1679,30.9,79,0,0,0,0,0,0,9.600000000000023,5432.97608733858,2441.1
5438,M20297,M,302.9,312.6,1394,46.4,82,0,0,0,0,0,0,9.700000000000045,6773.441312747785,3804.7999999999997
5439,L52618,L,302.9,312.5,1683,32.1,85,0,0,0,0,0,0,9.600000000000023,5657.4114665110355,2728.5
5440,L52619,L,303.0,312.5,1626,30.5,87,0,0,0,0,0,0,9.5,5193.366815649287,2653.5
5441,H34854,H,303.0,312.5,1698,30.0,89,0,0,0,0,0,0,9.5,5334.424325795469,2670.0
5442,M20301,M,303.0,312.6,1392,42.9,94,0,0,0,0,0,0,9.600000000000023,6253.528672529698,4032.6
5443,L52622,L,303.1,312.7,1353,51.8,97,0,0,0,0,0,0,9.599999999999966,7339.325925463402,5024.599999999999
5444,M20303,M,303.0,312.7,1426,46.8,99,0,0,0,0,0,0,9.699999999999989,6988.66135346971,4633.2
5445,L52624,L,303.0,312.7,2024,19.9,102,0,0,0,0,0,0,9.699999999999989,4217.860408807608,2029.8
5446,M20305,M,303.0,312.8,1648,32.1,104,0,0,0,0,0,0,9.800000000000011,5539.758821634097,3338.4
5447,L52626,L,303.1,312.9,1511,40.1,107,0,0,0,0,0,0,9.799999999999955,6345.085154430817,4290.7
5448,L52627,L,303.1,312.8,1465,44.1,109,0,0,0,0,0,0,9.699999999999989,6765.5768591382985,4806.900000000001
5449,L52628,L,303.0,312.7,1551,41.8,111,0,0,0,0,0,0,9.699999999999989,6789.170219966758,4639.799999999999
5450,L52629,L,303.1,312.8,2329,15.1,113,0,0,0,0,0,0,9.699999999999989,3682.773876072683,1706.3
5451,H34864,H,303.1,312.8,1435,41.9,115,0,0,0,0,0,0,9.699999999999989,6296.432356202223,4818.5
5452,L52631,L,303.0,312.7,1361,48.8,120,0,0,0,0,0,0,9.699999999999989,6955.1510318314195,5856.0
5453,M20312,M,303.0,312.7,1553,35.8,122,0,0,0,0,0,0,9.699999999999989,5822.146113289771,4367.599999999999
5454,L52633,L,303.0,312.6,1451,42.1,125,0,0,0,0,0,0,9.600000000000023,6397.026152970168,5262.5
5455,L52634,L,303.0,312.5,1461,40.2,127,0,0,0,0,0,0,9.5,6150.421601638882,5105.400000000001
5456,M20315,M,303.1,312.6,1895,23.5,129,0,0,0,0,0,0,9.5,4663.432494866249,3031.5
5457,M20316,M,303.1,312.6,1567,32.9,132,0,0,0,0,0,0,9.5,5398.753671365475,4342.8
5458,M20317,M,303.0,312.5,1602,33.7,135,0,0,0,0,0,0,9.5,5653.54730754712,4549.5
5459,L52638,L,303.1,312.6,1514,42.1,138,0,0,0,0,0,0,9.5,6674.774359474042,5809.8
5460,L52639,L,303.1,312.5,1453,49.1,140,0,0,0,0,0,0,9.399999999999977,7470.948185673304,6874.0
5461,M20320,M,303.0,312.4,1526,36.1,142,0,0,0,0,0,0,9.399999999999977,5768.864701884889,5126.2
5462,M20321,M,302.9,312.3,1339,52.1,145,0,0,0,0,0,0,9.400000000000034,7305.449084682194,7554.5
5463,L52642,L,302.9,312.3,1889,22.8,148,0,0,0,0,0,0,9.400000000000034,4510.196077199651,3374.4
5464,L52643,L,302.9,312.4,1561,34.8,150,0,0,0,0,0,0,9.5,5688.670313414253,5220.0
5465,M20324,M,302.9,312.4,1659,33.1,152,0,0,0,0,0,0,9.5,5750.465440910365,5031.2
5466,L52645,L,302.9,312.4,1424,49.5,155,0,0,0,0,0,0,9.5,7381.486098874578,7672.5
5467,M20326,M,302.9,312.3,1426,44.7,157,0,0,0,0,0,0,9.400000000000034,6675.067574788377,7017.900000000001
5468,L52647,L,302.9,312.4,1383,51.4,160,0,0,0,0,0,0,9.5,7444.129456387158,8224.0
5469,L52648,L,302.8,312.3,1764,29.9,162,0,0,0,0,0,0,9.5,5523.296876129287,4843.8
5470,M20329,M,302.7,312.2,1439,42.5,164,0,0,0,0,0,0,9.5,6404.398423730592,6970.0
5471,M20330,M,302.7,312.2,1585,35.5,167,0,0,0,0,0,0,9.5,5892.318821195456,5928.5
5472,L52651,L,302.7,312.3,1346,61.2,170,0,0,0,0,0,1,9.600000000000023,8626.310771932996,10404.0
5473,L52652,L,302.8,312.3,1386,57.8,172,0,0,0,0,0,0,9.5,8389.18335844004,9941.6
5474,L52653,L,302.7,312.2,1369,51.8,174,0,0,0,0,0,0,9.5,7426.117658506576,9013.199999999999
5475,M20334,M,302.7,312.1,1378,46.9,176,0,0,0,0,0,0,9.400000000000034,6767.849277824395,8254.4
5476,L52655,L,302.7,312.2,1336,46.8,179,0,0,0,0,0,0,9.5,6547.581744905702,8377.199999999999
5477,M20336,M,302.6,312.1,1445,42.0,181,0,0,0,0,0,0,9.5,6355.441938212151,7602.0
5478,L52657,L,302.7,312.1,1763,26.5,184,0,0,0,0,0,0,9.400000000000034,4892.454599312944,4876.0
5479,L52658,L,302.7,312.2,1611,34.1,186,0,0,0,0,0,0,9.5,5752.790219474022,6342.6
5480,M20339,M,302.7,312.1,1564,32.1,188,0,0,0,0,0,0,9.400000000000034,5257.392473929447,6034.8
5481,H34894,H,302.7,312.1,1478,36.0,191,0,0,0,0,0,0,9.400000000000034,5571.928730406857,6876.0
5482,L52661,L,302.6,312.0,1781,28.5,196,0,0,0,0,0,0,9.399999999999977,5315.41769024125,5586.0
5483,L52662,L,302.6,312.1,1782,26.8,198,0,0,0,0,0,0,9.5,5001.164177102663,5306.400000000001
5484,M20343,M,302.6,312.1,2000,21.9,200,0,0,0,0,0,0,9.5,4586.725274241097,4380.0
5485,M20344,M,302.5,312.0,1826,25.3,203,0,0,0,0,0,0,9.5,4837.822303067018,5135.900000000001
5486,L52665,L,302.6,312.1,1344,51.0,206,0,0,0,0,0,0,9.5,7177.910894921959,10506.0
5487,L52666,L,302.6,312.2,1520,43.0,208,0,0,0,0,0,0,9.599999999999966,6844.483194620962,8944.0
5488,M20347,M,302.6,312.1,1611,39.9,210,0,0,0,0,0,0,9.5,6731.270667361097,8379.0
5489,L52668,L,302.7,312.2,1450,52.1,213,1,0,0,0,1,0,9.5,7911.053900514697,11097.300000000001
5490,L52669,L,302.6,312.1,1499,35.0,215,0,0,0,0,0,1,9.5,5494.12195235295,7525.0
5491,L52670,L,302.6,312.1,1288,68.5,0,1,0,0,1,0,0,9.5,9239.214554697342,0.0
5492,M20351,M,302.7,312.2,1350,58.6,2,0,0,0,0,0,0,9.5,8284.379827516284,117.2
5493,M20352,M,302.9,312.4,1334,50.9,5,0,0,0,0,0,0,9.5,7110.534204477969,254.5
5494,L52673,L,302.8,312.4,1376,57.1,8,0,0,0,0,0,0,9.599999999999966,8227.78927184962,456.8
5495,L52674,L,302.8,312.4,1368,49.5,10,0,0,0,0,0,0,9.599999999999966,7091.2029376828805,495.0
5496,H34909,H,302.9,312.5,1357,55.0,12,0,0,0,0,0,1,9.600000000000023,7815.7589233558065,660.0
5497,M20356,M,302.9,312.5,1924,24.0,17,0,0,0,0,0,0,9.600000000000023,4835.539412405409,408.0
5498,M20357,M,302.9,312.5,1551,40.0,20,0,0,0,0,0,0,9.600000000000023,6496.8136076236915,800.0
5499,M20358,M,302.9,312.5,1903,21.2,23,0,0,0,0,0,0,9.600000000000023,4224.771912645506,487.59999999999997
5500,H34913,H,302.9,312.3,1417,48.7,26,0,0,0,0,0,0,9.400000000000034,7226.49038932197,1266.2
5501,L52680,L,302.7,312.1,1601,35.2,31,0,0,0,0,0,0,9.400000000000034,5901.50274371945,1091.2
5502,L52681,L,302.7,312.1,1543,37.5,33,0,0,0,0,0,0,9.400000000000034,6059.346830611314,1237.5
5503,L52682,L,302.6,312.1,1439,52.3,35,0,0,0,0,0,0,9.5,7881.177354379058,1830.5
5504,H34917,H,302.6,312.0,1657,29.3,37,0,0,0,0,0,0,9.399999999999977,5084.154583034993,1084.1000000000001
5505,L52684,L,302.8,312.2,1458,51.0,42,0,0,0,0,0,0,9.399999999999977,7786.751551187661,2142.0
5506,L52685,L,302.8,312.2,1746,27.4,44,0,0,0,0,0,0,9.399999999999977,5009.83497282657,1205.6
5507,L52686,L,302.9,312.2,1677,30.5,46,0,0,0,0,0,0,9.300000000000011,5356.258394737917,1403.0
5508,L52687,L,302.8,312.1,1520,39.9,48,0,0,0,0,0,0,9.300000000000011,6351.043708497125,1915.1999999999998
5509,L52688,L,302.9,312.2,1367,55.1,50,0,0,0,0,0,0,9.300000000000011,7887.669979196477,2755.0
5510,L52689,L,302.8,312.2,1509,36.5,52,0,0,0,0,0,1,9.399999999999977,5767.807032358181,1898.0
5511,L52690,L,302.8,312.1,1418,51.4,54,0,0,0,0,0,0,9.300000000000011,7632.520295847426,2775.6
5512,L52691,L,302.8,312.1,1958,20.3,56,0,0,0,0,0,0,9.300000000000011,4162.337994643165,1136.8
5513,L52692,L,302.8,312.2,1682,30.9,58,0,0,0,0,0,0,9.399999999999977,5442.683608638173,1792.1999999999998
5514,M20373,M,302.8,312.2,1452,50.3,60,0,0,0,0,0,0,9.399999999999977,7648.270147017422,3018.0
5515,L52694,L,302.7,312.0,1828,24.0,63,0,0,0,0,0,0,9.300000000000011,4594.2650966097135,1512.0
5516,H34929,H,302.7,312.0,1484,41.5,65,0,0,0,0,0,0,9.300000000000011,6449.270838799366,2697.5
5517,L52696,L,302.6,312.0,1674,32.2,70,0,0,0,0,0,0,9.399999999999977,5644.688016263996,2254.0
5518,L52697,L,302.6,311.9,1448,49.5,72,0,0,0,0,0,0,9.299999999999955,7505.893167956733,3564.0
5519,M20378,M,302.5,311.8,2023,19.1,74,0,0,0,0,0,0,9.300000000000011,4046.29803399507,1413.4
5520,L52699,L,302.5,311.9,1452,47.4,77,0,0,0,0,0,0,9.399999999999977,7207.31620215956,3649.7999999999997
5521,M20380,M,302.6,312.0,1496,45.0,79,0,0,0,0,0,0,9.399999999999977,7049.733914655495,3555.0
5522,L52701,L,302.6,311.9,1397,46.9,82,0,0,0,0,0,0,9.299999999999955,6861.165051611523,3845.7999999999997
5523,L52702,L,302.6,311.9,1453,39.1,84,0,0,0,0,0,0,9.299999999999955,5949.370143784647,3284.4
5524,M20383,M,302.5,311.9,1524,34.8,86,0,0,0,0,0,0,9.399999999999977,5553.833156722179,2992.7999999999997
5525,L52704,L,302.6,311.9,1633,30.9,89,0,0,0,0,0,0,9.299999999999955,5284.127427411496,2750.1
5526,M20385,M,302.6,312.0,1363,45.7,91,0,0,0,0,0,0,9.399999999999977,6522.899298624,4158.7
5527,L52706,L,302.5,311.9,1520,44.9,94,0,0,0,0,0,0,9.399999999999977,7146.913847406539,4220.599999999999
5528,M20387,M,302.5,311.9,1532,38.8,96,0,0,0,0,0,0,9.399999999999977,6224.709795920768,3724.7999999999997
5529,L52708,L,302.4,311.8,1384,50.9,99,0,0,0,0,0,0,9.400000000000034,7377.045981257503,5039.099999999999
5530,M20389,M,302.4,311.8,1539,39.9,101,0,0,0,0,0,0,9.400000000000034,6430.431754853339,4029.8999999999996
5531,M20390,M,302.3,311.8,1355,50.1,104,0,0,0,0,0,0,9.5,7108.952936175663,5210.400000000001
5532,M20391,M,302.3,311.7,1504,37.3,107,0,0,0,0,0,0,9.399999999999977,5874.694486408817,3991.1
5533,L52712,L,302.4,311.8,1476,46.6,110,0,0,0,0,0,0,9.400000000000034,7202.792308738391,5126.0
5534,L52713,L,302.4,311.7,1721,26.9,112,0,0,0,0,0,0,9.300000000000011,4847.990591289136,3012.7999999999997
5535,M20394,M,302.3,311.7,1494,37.1,114,0,0,0,0,0,0,9.399999999999977,5804.34375491943,4229.400000000001
5536,L52715,L,302.3,311.7,1465,43.5,117,0,0,0,0,0,0,9.399999999999977,6673.528194388117,5089.5
5537,M20396,M,302.3,311.8,1363,54.0,119,1,0,0,0,0,0,9.5,7707.5834163171985,6426.0
5538,L52717,L,302.4,311.8,1648,30.0,122,0,0,0,0,0,0,9.400000000000034,5177.344693115979,3660.0
5539,M20398,M,302.3,311.8,1879,23.0,124,0,0,0,0,0,0,9.5,4525.673657006336,2852.0
5540,H34953,H,302.3,311.7,1482,39.0,127,0,0,0,0,0,0,9.399999999999977,6052.5924064060955,4953.0
5541,L52720,L,302.4,311.8,1493,38.4,132,0,0,0,0,0,0,9.400000000000034,6003.709224716237,5068.8
5542,L52721,L,302.4,311.8,1433,42.2,134,0,0,0,0,0,0,9.400000000000034,6332.675863449138,5654.8
5543,L52722,L,302.3,311.7,1400,41.6,136,0,0,0,0,0,0,9.399999999999977,6098.878538168985,5657.6
5544,L52723,L,302.4,311.8,1255,59.0,138,0,0,0,0,0,0,9.400000000000034,7753.974267835208,8142.0
5545,L52724,L,302.2,311.7,1471,45.6,140,0,0,0,0,0,0,9.5,7024.34984601449,6384.0
5546,H34959,H,302.2,311.6,1357,44.2,142,0,0,0,0,0,0,9.400000000000034,6281.028080224121,6276.400000000001
5547,L52726,L,302.3,311.7,1453,41.2,147,0,0,0,0,0,0,9.399999999999977,6268.901532581265,6056.400000000001
5548,M20407,M,302.3,311.7,1540,28.9,149,0,0,0,0,0,0,9.399999999999977,4660.657421355578,4306.099999999999
5549,L52728,L,302.3,311.8,1605,35.2,152,0,0,0,0,0,0,9.5,5916.247285240299,5350.400000000001
5550,H34963,H,302.3,311.9,1374,52.4,154,0,0,0,0,0,0,9.599999999999966,7539.571041203215,8069.599999999999
5551,M20410,M,302.3,311.9,1508,42.3,159,0,0,0,0,0,0,9.599999999999966,6679.905627474905,6725.7
5552,H34965,H,302.4,311.9,1366,47.3,162,0,0,0,0,0,0,9.5,6766.1318738404325,7662.599999999999
5553,H34966,H,302.5,312.0,1579,35.7,167,0,0,0,0,0,0,9.5,5903.084012021757,5961.900000000001
5554,L52733,L,302.5,311.9,1306,59.7,172,0,0,0,0,0,1,9.399999999999977,8164.810811120657,10268.4
5555,M20414,M,302.5,312.0,1521,40.2,174,0,0,0,0,0,0,9.5,6403.005650987501,6994.8
5556,L52735,L,302.5,312.0,1411,44.2,177,0,0,0,0,0,0,9.5,6530.973191743726,7823.400000000001
5557,H34970,H,302.5,312.0,1357,42.0,179,0,0,0,0,0,0,9.5,5968.397723289889,7518.0
5558,M20417,M,302.5,312.0,1436,43.5,184,0,0,0,0,0,0,9.5,6541.424223304667,8004.0
5559,L52738,L,302.5,311.9,1553,40.1,187,0,0,0,0,0,0,9.399999999999977,6521.454166003348,7498.7
5560,M20419,M,302.5,312.0,1451,43.2,189,0,0,0,0,0,0,9.5,6564.169354116658,8164.8
5561,L52740,L,302.4,311.9,1541,37.9,192,0,0,0,0,0,0,9.5,6116.042106033096,7276.799999999999
5562,M20421,M,302.3,311.7,1341,46.3,194,0,0,0,0,0,0,9.399999999999977,6501.871571795971,8982.199999999999
5563,L52742,L,302.3,311.7,1648,32.1,197,0,0,0,0,0,0,9.399999999999977,5539.758821634097,6323.700000000001
5564,M20423,M,302.3,311.7,1640,31.5,199,0,0,0,0,0,0,9.399999999999977,5409.822549481623,6268.5
5565,L52744,L,302.4,311.8,1416,46.1,202,0,0,0,0,0,0,9.400000000000034,6835.854286799102,9312.2
5566,L52745,L,302.4,311.9,1671,29.9,204,0,0,0,0,0,0,9.5,5232.102653068048,6099.599999999999
5567,L52746,L,302.4,312.0,1457,45.5,206,0,0,0,0,0,0,9.600000000000023,6942.239086025164,9373.0
5568,M20427,M,302.5,312.0,1445,54.8,0,0,0,0,0,0,0,9.5,8292.338528905379,0.0
5569,L52748,L,302.5,312.1,1534,38.6,3,0,0,0,0,0,0,9.600000000000023,6200.708028047342,115.80000000000001
5570,L52749,L,302.4,312.0,1508,36.9,5,0,0,0,0,0,0,9.600000000000023,5827.151717584491,184.5
5571,M20430,M,302.4,312.1,1492,47.7,7,0,0,0,0,0,0,9.700000000000045,7452.737420257995,333.90000000000003
5572,L52751,L,302.4,312.0,1562,37.9,10,0,0,0,0,0,0,9.600000000000023,6199.3885591328335,379.0
5573,L52752,L,302.4,312.0,1545,36.4,12,0,0,0,0,0,0,9.600000000000023,5889.229588419426,436.79999999999995
5574,L52753,L,302.5,312.2,1738,25.3,14,0,0,0,0,0,0,9.699999999999989,4604.674240268608,354.2
5575,L52754,L,302.4,312.0,1305,49.1,16,0,0,0,0,0,0,9.600000000000023,6709.970669169759,785.6
5576,H34989,H,302.4,312.0,1477,39.7,18,0,0,0,0,0,0,9.600000000000023,6140.441808975977,714.6
5577,H34990,H,302.4,312.0,1457,43.4,23,0,0,0,0,0,0,9.600000000000023,6621.828051285541,998.1999999999999
5578,L52757,L,302.4,312.1,1455,40.4,28,0,0,0,0,0,0,9.700000000000045,6155.63664544384,1131.2
5579,L52758,L,302.5,312.2,1574,38.7,30,0,0,0,0,0,0,9.699999999999989,6378.878219407931,1161.0
5580,L52759,L,302.6,312.2,1695,27.1,32,0,0,0,0,0,0,9.599999999999966,4810.249591544011,867.2
5581,M20440,M,302.6,312.2,1458,38.8,34,0,0,0,0,0,0,9.599999999999966,5924.0384350212,1319.1999999999998
5582,M20441,M,302.5,312.1,1454,47.6,37,0,0,0,0,0,0,9.600000000000023,7247.696139733701,1761.2
5583,L52762,L,302.5,312.0,2052,18.9,40,0,0,0,0,0,0,9.5,4061.32531885474,756.0
5584,L52763,L,302.5,312.0,1673,29.9,42,0,0,0,0,0,0,9.5,5238.364894424204,1255.8
5585,L52764,L,302.4,311.9,1578,29.9,44,0,0,0,0,0,0,9.5,4940.908430006811,1315.6
5586,M20445,M,302.5,312.0,1642,29.1,46,0,0,0,0,0,0,9.5,5003.740283078608,1338.6000000000001
5587,M20446,M,302.4,311.8,1557,31.5,49,0,0,0,0,0,0,9.400000000000034,5136.032749721273,1543.5
5588,L52767,L,302.5,311.9,1481,42.9,52,0,0,0,0,0,0,9.399999999999977,6653.359169552072,2230.7999999999997
5589,M20448,M,302.5,311.8,1566,37.6,54,0,0,0,0,0,0,9.300000000000011,6166.066733053759,2030.4
5590,M20449,M,302.5,311.9,1298,57.5,57,0,0,0,0,0,0,9.399999999999977,7815.7589233558065,3277.5
5591,M20450,M,302.5,311.9,1340,59.4,60,0,0,0,0,0,0,9.399999999999977,8335.27362850444,3564.0
5592,L52771,L,302.5,312.0,1574,33.8,63,0,0,0,0,0,0,9.5,5571.216636072043,2129.3999999999996
5593,L52772,L,302.5,311.9,1437,46.7,65,0,0,0,0,0,0,9.399999999999977,7027.522854594617,3035.5
5594,L52773,L,302.6,311.9,1354,48.0,67,0,0,0,0,0,0,9.299999999999955,6805.946324736928,3216.0
5595,L52774,L,302.6,311.9,1598,35.5,69,0,0,0,0,0,0,9.299999999999955,5940.646988183179,2449.5
5596,M20455,M,302.7,312.0,1944,21.4,71,0,0,0,0,0,0,9.300000000000011,4356.509364586038,1519.3999999999999
5597,M20456,M,302.7,312.0,1538,36.7,74,0,0,0,0,0,0,9.300000000000011,5910.864689827148,2715.8
5598,L52777,L,302.7,312.0,1501,37.0,77,0,0,0,0,0,0,9.300000000000011,5815.821040080545,2849.0
5599,L52778,L,302.8,312.1,1441,52.1,79,0,0,0,0,0,0,9.300000000000011,7861.950807339089,4115.900000000001
5600,M20459,M,302.7,312.0,1652,31.0,81,0,0,0,0,0,0,9.300000000000011,5362.9080991880155,2511.0
5601,L52780,L,302.8,312.1,1487,36.6,84,0,0,0,0,0,0,9.300000000000011,5699.288896583387,3074.4
5602,L52781,L,302.9,312.2,1605,33.9,86,0,0,0,0,0,0,9.300000000000011,5697.749516183128,2915.4
5603,L52782,L,302.9,312.1,1334,54.7,88,0,0,0,0,0,0,9.200000000000045,7641.379587130549,4813.6
5604,L52783,L,302.9,312.2,1340,57.8,90,0,0,0,0,0,0,9.300000000000011,8110.754473527888,5202.0
5605,L52784,L,302.9,312.2,1513,37.8,92,0,0,0,0,0,0,9.300000000000011,5989.069402950509,3477.6
5606,L52785,L,302.9,312.2,1510,41.4,94,0,0,0,0,0,0,9.300000000000011,6546.4507715504105,3891.6
5607,L52786,L,302.9,312.2,1729,23.6,96,0,0,0,0,0,0,9.300000000000011,4273.026775804645,2265.6000000000004
5608,M20467,M,302.9,312.2,1745,25.5,98,0,0,0,0,0,0,9.300000000000011,4659.76730343706,2499.0
5609,M20468,M,303.1,312.3,1623,31.6,101,0,0,0,0,0,0,9.199999999999989,5370.741136870967,3191.6000000000004
5610,M20469,M,303.1,312.4,1378,50.1,104,0,0,0,0,0,0,9.299999999999955,7229.621510000047,5210.400000000001
5611,L52790,L,303.1,312.4,1407,41.2,107,0,0,0,0,0,0,9.299999999999955,6070.436652678485,4408.400000000001
5612,M20471,M,303.0,312.3,1674,29.5,109,0,0,0,0,0,0,9.300000000000011,5171.375667074159,3215.5
5613,L52792,L,303.0,312.3,1486,42.4,112,0,0,0,0,0,0,9.300000000000011,6598.014778971331,4748.8
5614,M20473,M,303.0,312.3,1483,38.8,114,0,0,0,0,0,0,9.300000000000011,6025.61659748727,4423.2
5615,H35028,H,303.0,312.2,1624,28.8,117,0,0,0,0,0,0,9.199999999999989,4897.868610652631,3369.6
5616,M20475,M,303.0,312.2,1257,71.3,122,1,0,0,1,0,0,9.199999999999989,9385.413804819898,8698.6
5617,L52796,L,303.0,312.3,1480,41.4,125,0,0,0,0,0,0,9.300000000000011,6416.388835691793,5175.0
5618,L52797,L,303.1,312.4,1404,61.5,127,1,0,0,1,0,0,9.299999999999955,9042.131975562143,7810.5
5619,M20478,M,303.0,312.4,1645,29.6,129,0,0,0,0,0,0,9.399999999999977,5099.014316286473,3818.4
5620,L52799,L,303.0,312.3,1932,21.9,132,0,0,0,0,0,0,9.300000000000011,4430.7766149169,2890.7999999999997
5621,L52800,L,303.0,312.3,1533,38.5,134,0,0,0,0,0,0,9.300000000000011,6180.612307039879,5159.0
5622,M20481,M,302.9,312.2,1292,54.4,136,0,0,0,0,0,0,9.300000000000011,7360.207044634263,7398.4
5623,L52802,L,302.9,312.2,1571,40.6,139,0,0,0,0,0,0,9.300000000000011,6679.298252895212,5643.400000000001
5624,L52803,L,302.9,312.3,1578,36.3,141,0,0,0,0,0,0,9.400000000000034,5998.494180911278,5118.299999999999
5625,M20484,M,302.8,312.2,1469,36.9,143,0,0,0,0,0,0,9.399999999999977,5676.449517991789,5276.7
5626,L52805,L,302.7,312.1,1728,24.4,146,0,0,0,0,0,0,9.400000000000034,4415.319979061238,3562.3999999999996
5627,H35040,H,302.7,312.1,1603,32.5,148,0,0,0,0,0,0,9.400000000000034,5455.637442346475,4810.0
5628,L52807,L,302.7,312.1,1597,39.8,153,0,0,0,0,0,0,9.400000000000034,6656.050467258647,6089.4
5629,L52808,L,302.7,312.1,1688,32.0,155,0,0,0,0,0,0,9.400000000000034,5656.542292543542,4960.0
5630,L52809,L,302.7,312.2,1405,51.4,157,0,0,0,0,0,0,9.5,7562.54655547647,8069.8
5631,M20490,M,302.8,312.2,1615,32.9,159,0,0,0,0,0,0,9.399999999999977,5564.127108650442,5231.099999999999
5632,L52811,L,302.8,312.2,1515,36.8,162,0,0,0,0,0,0,9.399999999999977,5838.335787431271,5961.599999999999
5633,L52812,L,302.7,312.2,1376,52.8,164,0,0,0,0,0,0,9.5,7608.183424757617,8659.199999999999
5634,L52813,L,302.7,312.2,1447,47.5,166,0,0,0,0,0,0,9.5,7197.650568762015,7885.0
5635,M20494,M,302.6,312.2,1353,56.5,168,0,0,0,0,0,0,9.599999999999966,8005.249320244831,9492.0
5636,L52815,L,302.6,312.1,1502,47.3,171,0,0,0,0,0,0,9.5,7439.773114574179,8088.299999999999
5637,L52816,L,302.6,312.0,1447,45.5,173,0,0,0,0,0,0,9.399999999999977,6894.591597445719,7871.5
5638,M20497,M,302.5,312.0,1487,46.1,175,0,0,0,0,0,0,9.5,7178.612517281261,8067.5
5639,L52818,L,302.6,312.1,1519,38.1,178,0,0,0,0,0,0,9.5,6060.540635819678,6781.8
5640,L52819,L,302.6,312.1,1668,28.7,180,0,0,0,0,0,1,9.5,5013.102229186305,5166.0
5641,L52820,L,302.6,312.1,1420,51.6,182,0,0,0,0,0,0,9.5,7673.025897127711,9391.2
5642,L52821,L,302.6,312.1,1473,37.3,184,0,0,0,0,0,0,9.5,5753.607033563954,6863.2
5643,L52822,L,302.5,312.0,1495,38.8,186,0,0,0,0,0,0,9.5,6074.374115470983,7216.799999999999
5644,L52823,L,302.5,312.0,1574,42.0,188,0,0,0,0,0,0,9.5,6922.813571450468,7896.0
5645,L52824,L,302.5,312.0,1383,51.3,190,0,0,0,0,0,0,9.5,7429.646714254109,9747.0
5646,M20505,M,302.5,312.0,1591,29.4,192,0,0,0,0,0,0,9.5,4898.308433624133,5644.799999999999
5647,M20506,M,302.4,311.8,1644,37.2,195,0,0,0,0,0,0,9.400000000000034,6404.325119902009,7254.000000000001
5648,H35061,H,302.5,311.8,2370,14.7,198,0,0,0,0,0,0,9.300000000000011,3648.3315486138267,2910.6
5649,L52828,L,302.5,311.9,1401,44.9,203,0,0,0,0,0,0,9.399999999999977,6587.3857238266855,9114.699999999999
5650,M20509,M,302.5,311.9,1414,51.6,205,0,0,0,0,0,0,9.399999999999977,7640.604660942665,10578.0
5651,L52830,L,302.5,312.0,1456,46.3,208,0,0,0,0,0,0,9.5,7059.4519079306,9630.4
5652,M20511,M,302.5,312.0,1447,45.7,210,0,0,0,0,0,0,9.5,6924.89749457735,9597.0
5653,L52832,L,302.4,311.8,1727,26.5,213,0,0,0,0,0,0,9.400000000000034,4792.551952928789,5644.5
5654,L52833,L,302.4,311.7,1495,36.8,215,0,0,0,0,0,0,9.300000000000011,5761.262047663201,7911.999999999999
5655,L52834,L,302.3,311.6,1544,34.3,0,0,0,0,0,0,0,9.300000000000011,5545.874455333085,0.0
5656,L52835,L,302.3,311.5,1387,47.3,2,0,0,0,0,0,0,9.199999999999989,6870.15000660079,94.6
5657,M20516,M,302.3,311.5,1316,47.2,4,0,0,0,0,0,0,9.199999999999989,6504.68853320869,188.8
5658,L52837,L,302.3,311.5,1794,26.1,7,0,0,0,0,0,0,9.199999999999989,4903.334981869877,182.70000000000002
5659,M20518,M,302.2,311.4,1372,55.1,9,0,0,0,0,0,0,9.199999999999989,7916.520271731943,495.90000000000003
5660,M20519,M,302.3,311.5,1674,30.0,12,0,0,0,0,0,0,9.199999999999989,5259.026102109314,360.0
5661,L52840,L,302.2,311.4,1477,41.7,15,0,0,0,0,0,0,9.199999999999989,6449.783965599453,625.5
5662,L52841,L,302.2,311.4,1397,53.0,17,0,0,0,0,0,0,9.199999999999989,7753.555388814729,901.0
5663,L52842,L,302.2,311.5,1616,34.0,19,0,0,0,0,0,0,9.300000000000011,5753.722225294586,646.0
5664,M20523,M,302.3,311.5,1530,42.3,21,0,0,0,0,0,0,9.199999999999989,6777.35783158926,888.3
5665,M20524,M,302.2,311.4,1539,35.1,24,0,0,0,0,0,0,9.199999999999989,5656.845979833389,842.4000000000001
5666,L52845,L,302.3,311.4,1845,21.9,27,0,0,0,0,0,0,9.099999999999966,4231.254065487413,591.3
5667,L52846,L,302.2,311.4,1430,43.1,29,0,0,0,0,0,0,9.199999999999989,6454.19266728999,1249.9
5668,L52847,L,302.2,311.4,2080,19.2,31,0,0,0,0,0,0,9.199999999999989,4182.088140458733,595.1999999999999
5669,M20528,M,302.2,311.4,1432,45.3,33,0,0,0,0,0,0,9.199999999999989,6793.128626710281,1494.8999999999999
5670,M20529,M,302.2,311.5,1479,39.5,36,0,0,0,0,0,0,9.300000000000011,6117.780453968084,1422.0
5671,L52850,L,302.2,311.5,1424,45.2,39,0,0,0,0,0,0,9.300000000000011,6740.266094325877,1762.8000000000002
5672,H35085,H,302.2,311.6,1534,37.2,41,0,0,0,0,0,0,9.400000000000034,5975.811881952361,1525.2
5673,H35086,H,302.1,311.6,1701,26.2,46,0,0,0,0,0,0,9.5,4666.961550613781,1205.2
5674,L52853,L,302.2,311.6,1462,50.0,51,0,0,0,0,0,0,9.400000000000034,7655.014099247129,2550.0
5675,M20534,M,302.2,311.7,1393,42.5,53,0,0,0,0,0,0,9.5,6199.671302471657,2252.5
5676,M20535,M,302.3,311.7,1453,42.5,56,0,0,0,0,0,0,9.399999999999977,6466.70667802679,2380.0
5677,L52856,L,302.3,311.8,1565,37.8,59,0,0,0,0,0,0,9.5,6194.906553613712,2230.2
5678,L52857,L,302.3,311.8,1281,51.7,61,0,0,0,0,0,0,9.5,6935.348526138291,3153.7000000000003
5679,M20538,M,302.2,311.7,1584,36.2,63,0,0,0,0,0,0,9.5,6004.714534365387,2280.6000000000004
5680,M20539,M,302.2,311.7,1466,49.0,66,0,0,0,0,0,0,9.5,7522.43888926564,3234.0
5681,M20540,M,302.2,311.6,1386,50.5,69,0,0,0,0,0,0,9.400000000000034,7329.649820090346,3484.5
5682,L52861,L,302.2,311.6,1383,44.3,72,0,0,0,0,0,0,9.400000000000034,6415.854764940682,3189.6
5683,H35096,H,302.3,311.6,1441,53.9,74,0,0,0,0,0,0,9.300000000000011,8133.572908168461,3988.6
5684,M20543,M,302.2,311.6,1592,37.7,79,0,0,0,0,0,0,9.400000000000034,6285.112150673788,2978.3
5685,H35098,H,302.2,311.6,1594,36.8,82,0,0,0,0,0,0,9.400000000000034,6142.777059515146,3017.6
5686,L52865,L,302.2,311.5,1482,45.6,87,0,0,0,0,0,0,9.300000000000011,7076.877275182511,3967.2000000000003
5687,L52866,L,302.2,311.6,1658,31.4,89,0,0,0,0,0,0,9.400000000000034,5451.836115235631,2794.6
5688,L52867,L,302.3,311.7,2170,18.2,91,0,0,0,0,0,0,9.399999999999977,4135.802008695843,1656.2
5689,M20548,M,302.3,311.7,1423,44.6,93,0,0,0,0,0,0,9.399999999999977,6646.123034473303,4147.8
5690,L52869,L,302.4,311.8,1543,31.1,96,0,0,0,0,0,0,9.400000000000034,5025.218304853649,2985.6000000000004
5691,L52870,L,302.3,311.8,1435,44.8,98,0,0,0,0,0,0,9.5,6732.223617132686,4390.4
5692,L52871,L,302.4,311.8,1320,56.4,100,0,0,0,0,0,0,9.400000000000034,7796.17632914843,5640.0
5693,M20552,M,302.4,311.9,1313,55.7,102,0,0,0,0,0,0,9.5,7658.58504289671,5681.400000000001
5694,M20553,M,302.4,311.8,1453,42.1,105,0,0,0,0,0,0,9.400000000000034,6405.843556351244,4420.5
5695,L52874,L,302.4,311.8,1508,45.7,108,0,0,0,0,0,0,9.400000000000034,7216.8247559244255,4935.6
5696,L52875,L,302.4,311.8,1451,42.0,110,0,0,0,0,0,0,9.400000000000034,6381.8313165023055,4620.0
5697,H35110,H,302.5,311.9,1595,34.6,112,0,0,0,0,0,0,9.399999999999977,5779.169125788663,3875.2000000000003
5698,L52877,L,302.5,311.9,1354,49.4,117,0,0,0,0,0,0,9.399999999999977,7004.453092541754,5779.8
5699,L52878,L,302.5,311.9,1265,59.8,119,0,0,0,0,0,0,9.399999999999977,7921.735315536902,7116.2
5700,L52879,L,302.4,311.9,1867,25.9,121,0,0,0,0,0,0,9.5,5063.755174737684,3133.8999999999996
5701,L52880,L,302.5,311.9,1497,41.6,123,0,0,0,0,0,0,9.399999999999977,6521.4436940278365,5116.8
5702,M20561,M,302.5,311.9,1347,54.3,125,0,0,0,0,0,0,9.399999999999977,7659.422800937666,6787.5
5703,L52882,L,302.3,311.7,1544,43.2,128,0,0,0,0,0,0,9.399999999999977,6984.891442285402,5529.6
5704,H35117,H,302.3,311.7,1456,45.4,130,0,0,0,0,0,0,9.399999999999977,6922.227140821798,5902.0
5705,L52884,L,302.5,311.8,1335,52.7,135,0,0,0,0,0,0,9.300000000000011,7367.506011566103,7114.5
5706,L52885,L,302.4,311.9,1452,43.1,137,0,0,0,0,0,0,9.5,6553.4879390944525,5904.7
5707,L52886,L,302.4,311.9,1290,70.0,139,1,0,0,1,0,0,9.5,9456.193887305277,9730.0
5708,L52887,L,302.4,311.8,1448,43.4,141,0,0,0,0,0,0,9.400000000000034,6580.924514935802,6119.4
5709,L52888,L,302.3,311.7,1611,38.6,143,0,0,0,0,0,0,9.399999999999977,6511.956084213995,5519.8
5710,L52889,L,302.2,311.7,1556,38.6,145,0,0,0,0,0,0,9.5,6289.6360440949575,5597.0
5711,H35124,H,302.2,311.7,1413,46.5,147,0,0,0,0,0,0,9.5,6880.559150259685,6835.5
5712,L52891,L,302.2,311.6,1545,35.9,152,0,0,0,0,0,0,9.400000000000034,5808.333577589488,5456.8
5713,L52892,L,302.2,311.7,1330,54.6,154,0,0,0,0,0,0,9.5,7604.539177279453,8408.4
5714,L52893,L,302.2,311.9,1596,38.0,156,0,0,0,0,0,0,9.699999999999989,6351.043708497125,5928.0
5715,L52894,L,302.2,311.8,1618,36.0,158,0,0,0,0,0,0,9.600000000000023,6099.716296209942,5688.0
5716,H35129,H,302.2,311.9,1597,35.8,160,0,0,0,0,0,0,9.699999999999989,5987.10067155426,5728.0
5717,L52896,L,302.3,312.0,1354,52.2,165,0,0,0,0,0,0,9.699999999999989,7401.466628151409,8613.0
5718,L52897,L,302.3,312.0,1746,28.1,167,0,0,0,0,0,0,9.699999999999989,5137.82345753382,4692.7
5719,L52898,L,302.4,312.0,1621,32.5,169,0,0,0,0,0,0,9.600000000000023,5516.898499091476,5492.5
5720,L52899,L,302.3,312.0,1398,43.3,171,0,0,0,0,0,0,9.699999999999989,6339.042824560412,7404.299999999999
5721,L52900,L,302.3,311.9,1434,51.9,173,0,0,0,0,0,0,9.599999999999966,7793.725886878629,8978.699999999999
5722,M20581,M,302.3,311.8,1443,43.4,175,0,0,0,0,0,0,9.5,6558.200328074836,7595.0
5723,L52902,L,302.2,311.7,1488,44.6,178,0,0,0,0,0,0,9.5,6949.705604565197,7938.8
5724,M20583,M,302.3,311.8,1475,48.0,180,0,0,0,0,0,0,9.5,7414.158662471911,8640.0
5725,L52904,L,302.3,311.8,1433,50.3,183,0,0,0,0,0,0,9.5,7548.189477049564,9204.9
5726,M20585,M,302.3,311.8,1557,34.1,185,0,0,0,0,0,0,9.5,5559.95926239668,6308.5
5727,M20586,M,302.4,311.9,1398,50.1,188,0,0,0,0,0,0,9.5,7334.550704629946,9418.800000000001
5728,M20587,M,302.3,311.8,1559,34.4,191,0,0,0,0,0,0,9.5,5616.078579165305,6570.4
5729,M20588,M,302.4,311.9,1422,46.4,194,0,0,0,0,0,0,9.5,6909.4932185992475,9001.6
5730,M20589,M,302.3,311.8,1463,35.7,197,0,0,0,0,0,0,9.5,5469.418562120222,7032.900000000001
5731,L52910,L,302.3,311.7,1793,25.3,200,0,0,0,0,0,0,9.399999999999977,4750.391779517614,5060.0
5732,L52911,L,302.2,311.6,1872,20.4,202,0,0,0,0,0,0,9.400000000000034,3999.1217843136624,4120.799999999999
5733,L52912,L,302.2,311.7,1412,44.5,204,0,0,0,0,0,0,9.5,6579.961093188702,9078.0
5734,L52913,L,302.3,311.8,1487,43.2,206,0,0,0,0,0,0,9.5,6727.029517278752,8899.2
5735,L52914,L,302.3,311.8,1369,56.2,208,1,0,0,0,1,0,9.5,8056.90757544536,11689.6
5736,L52915,L,302.4,311.8,1673,30.1,210,0,0,0,0,0,0,9.400000000000034,5273.404124487243,6321.0
5737,M20596,M,302.4,311.9,1439,36.6,212,0,0,0,0,0,0,9.5,5515.317230789169,7759.200000000001
5738,L52917,L,302.3,311.8,1574,42.8,215,0,0,0,0,0,0,9.5,7054.676687097143,9202.0
5739,L52918,L,302.3,311.7,1281,48.8,0,0,0,0,0,0,0,9.399999999999977,6546.325107844266,0.0
5740,M20599,M,302.2,311.7,1653,31.4,2,0,0,0,0,0,0,9.5,5435.395113681844,62.8
5741,M20600,M,302.3,311.7,1535,38.3,5,0,0,0,0,0,0,9.399999999999977,6156.526763362357,191.5
5742,M20601,M,302.3,311.7,1483,40.5,8,0,0,0,0,0,0,9.399999999999977,6289.625572119445,324.0
5743,L52922,L,302.3,311.7,1414,47.0,11,0,0,0,0,0,0,9.399999999999977,6959.465485742348,517.0
5744,M20603,M,302.2,311.6,1379,42.9,13,0,0,0,0,0,0,9.400000000000034,6195.1264650994635,557.6999999999999
5745,H35158,H,302.2,311.5,1482,42.6,16,0,0,0,0,0,0,9.300000000000011,6611.293243920504,681.6
5746,L52925,L,302.1,311.5,1987,20.1,21,0,0,0,0,0,0,9.399999999999977,4182.3708837975555,422.1
5747,M20606,M,302.1,311.5,1635,31.6,23,0,0,0,0,0,0,9.399999999999977,5410.450868012342,726.8000000000001
5748,L52927,L,302.1,311.5,1533,39.4,26,0,0,0,0,0,0,9.399999999999977,6325.094153178474,1024.3999999999999
5749,M20608,M,302.2,311.7,1576,34.0,28,0,0,0,0,0,0,9.5,5611.303358331849,952.0
5750,H35163,H,302.2,311.8,1330,62.4,31,0,0,0,0,0,0,9.600000000000023,8690.901916890803,1934.3999999999999
5751,L52930,L,302.2,311.8,1981,21.8,36,0,0,0,0,0,0,9.600000000000023,4522.406400646603,784.8000000000001
5752,H35165,H,302.3,311.8,1475,42.8,38,0,0,0,0,0,0,9.5,6610.9581407041205,1626.3999999999999
5753,H35166,H,302.3,311.8,1804,25.0,43,0,0,0,0,0,0,9.5,4722.8609558966555,1075.0
5754,L52933,L,302.2,311.6,1416,54.1,48,0,0,0,0,0,0,9.400000000000034,8022.119672794609,2596.8
5755,L52934,L,302.1,311.5,1727,27.7,50,0,0,0,0,0,0,9.399999999999977,5009.573173438772,1385.0
5756,L52935,L,302.1,311.4,1391,49.2,52,0,0,0,0,0,0,9.299999999999955,7166.7268250751795,2558.4
5757,M20616,M,302.0,311.5,1366,52.3,54,0,0,0,0,0,0,9.5,7481.36780130771,2824.2
5758,L52937,L,301.9,311.3,1366,55.6,57,0,0,0,0,0,0,9.400000000000034,7953.4235134361115,3169.2000000000003
5759,L52938,L,301.9,311.3,1501,40.8,59,0,0,0,0,0,0,9.400000000000034,6413.121579332059,2407.2
5760,L52939,L,301.8,311.3,1551,35.8,61,0,0,0,0,0,0,9.5,5814.648178823204,2183.7999999999997
5761,M20620,M,301.9,311.3,1522,35.6,63,0,0,0,0,0,0,9.400000000000034,5674.051435599549,2242.8
5762,L52941,L,301.9,311.2,1369,49.8,66,0,0,0,0,0,0,9.300000000000011,7139.394968988948,3286.7999999999997
5763,L52942,L,301.8,311.2,1334,52.3,68,0,0,0,0,0,0,9.399999999999977,7306.1088191394465,3556.3999999999996
5764,H35177,H,301.8,311.2,1451,39.4,70,0,0,0,0,0,0,9.399999999999977,5986.765568337877,2758.0
5765,L52944,L,301.7,311.2,1589,37.9,75,0,0,0,0,0,0,9.5,6306.548284546782,2842.5
5766,L52945,L,301.7,311.3,1708,30.5,77,0,0,0,0,0,0,9.600000000000023,5455.270923203556,2348.5
5767,M20626,M,301.7,311.2,1413,42.6,79,0,0,0,0,0,0,9.5,6303.4799957217765,3365.4
5768,M20627,M,301.6,311.2,1415,46.5,82,0,0,0,0,0,0,9.599999999999966,6890.298087485813,3813.0
5769,L52948,L,301.7,311.3,1421,45.9,85,0,0,0,0,0,0,9.600000000000023,6830.230835949177,3901.5
5770,L52949,L,301.7,311.3,1348,51.0,87,0,0,0,0,0,0,9.600000000000023,7199.27372496637,4437.0
5771,L52950,L,301.6,311.2,1408,42.9,89,0,0,0,0,0,0,9.599999999999966,6325.408312443832,3818.1
5772,L52951,L,301.6,311.2,1525,43.7,91,0,0,0,0,0,0,9.599999999999966,6978.786280561926,3976.7000000000003
5773,L52952,L,301.6,311.3,1706,29.9,93,0,0,0,0,0,0,9.699999999999989,5341.691876800773,2780.7
5774,H35187,H,301.6,311.2,1395,46.8,95,0,0,0,0,0,0,9.599999999999966,6836.733932742107,4446.0
5775,L52954,L,301.5,311.1,1602,34.3,100,0,0,0,0,0,0,9.600000000000023,5754.203936168136,3429.9999999999995
5776,L52955,L,301.6,311.1,1907,21.5,102,0,0,0,0,0,0,9.5,4293.56231978361,2193.0
5777,L52956,L,301.6,311.1,1325,49.2,104,0,0,0,0,0,0,9.5,6826.680836250621,5116.8
5778,L52957,L,301.6,311.1,1408,44.4,106,0,0,0,0,0,0,9.5,6546.576435256554,4706.4
5779,M20638,M,301.7,311.1,1489,41.4,108,0,0,0,0,0,0,9.400000000000034,6455.407416449379,4471.2
5780,L52959,L,301.6,311.1,1680,29.2,111,0,0,0,0,0,0,9.5,5137.132307150029,3241.2
5781,L52960,L,301.7,311.2,1517,42.4,113,0,0,0,0,0,0,9.5,6735.658425100612,4791.2
5782,M20641,M,301.7,311.1,1618,36.7,115,0,0,0,0,0,0,9.400000000000034,6218.3218908584695,4220.5
5783,L52962,L,301.7,311.1,1455,39.8,118,0,0,0,0,0,0,9.400000000000034,6064.216299224377,4696.4
5784,H35197,H,301.8,311.1,1543,36.4,120,0,0,0,0,0,0,9.300000000000011,5881.605990246714,4368.0
5785,M20644,M,301.8,311.1,1399,41.8,125,0,0,0,0,0,0,9.300000000000011,6123.822783838487,5225.0
5786,L52965,L,301.7,311.1,1469,37.2,128,0,0,0,0,0,0,9.400000000000034,5722.599514073024,4761.6
5787,L52966,L,301.7,311.2,1521,36.7,130,0,0,0,0,0,0,9.5,5845.530034607992,4771.0
5788,L52967,L,301.7,311.3,1584,38.8,132,0,0,0,0,0,0,9.600000000000023,6435.992373850193,5121.599999999999
5789,L52968,L,301.8,311.5,1443,43.3,134,0,0,0,0,0,0,9.699999999999989,6543.089267411069,5802.2
5790,M20649,M,301.8,311.5,1416,49.0,136,0,0,0,0,0,0,9.699999999999989,7265.875489222473,6664.0
5791,M20650,M,301.7,311.2,1563,34.5,139,0,0,0,0,0,0,9.5,5646.8557151949735,4795.5
5792,M20651,M,301.8,311.3,1542,40.1,142,0,0,0,0,0,0,9.5,6475.262282020067,5694.2
5793,M20652,M,301.8,311.3,1624,31.6,145,0,0,0,0,0,0,9.5,5374.050281132748,4582.0
5794,L52973,L,301.8,311.3,1471,44.2,148,0,0,0,0,0,0,9.5,6808.689982321063,6541.6
5795,M20654,M,301.9,311.5,1492,40.8,150,0,0,0,0,0,0,9.600000000000023,6374.66848525212,6120.0
5796,M20655,M,301.9,311.4,1465,39.9,153,0,0,0,0,0,0,9.5,6121.236205887032,6104.7
5797,L52976,L,301.7,311.1,1399,55.1,156,0,0,0,0,0,0,9.400000000000034,8072.311851423462,8595.6
5798,L52977,L,301.6,311.0,1431,42.6,158,0,0,0,0,0,0,9.399999999999977,6383.7791039475305,6730.8
5799,L52978,L,301.5,310.9,1600,39.0,160,0,0,0,0,0,0,9.399999999999977,6534.512719466769,6240.0
5800,L52979,L,301.5,310.8,1593,34.5,162,0,0,0,0,0,0,9.300000000000011,5755.240661743821,5589.0
5801,L52980,L,301.5,310.9,1469,44.7,164,0,0,0,0,0,0,9.399999999999977,6876.349416103875,7330.8
5802,L52981,L,301.5,310.8,1413,44.6,166,0,0,0,0,0,0,9.300000000000011,6599.418023689935,7403.6
5803,L52982,L,301.4,310.8,1490,38.0,168,0,0,0,0,0,0,9.400000000000034,5929.232534875136,6384.0
5804,L52983,L,301.5,310.9,1671,31.1,170,0,0,0,0,0,0,9.399999999999977,5442.0867060339915,5287.0
5805,L52984,L,301.5,310.9,1365,46.5,172,0,0,0,0,0,0,9.399999999999977,6646.824656832605,7998.0
5806,M20665,M,301.4,310.9,1557,39.3,174,0,0,0,0,0,0,9.5,6407.8122877474925,6838.2
5807,L52986,L,301.4,310.9,1440,45.4,177,0,0,0,0,0,0,9.5,6846.158710702877,8035.8
5808,M20667,M,301.4,310.9,1489,38.9,179,0,0,0,0,0,0,9.5,6065.588128016445,6963.099999999999
5809,L52988,L,301.4,311.0,1733,25.7,182,0,0,0,0,0,0,9.600000000000023,4664.018925494918,4677.4
5810,H35223,H,301.3,311.0,1580,36.6,184,0,0,0,0,0,0,9.699999999999989,6055.733999059685,6734.400000000001
5811,L52990,L,301.3,311.0,1856,21.9,189,0,0,0,0,0,0,9.699999999999989,4256.481054495738,4139.099999999999
5812,L52991,L,301.3,311.1,1454,40.3,191,0,0,0,0,0,0,9.800000000000011,6136.1797149426075,7697.299999999999
5813,L52992,L,301.4,311.1,1495,36.3,193,0,0,0,0,0,0,9.700000000000045,5682.984030711255,7005.9
5814,L52993,L,301.2,311.0,1761,29.1,195,0,0,0,0,0,0,9.800000000000011,5366.3743230824775,5674.5
5815,M20674,M,301.3,311.0,1402,47.5,197,0,0,0,0,0,0,9.699999999999989,6973.8120921937425,9357.5
5816,L52995,L,301.2,311.0,1670,33.0,200,0,0,0,0,0,0,9.800000000000011,5771.105704644449,6600.0
5817,L52996,L,301.3,311.0,1582,35.6,202,0,0,0,0,0,0,9.699999999999989,5897.732832535143,7191.200000000001
5818,L52997,L,301.3,311.0,1542,35.1,204,0,0,0,0,0,0,9.699999999999989,5667.87297004749,7160.400000000001
5819,L52998,L,301.3,311.0,1539,36.9,206,0,0,0,0,0,0,9.699999999999989,5946.94064546587,7601.4
5820,L52999,L,301.3,311.0,1418,41.9,208,0,0,0,0,0,0,9.699999999999989,6221.840474630489,8715.199999999999
5821,L53000,L,301.3,311.1,1723,27.6,210,0,0,0,0,0,0,9.800000000000011,4979.927010764397,5796.0
5822,L53001,L,301.3,311.1,1303,49.2,212,0,0,0,0,0,0,9.800000000000011,6713.332173309101,10430.400000000001
5823,M20682,M,301.3,311.0,1463,50.2,214,0,0,0,0,0,0,9.699999999999989,7690.891087351125,10742.800000000001
5824,L53003,L,301.2,311.0,1544,39.3,217,0,0,0,0,0,0,9.800000000000011,6354.310964856859,8528.099999999999
5825,L53004,L,301.2,311.0,1596,37.2,219,0,0,0,0,0,0,9.800000000000011,6217.337525160345,8146.8
5826,L53005,L,301.3,311.1,1413,42.0,221,0,0,0,0,0,0,9.800000000000011,6214.698587331329,9282.0
5827,M20686,M,301.3,311.1,1492,41.2,223,0,0,0,0,0,0,9.800000000000011,6437.165235107534,9187.6
5828,L53007,L,301.3,311.1,1624,40.9,0,0,0,0,0,0,0,9.800000000000011,6955.653686655992,0.0
5829,L53008,L,301.3,311.1,1504,39.1,2,0,0,0,0,0,0,9.800000000000011,6158.19180746876,78.2
5830,M20689,M,301.2,311.1,1574,34.3,4,0,0,0,0,0,0,9.900000000000034,5653.631083351215,137.2
5831,M20690,M,301.3,311.2,1438,42.4,7,0,0,0,0,0,0,9.899999999999977,6384.8891333517995,296.8
5832,L53011,L,301.3,311.3,1474,50.7,10,0,0,0,0,0,0,10.0,7825.89579565139,507.0
5833,L53012,L,301.3,311.2,1675,32.1,12,0,0,0,0,0,0,9.899999999999977,5630.519433396306,385.20000000000005
5834,L53013,L,301.3,311.2,1457,44.5,14,0,0,0,0,0,0,9.899999999999977,6789.66240281582,623.0
5835,L53014,L,301.3,311.3,1434,49.8,16,0,0,0,0,0,0,10.0,7478.372816311286,796.8
5836,L53015,L,301.3,311.2,1668,30.1,18,0,0,0,0,0,0,9.899999999999977,5257.643801341735,541.8000000000001
5837,L53016,L,301.2,311.1,1550,39.7,20,0,0,0,0,0,0,9.900000000000034,6443.930131288264,794.0
5838,M20697,M,301.3,311.1,1834,25.4,22,0,0,0,0,0,0,9.800000000000011,4878.223184592182,558.8
5839,M20698,M,301.4,311.2,1476,36.5,25,0,0,0,0,0,0,9.800000000000011,5641.6720873165505,912.5
5840,M20699,M,301.4,311.2,1541,36.3,28,0,0,0,0,0,0,9.800000000000011,5857.845077810063,1016.3999999999999
5841,M20700,M,301.3,311.1,1581,30.9,31,0,0,0,0,0,0,9.800000000000011,5115.863724885226,957.9
5842,M20701,M,301.3,311.1,1678,30.7,34,0,0,0,0,0,0,9.800000000000011,5394.596297087225,1043.8
5843,L53022,L,301.4,311.2,1355,50.6,37,0,0,0,0,0,0,9.800000000000011,7179.900570269233,1872.2
5844,L53023,L,301.5,311.2,1700,28.8,39,0,0,0,0,0,0,9.699999999999989,5127.079210658542,1123.2
5845,L53024,L,301.4,311.1,1462,37.1,41,0,0,0,0,0,0,9.700000000000045,5680.02046164137,1521.1000000000001
5846,M20705,M,301.4,311.2,1727,26.5,43,0,0,0,0,0,0,9.800000000000011,4792.551952928789,1139.5
5847,L53026,L,301.4,311.3,1674,33.3,46,0,0,0,0,0,0,9.900000000000034,5837.518973341337,1531.8
5848,L53027,L,301.4,311.3,1397,42.3,48,0,0,0,0,0,0,9.900000000000034,6188.214961261567,2030.3999999999999
5849,L53028,L,301.4,311.3,2323,15.9,50,0,0,0,0,0,0,9.900000000000034,3867.8974591732176,795.0
5850,M20709,M,301.4,311.2,1434,47.6,52,0,0,0,0,0,0,9.800000000000011,7148.002932859785,2475.2000000000003
5851,L53030,L,301.3,311.1,1560,35.3,55,0,0,0,0,0,0,9.800000000000011,5766.707474929423,1941.4999999999998
5852,L53031,L,301.2,311.0,1573,32.8,57,0,0,0,0,0,0,9.800000000000011,5402.952933545773,1869.6
5853,H35266,H,301.2,310.9,1798,22.3,59,0,0,0,0,0,0,9.699999999999989,4198.780469424806,1315.7
5854,L53033,L,301.2,311.0,1567,35.1,64,0,0,0,0,0,0,9.800000000000011,5759.764555164991,2246.4
5855,L53034,L,301.2,310.9,1416,53.3,66,0,0,0,0,0,0,9.699999999999989,7903.493134195058,3517.7999999999997
5856,M20715,M,301.2,310.9,1424,45.2,68,0,0,0,0,0,0,9.699999999999989,6740.266094325877,3073.6000000000004
5857,H35270,H,301.2,310.9,1598,35.9,71,0,0,0,0,0,0,9.699999999999989,6007.5838556556655,2548.9
5858,L53037,L,301.3,310.9,1760,23.9,76,0,0,0,0,0,0,9.599999999999966,4404.931779353368,1816.3999999999999
5859,L53038,L,301.3,311.0,1348,44.5,78,0,0,0,0,0,0,9.699999999999989,6281.7192306079105,3471.0
5860,L53039,L,301.3,311.0,1542,33.6,80,0,0,0,0,0,0,9.699999999999989,5425.656176455716,2688.0
5861,L53040,L,301.3,310.9,1566,33.1,82,0,0,0,0,0,0,9.599999999999966,5428.1066187255165,2714.2000000000003
5862,L53041,L,301.3,311.0,1554,47.7,84,0,0,0,0,0,0,9.699999999999989,7762.435624048876,4006.8
5863,L53042,L,301.4,311.0,1470,40.6,86,0,0,0,0,0,0,9.600000000000023,6249.884425051534,3491.6
5864,M20723,M,301.4,311.1,1758,25.4,88,0,0,0,0,0,0,9.700000000000045,4676.072169309191,2235.2
5865,M20724,M,301.4,311.0,1486,36.5,91,0,0,0,0,0,0,9.600000000000023,5679.894797935226,3321.5
5866,M20725,M,301.5,311.1,1402,40.0,94,0,0,0,0,0,0,9.600000000000023,5872.68386711052,3760.0
5867,L53046,L,301.5,311.1,1459,45.1,97,0,0,0,0,0,0,9.600000000000023,6890.654134653221,4374.7
5868,L53047,L,301.5,311.0,1494,45.3,99,0,0,0,0,0,0,9.5,7087.244530939357,4484.7
5869,L53048,L,301.5,311.1,1731,27.9,101,0,0,0,0,0,0,9.600000000000023,5057.430101528455,2817.8999999999996
5870,L53049,L,301.5,311.1,2076,18.7,103,0,0,0,0,0,0,9.600000000000023,4065.3465574513352,1926.1
5871,L53050,L,301.5,311.1,2055,16.8,105,0,0,0,0,0,0,9.600000000000023,3615.3448257511336,1764.0
5872,L53051,L,301.5,311.1,1469,49.5,107,0,0,0,0,0,0,9.600000000000023,7614.749353403619,5296.5
5873,M20732,M,301.5,311.0,1504,42.6,109,0,0,0,0,0,0,9.5,6709.436598418649,4643.400000000001
5874,M20733,M,301.5,311.1,1396,43.5,112,0,0,0,0,0,0,9.600000000000023,6359.211849396459,4872.0
5875,M20734,M,301.5,311.1,1660,33.8,115,0,0,0,0,0,0,9.600000000000023,5875.6160202538695,3886.9999999999995
5876,M20735,M,301.5,311.0,1577,39.7,118,0,0,0,0,0,0,9.5,6556.179236801027,4684.6
5877,L53056,L,301.5,311.1,1426,52.1,121,0,0,0,0,0,0,9.600000000000023,7780.112318713075,6304.1
5878,L53057,L,301.5,311.1,1458,41.4,123,0,0,0,0,0,0,9.600000000000023,6321.010082728807,5092.2
5879,L53058,L,301.4,311.0,1533,45.8,125,0,0,0,0,0,0,9.600000000000023,7352.520614608479,5725.0
5880,L53059,L,301.4,311.0,1701,28.4,127,0,0,0,0,0,0,9.600000000000023,5058.843818222571,3606.7999999999997
5881,L53060,L,301.5,311.1,1434,49.6,129,0,0,0,0,0,0,9.600000000000023,7448.339190542969,6398.400000000001
5882,L53061,L,301.4,311.1,1952,22.7,131,0,0,0,0,0,0,9.700000000000045,4640.174237254172,2973.7
5883,L53062,L,301.4,311.1,1469,36.9,133,0,0,0,0,0,0,9.700000000000045,5676.449517991789,4907.7
5884,L53063,L,301.4,311.1,1800,26.0,135,0,0,0,0,0,0,9.700000000000045,4900.884539600077,3510.0
5885,M20744,M,301.3,311.1,1438,43.0,137,0,0,0,0,0,0,9.800000000000011,6475.241338069042,5891.0
5886,L53065,L,301.3,311.1,1647,28.2,140,0,0,0,0,0,0,9.800000000000011,4863.750914434646,3948.0
5887,L53066,L,301.4,311.1,1494,41.9,142,0,0,0,0,0,0,9.700000000000045,6555.310062833533,5949.8
5888,H35301,H,301.4,311.1,1445,41.4,144,0,0,0,0,0,0,9.700000000000045,6264.649910523406,5961.599999999999
5889,M20748,M,301.5,311.1,1507,38.6,149,0,0,0,0,0,0,9.600000000000023,6091.569099261633,5751.400000000001
5890,M20749,M,301.4,311.0,1234,55.8,152,0,0,0,0,0,0,9.600000000000023,7210.709122225436,8481.6
5891,L53070,L,301.4,311.0,1634,32.6,155,0,0,0,0,0,0,9.600000000000023,5578.253803616084,5053.0
5892,L53071,L,301.4,311.0,1334,53.3,157,0,0,0,0,0,0,9.600000000000023,7445.804972469073,8368.1
5893,L53072,L,301.4,311.1,1472,44.5,159,0,0,0,0,0,0,9.700000000000045,6859.562839358194,7075.5
5894,M20753,M,301.3,311.0,1410,52.7,161,0,0,0,0,0,0,9.699999999999989,7781.410843676558,8484.7
5895,L53074,L,301.2,310.9,1597,37.9,164,0,0,0,0,0,0,9.699999999999989,6338.299314299063,6215.599999999999
5896,M20755,M,301.2,310.9,1460,46.7,166,0,0,0,0,0,0,9.699999999999989,7140.002343568643,7752.200000000001
5897,L53076,L,301.1,310.8,1274,55.7,169,0,0,0,0,0,0,9.699999999999989,7431.102318850272,9413.300000000001
5898,M20757,M,301.0,310.7,1517,40.2,171,0,0,0,0,0,0,9.699999999999989,6386.16671436426,6874.200000000001
5899,L53078,L,301.0,310.7,1300,57.2,174,0,0,0,0,0,0,9.699999999999989,7786.9609906979,9952.800000000001
5900,H35313,H,300.9,310.6,1686,27.7,176,0,0,0,0,0,0,9.700000000000045,4890.642947549374,4875.2
5901,M20760,M,300.9,310.7,1485,41.0,181,0,0,0,0,0,0,9.800000000000011,6375.8622904604845,7421.0
5902,L53081,L,301.0,310.7,1464,45.8,184,0,0,0,0,0,0,9.699999999999989,7021.585244479331,8427.199999999999
5903,L53082,L,300.9,310.6,1598,35.4,186,0,0,0,0,0,0,9.700000000000045,5923.9127713150565,6584.4
5904,L53083,L,300.9,310.5,1894,21.9,188,0,0,0,0,0,0,9.600000000000023,4343.628834706319,4117.2
5905,M20764,M,300.8,310.5,1330,59.0,190,0,0,0,0,0,0,9.699999999999989,8217.359184239702,11210.0
5906,H35319,H,300.8,310.5,1582,31.1,193,0,0,0,0,0,0,9.699999999999989,5152.232895838285,6002.3
5907,L53086,L,300.7,310.3,1533,35.6,198,0,0,0,0,0,0,9.600000000000023,5715.059691704408,7048.8
5908,H35321,H,300.8,310.4,1419,46.4,200,0,0,0,0,0,0,9.599999999999966,6894.916228686589,9280.0
5909,M20768,M,300.8,310.3,1526,36.3,205,0,0,0,0,0,0,9.5,5800.825171147409,7441.499999999999
5910,H35323,H,300.7,310.2,1364,65.3,208,1,1,0,1,1,0,9.5,9327.304812704,13582.4
5911,M20770,M,300.8,310.3,1458,43.4,0,0,0,0,0,0,0,9.5,6626.372888657735,0.0
5912,M20771,M,300.8,310.4,1288,64.0,3,0,0,0,0,0,0,9.599999999999966,8632.258854023794,192.0
5913,M20772,M,300.7,310.3,1659,29.8,6,0,0,0,0,0,0,9.600000000000023,5177.156197556764,178.8
5914,H35327,H,300.7,310.2,1479,52.3,9,0,0,0,0,0,0,9.5,8100.251082089386,470.7
5915,L53094,L,300.7,310.3,1592,36.0,14,0,0,0,0,0,0,9.600000000000023,6001.698605417941,504.0
5916,M20775,M,300.6,310.2,1532,38.7,16,0,0,0,0,0,0,9.599999999999966,6208.666729436436,619.2
5917,L53096,L,300.6,310.2,1555,41.9,19,0,0,0,0,0,0,9.599999999999966,6822.963284943872,796.1
5918,L53097,L,300.6,310.2,1341,52.6,21,0,0,0,0,0,0,9.599999999999966,7386.575478973394,1104.6000000000001
5919,L53098,L,300.6,310.1,1541,42.0,23,0,0,0,0,0,0,9.5,6777.671990854619,966.0
5920,L53099,L,300.6,310.3,1414,50.6,25,0,0,0,0,0,0,9.699999999999989,7492.530927203466,1265.0
5921,L53100,L,300.5,310.2,1764,25.9,27,0,0,0,0,0,0,9.699999999999989,4784.394284004968,699.3
5922,L53101,L,300.5,310.3,1336,57.1,29,0,0,0,0,0,0,9.800000000000011,7988.609351156318,1655.9
5923,L53102,L,300.5,310.3,1435,43.3,31,0,0,0,0,0,0,9.800000000000011,6506.814344237619,1342.3
5924,M20783,M,300.4,310.3,1537,35.0,33,0,0,0,0,0,0,9.900000000000034,5633.399226662097,1155.0
5925,L53104,L,300.3,310.2,1369,48.8,36,0,0,0,0,0,0,9.899999999999977,6996.033624230134,1756.8
5926,M20785,M,300.2,310.1,1619,31.3,38,0,0,0,0,0,0,9.900000000000034,5306.6421747622235,1189.4
5927,L53106,L,300.2,310.1,1440,51.1,41,0,0,0,0,0,0,9.900000000000034,7705.698460725044,2095.1
5928,L53107,L,300.2,310.1,1649,30.5,43,0,0,0,0,0,0,9.900000000000034,5266.827723865728,1311.5
5929,M20788,M,300.2,310.1,1550,38.7,45,0,0,0,0,0,0,9.900000000000034,6281.614510852792,1741.5000000000002
5930,L53109,L,300.3,310.2,1471,45.2,48,0,0,0,0,0,0,9.899999999999977,6962.732742102082,2169.6000000000004
5931,L53110,L,300.3,310.3,1483,51.6,50,0,0,0,0,0,0,10.0,8013.4488770707,2580.0
5932,L53111,L,300.3,310.4,1336,54.4,52,0,0,0,0,0,0,10.099999999999966,7610.864250488679,2828.7999999999997
5933,L53112,L,300.5,310.5,1515,36.6,54,0,0,0,0,0,0,10.0,5806.605701630015,1976.4
5934,L53113,L,300.5,310.5,1373,47.4,56,0,0,0,0,0,0,10.0,6815.182607138481,2654.4
5935,H35348,H,300.6,310.5,1454,51.2,58,0,0,0,0,0,0,9.899999999999977,7795.841225932048,2969.6000000000004
5936,L53115,L,300.5,310.5,1646,34.5,63,0,0,0,0,0,0,10.0,5946.720733980119,2173.5
5937,M20796,M,300.5,310.4,1548,37.3,65,0,0,0,0,0,0,9.899999999999977,6046.560548511202,2424.5
5938,M20797,M,300.6,310.5,1462,41.3,68,0,0,0,0,0,0,9.899999999999977,6323.041645978128,2808.3999999999996
5939,L53118,L,300.5,310.4,1702,33.1,71,0,0,0,0,0,0,9.899999999999977,5899.513068372177,2350.1
5940,L53119,L,300.5,310.5,1409,60.9,73,0,0,0,0,0,0,10.0,8985.803219283276,4445.7
5941,M20800,M,300.6,310.6,1427,52.8,75,0,0,0,0,0,0,10.0,7890.172781343836,3960.0
5942,L53121,L,300.6,310.7,1438,48.5,78,1,0,0,0,0,0,10.099999999999966,7303.469881310431,3783.0
5943,L53122,L,300.7,310.7,1450,43.4,80,0,0,0,0,0,0,10.0,6590.014189680189,3472.0
5944,L53123,L,300.7,310.7,1541,41.3,82,0,0,0,0,0,0,10.0,6664.710791007042,3386.6
5945,M20804,M,300.7,310.6,1484,38.0,84,0,0,0,0,0,0,9.900000000000034,5905.356430707853,3192.0
5946,M20805,M,300.8,310.8,1415,44.5,87,0,0,0,0,0,0,10.0,6593.941180497176,3871.5
5947,L53126,L,300.7,310.8,1496,46.4,90,0,0,0,0,0,0,10.100000000000023,7269.058969778111,4176.0
5948,M20807,M,300.7,310.8,1465,45.2,92,0,0,0,0,0,0,10.100000000000023,6934.33274451363,4158.400000000001
5949,L53128,L,300.7,310.8,2113,18.5,95,0,0,0,0,0,0,10.100000000000023,4093.54758750506,1757.5
5950,M20809,M,300.7,310.8,1506,44.0,97,0,0,0,0,0,0,10.100000000000023,6939.149853249135,4268.0
5951,L53130,L,300.7,310.8,1689,28.9,100,0,0,0,0,0,0,10.100000000000023,5111.591158876345,2890.0
5952,L53131,L,300.7,310.9,1650,29.4,102,0,0,0,0,0,0,10.199999999999989,5079.955320854695,2998.7999999999997
5953,L53132,L,300.7,310.8,1563,33.8,104,0,0,0,0,0,0,10.100000000000023,5532.281831118553,3515.2
5954,M20813,M,300.7,310.9,1486,38.9,106,0,0,0,0,0,0,10.199999999999989,6053.367332593981,4123.4
5955,L53134,L,300.8,310.9,1732,25.7,109,0,0,0,0,0,0,10.099999999999966,4661.327627788343,2801.2999999999997
5956,L53135,L,300.7,310.8,1653,31.6,111,0,0,0,0,0,0,10.100000000000023,5470.015464724404,3507.6000000000004
5957,L53136,L,300.7,310.9,1535,37.1,113,0,0,0,0,0,0,10.199999999999989,5963.632974431945,4192.3
5958,L53137,L,300.7,310.9,1637,37.2,115,0,0,0,0,0,0,10.199999999999989,6377.056095668849,4278.0
5959,L53138,L,300.6,310.8,1533,38.5,117,0,0,0,0,0,0,10.199999999999989,6180.612307039879,4504.5
5960,L53139,L,300.6,310.8,1378,51.2,119,0,0,0,0,0,0,10.199999999999989,7388.355714810428,6092.8
5961,L53140,L,300.5,310.7,1606,33.5,121,0,0,0,0,0,0,10.199999999999989,5634.027545192815,4053.5
5962,L53141,L,300.3,310.7,1539,32.3,123,0,0,0,0,0,0,10.399999999999977,5205.587611071751,3972.8999999999996
5963,L53142,L,300.5,310.8,1728,26.3,125,0,0,0,0,0,0,10.300000000000011,4759.135879070106,3287.5
5964,H35377,H,300.4,310.7,1656,36.3,127,0,0,0,0,0,0,10.300000000000011,6294.997695557083,4610.099999999999
5965,H35378,H,300.5,310.8,1631,30.5,132,0,0,0,0,0,0,10.300000000000011,5209.336578305035,4026.0
5966,H35379,H,300.5,310.9,1447,46.5,137,0,0,0,0,0,0,10.399999999999977,7046.121083103867,6370.5
5967,L53146,L,300.4,310.8,1396,49.3,142,0,0,0,0,0,0,10.400000000000034,7207.10676264932,7000.599999999999
5968,L53147,L,300.4,310.8,1390,52.5,144,0,0,0,0,0,0,10.400000000000034,7641.9241298571715,7560.0
5969,L53148,L,300.4,310.8,1348,56.0,146,0,0,0,0,0,0,10.400000000000034,7905.084874472876,8176.0
5970,M20829,M,300.4,310.8,1491,35.9,148,0,0,0,0,0,0,10.400000000000034,5605.323860314516,5313.2
5971,L53150,L,300.4,310.8,1520,37.6,151,0,0,0,0,0,0,10.400000000000034,5984.943444598795,5677.6
5972,L53151,L,300.5,310.8,1509,33.0,153,0,0,0,0,0,0,10.300000000000011,5214.729645693697,5049.0
5973,L53152,L,300.5,310.8,1445,46.6,155,0,0,0,0,0,0,10.300000000000011,7051.51415049253,7223.0
5974,L53153,L,300.5,310.8,1354,51.8,157,0,0,0,0,0,0,10.300000000000011,7344.750408778601,8132.599999999999
5975,L53154,L,300.5,310.7,1488,39.4,159,0,0,0,0,0,0,10.199999999999989,6139.426027351316,6264.599999999999
5976,H35389,H,300.5,310.7,1654,28.6,161,0,0,0,0,0,0,10.199999999999989,4953.705184082433,4604.6
5977,H35390,H,300.5,310.6,1378,51.5,166,0,0,0,0,0,0,10.100000000000023,7431.6468615768945,8549.0
5978,L53157,L,300.6,310.7,1750,30.6,171,0,0,0,0,0,0,10.099999999999966,5607.74288665778,5232.6
5979,L53158,L,300.5,310.6,1448,46.3,173,0,0,0,0,0,0,10.100000000000023,7020.663710634277,8009.9
5980,H35393,H,300.6,310.7,1501,45.3,175,0,0,0,0,0,0,10.099999999999966,7120.451165287802,7927.499999999999
5981,M20840,M,300.6,310.7,1654,32.0,180,0,0,0,0,0,0,10.099999999999966,5542.607198973352,5760.0
5982,M20841,M,300.7,310.7,1347,46.5,183,0,0,0,0,0,0,10.0,6559.17422179745,8509.5
5983,L53162,L,300.7,310.8,1486,37.1,186,0,0,0,0,0,0,10.100000000000023,5773.262931599915,6900.6
5984,H35397,H,300.8,310.8,1466,45.2,188,0,0,0,0,0,0,10.0,6939.066077445039,8497.6
5985,H35398,H,300.7,310.8,1346,52.0,193,0,0,0,0,0,0,10.100000000000023,7329.545100335226,10036.0
5986,L53165,L,300.7,310.7,1314,42.4,198,0,0,0,0,0,0,10.0,5834.314548834676,8395.199999999999
5987,L53166,L,300.6,310.7,1440,52.5,200,0,0,0,0,0,0,10.099999999999966,7916.813487046278,10500.0
5988,L53167,L,300.7,310.8,1608,39.5,202,0,0,0,0,0,0,10.100000000000023,6651.37996618031,7979.0
5989,H35402,H,300.7,310.8,1296,58.2,204,0,0,0,0,0,0,10.100000000000023,7898.717913361601,11872.800000000001
5990,L53169,L,300.7,310.7,1507,46.1,209,0,0,0,0,0,0,10.0,7275.164131501587,9634.9
5991,M20850,M,300.7,310.7,1343,51.6,211,0,0,0,0,0,0,10.0,7256.953366086278,10887.6
5992,L53171,L,300.7,310.7,1416,40.4,214,0,0,0,0,0,0,10.0,5990.640199277304,8645.6
5993,L53172,L,300.7,310.6,1288,47.2,216,0,0,0,0,0,0,9.900000000000034,6366.290904842548,10195.2
5994,M20853,M,300.7,310.6,1407,42.4,218,0,0,0,0,0,0,9.900000000000034,6247.245487222518,9243.199999999999
5995,L53174,L,300.6,310.4,1608,39.2,221,0,0,0,0,0,0,9.799999999999955,6600.863156310586,8663.2
5996,L53175,L,300.6,310.3,1920,22.3,223,0,0,0,0,0,0,9.699999999999989,4483.681035203353,4972.900000000001
5997,M20856,M,300.5,310.2,1386,48.2,225,0,0,0,0,0,0,9.699999999999989,6995.824184719894,10845.0
5998,M20857,M,300.5,310.2,1571,34.6,228,0,0,0,0,0,0,9.699999999999989,5692.209841137299,7888.8
5999,M20858,M,300.4,310.2,1613,36.9,231,0,0,0,0,0,0,9.800000000000011,6232.888408795613,8523.9
6000,M20859,M,300.4,310.2,1671,30.5,234,1,1,0,0,0,0,9.800000000000011,5337.09467955102,7137.0
6001,H35414,H,300.4,310.2,1431,43.2,0,0,0,0,0,0,0,9.800000000000011,6473.691485693272,0.0
6002,M20861,M,300.4,310.2,1380,47.3,5,0,0,0,0,0,0,9.800000000000011,6835.477295680671,236.5
6003,L53182,L,300.5,310.3,1683,31.5,8,0,0,0,0,0,0,9.800000000000011,5551.665457791202,252.0
6004,L53183,L,300.4,310.2,1529,36.2,10,0,0,0,0,0,0,9.800000000000011,5796.217501922144,362.0
6005,L53184,L,300.5,310.4,1761,26.5,12,0,0,0,0,0,0,9.899999999999977,4886.904452291603,318.0
6006,L53185,L,300.6,310.5,1570,38.3,14,0,0,0,0,0,0,9.899999999999977,6296.903595100261,536.1999999999999
6007,M20866,M,300.6,310.5,2156,18.0,16,0,0,0,0,0,0,9.899999999999977,4063.964256683756,288.0
6008,M20867,M,300.7,310.6,1349,54.5,19,0,0,0,0,0,0,9.900000000000034,7699.048756274946,1035.5
6009,L53188,L,300.7,310.7,1431,39.3,22,0,0,0,0,0,0,10.0,5889.261004345962,864.5999999999999
6010,L53189,L,300.6,310.6,1931,22.0,24,0,0,0,0,0,0,10.0,4448.704636993386,528.0
6011,H35424,H,300.7,310.7,1428,43.4,26,0,0,0,0,0,0,10.0,6490.027767491938,1128.3999999999999
6012,L53191,L,300.8,310.8,1564,36.2,31,0,0,0,0,0,0,10.0,5928.897431658754,1122.2
6013,H35426,H,300.8,310.9,1425,44.0,33,0,0,0,0,0,0,10.099999999999966,6565.928646002667,1452.0
6014,L53193,L,300.7,310.8,1597,30.5,38,0,0,0,0,0,0,10.100000000000023,5100.742192245948,1159.0
6015,H35428,H,300.8,310.8,1618,32.8,40,0,0,0,0,0,0,10.0,5557.519292102391,1312.0
6016,M20875,M,300.8,310.8,1520,38.0,45,0,0,0,0,0,0,10.0,6048.613055711548,1710.0
6017,L53196,L,300.7,310.7,1425,45.3,48,0,0,0,0,0,0,10.0,6759.921992361837,2174.3999999999996
6018,L53197,L,300.8,310.9,1398,38.2,50,0,0,0,0,0,0,10.099999999999966,5592.411914508263,1910.0000000000002
6019,M20878,M,300.8,310.9,1557,31.6,52,0,0,0,0,0,0,10.099999999999966,5152.337615593405,1643.2
6020,L53199,L,300.7,310.8,1519,43.9,55,0,0,0,0,0,0,10.100000000000023,6983.142622374903,2414.5
6021,L53200,L,300.7,310.8,1619,34.9,57,0,0,0,0,0,0,10.100000000000023,5916.990795501648,1989.3
6022,L53201,L,300.7,310.8,1814,21.4,59,0,0,0,0,0,0,10.100000000000023,4065.1790058431443,1262.6
6023,L53202,L,300.7,310.9,1521,39.4,61,0,0,0,0,0,0,10.199999999999989,6275.582652957899,2403.4
6024,M20883,M,300.7,310.9,1369,51.2,63,0,0,0,0,0,0,10.199999999999989,7340.100851651288,3225.6000000000004
6025,L53204,L,300.7,310.9,1356,65.3,66,1,0,0,1,0,0,10.199999999999989,9272.59921262949,4309.8
6026,L53205,L,300.7,311.0,1336,53.3,68,0,0,0,0,0,0,10.300000000000011,7456.968098364829,3624.3999999999996
6027,L53206,L,300.7,311.0,1403,48.3,70,0,0,0,0,0,0,10.300000000000011,7096.323733708232,3381.0
6028,M20887,M,300.7,311.0,1413,44.3,72,0,0,0,0,0,0,10.300000000000011,6555.02731949471,3189.6
6029,L53208,L,300.6,310.9,1472,47.6,75,0,0,0,0,0,0,10.299999999999955,7337.420025920224,3570.0
6030,M20889,M,300.7,310.8,1452,47.9,77,0,0,0,0,0,0,10.100000000000023,7283.342744376433,3688.2999999999997
6031,L53210,L,300.6,310.7,1397,53.7,80,0,0,0,0,0,0,10.099999999999966,7855.960837346245,4296.0
6032,L53211,L,300.6,310.7,1455,40.6,82,0,0,0,0,0,0,10.099999999999966,6186.110094183661,3329.2000000000003
6033,L53212,L,300.7,310.8,1754,27.7,84,0,0,0,0,0,0,10.100000000000023,5087.893078292765,2326.7999999999997
6034,L53213,L,300.6,310.9,1471,37.9,86,0,0,0,0,0,0,10.299999999999955,5838.22059570064,3259.4
6035,M20894,M,300.6,310.8,1389,48.1,88,0,0,0,0,0,0,10.199999999999989,6996.421087324077,4232.8
6036,M20895,M,300.6,310.9,1702,30.3,91,0,0,0,0,0,0,10.299999999999955,5400.460603373926,2757.3
6037,M20896,M,300.6,311.0,1401,54.6,94,0,0,0,0,0,0,10.399999999999977,8010.495779976327,5132.400000000001
6038,L53217,L,300.7,311.1,1426,46.2,97,0,0,0,0,0,0,10.400000000000034,6899.063130989329,4481.400000000001
6039,L53218,L,300.7,311.0,1496,38.3,99,0,0,0,0,0,0,10.300000000000011,6000.106865140121,3791.7
6040,L53219,L,300.6,310.9,1433,42.6,101,0,0,0,0,0,0,10.299999999999955,6392.701227083727,4302.6
6041,M20900,M,300.7,311.1,1438,46.6,103,0,0,0,0,0,0,10.400000000000034,7017.354566372497,4799.8
6042,M20901,M,300.7,311.0,1418,49.3,106,0,0,0,0,0,0,10.300000000000011,7320.685809052103,5225.799999999999
6043,M20902,M,300.8,311.0,1580,36.6,109,0,0,0,0,0,0,10.199999999999989,6055.733999059685,3989.4
6044,M20903,M,300.7,310.9,1468,41.8,112,0,0,0,0,0,0,10.199999999999989,6425.85550155461,4681.599999999999
6045,M20904,M,300.8,310.9,1522,41.7,115,0,0,0,0,0,0,10.099999999999966,6646.290586081494,4795.5
6046,L53225,L,300.8,310.9,1311,55.8,118,0,0,0,0,0,0,10.099999999999966,7660.648022072567,6584.4
6047,L53226,L,300.9,311.0,1316,56.5,120,0,0,0,0,0,0,10.100000000000023,7786.332672167182,6780.0
6048,H35461,H,300.9,311.0,1853,23.6,122,0,0,0,0,0,0,10.100000000000023,4579.478667186818,2879.2000000000003
6049,M20908,M,300.9,311.0,1556,38.8,127,0,0,0,0,0,0,10.100000000000023,6322.224831888195,4927.599999999999
6050,M20909,M,300.9,311.0,1567,34.3,130,0,0,0,0,0,0,10.100000000000023,5628.487870146985,4459.0
6051,M20910,M,300.9,311.1,1546,37.7,133,0,0,0,0,0,0,10.200000000000045,6103.507151345274,5014.1
6052,L53231,L,300.9,311.0,1382,51.2,136,0,0,0,0,0,0,10.100000000000023,7409.802320658934,6963.200000000001
6053,L53232,L,300.9,311.0,2003,20.2,138,0,0,0,0,0,0,10.100000000000023,4237.024123994506,2787.6
6054,L53233,L,300.8,310.9,1748,29.9,140,0,0,0,0,0,0,10.099999999999966,5473.198945280042,4186.0
6055,H35468,H,300.7,310.8,1518,40.1,142,0,0,0,0,0,0,10.100000000000023,6374.479989692905,5694.2
6056,L53235,L,300.7,310.8,1475,42.0,147,0,0,0,0,0,0,10.100000000000023,6487.388829662923,6174.0
6057,L53236,L,300.8,310.8,1634,29.2,149,0,0,0,0,0,0,10.0,4996.472732073302,4350.8
6058,L53237,L,300.8,310.8,1689,32.9,151,0,0,0,0,0,0,10.0,5819.077824464765,4967.9
6059,M20918,M,300.9,310.9,1636,35.3,153,0,0,0,0,0,0,10.0,6047.649633964446,5400.9
6060,L53239,L,300.9,311.0,2235,15.8,156,0,0,0,0,0,0,10.100000000000023,3697.9687125405453,2464.8
6061,L53240,L,301.0,311.1,1615,35.6,158,0,0,0,0,0,0,10.100000000000023,6020.757600849719,5624.8
6062,H35475,H,301.1,311.1,1618,29.5,160,0,0,0,0,0,0,10.0,4998.378631616481,4720.0
6063,M20922,M,301.1,311.2,1407,53.0,165,0,0,0,0,0,0,10.099999999999966,7809.056859028148,8745.0
6064,L53243,L,301.1,311.1,1450,43.3,168,0,0,0,0,0,0,10.0,6574.829825187838,7274.4
6065,L53244,L,301.1,311.1,1889,23.8,170,0,0,0,0,0,0,10.0,4708.011694620688,4046.0
6066,L53245,L,301.0,310.9,1568,38.2,172,0,0,0,0,0,0,9.899999999999977,6272.462004255333,6570.400000000001
6067,L53246,L,301.0,311.0,1804,25.8,174,0,0,0,0,0,0,10.0,4873.992506485349,4489.2
6068,L53247,L,301.0,311.0,1582,37.5,176,0,0,0,0,0,0,10.0,6212.499472473815,6600.0
6069,M20928,M,301.0,310.9,2047,17.9,178,0,0,0,0,0,0,9.899999999999977,3837.067963265989,3186.2
6070,L53249,L,300.9,310.9,1601,34.0,181,0,0,0,0,0,0,10.0,5700.31515018356,6154.0
6071,L53250,L,300.9,310.9,1615,32.0,183,0,0,0,0,0,0,10.0,5411.916944584017,5856.0
6072,M20931,M,300.9,310.8,1452,43.6,185,0,0,0,0,0,0,9.900000000000034,6629.514481311325,8066.0
6073,M20932,M,300.9,310.8,1695,30.2,188,0,0,0,0,0,0,9.900000000000034,5360.4995448202635,5677.599999999999
6074,M20933,M,300.9,310.8,1790,26.2,191,0,0,0,0,0,0,9.900000000000034,4911.147075601803,5004.2
6075,M20934,M,301.0,310.8,1533,39.3,194,0,0,0,0,0,0,9.800000000000011,6309.0406147186295,7624.2
6076,L53255,L,301.0,310.9,1813,28.5,197,0,0,0,0,0,0,9.899999999999977,5410.92210691038,5614.5
6077,L53256,L,301.0,310.9,1492,36.7,199,0,0,0,0,0,0,9.899999999999977,5734.076799234138,7303.3
6078,L53257,L,300.9,310.7,1479,43.3,201,0,0,0,0,0,0,9.800000000000011,6706.326421691595,8703.3
6079,L53258,L,300.8,310.7,1339,59.1,203,1,0,0,0,1,0,9.899999999999977,8286.987349418765,11997.300000000001
6080,M20939,M,300.8,310.7,1371,44.7,205,0,0,0,0,0,0,9.899999999999977,6417.614056826694,9163.5
6081,L53260,L,300.9,310.7,1468,36.2,208,0,0,0,0,0,0,9.800000000000011,5564.975338666912,7529.6
6082,L53261,L,300.9,310.7,1517,41.7,210,0,0,0,0,0,0,9.800000000000011,6624.456517139045,8757.0
6083,L53262,L,300.9,310.7,1352,46.4,212,0,0,0,0,0,0,9.800000000000011,6569.363453970592,9836.8
6084,L53263,L,300.9,310.7,1389,50.0,214,0,0,0,0,0,0,9.800000000000011,7272.786993060371,10700.0
6085,M20944,M,300.8,310.6,1505,36.2,0,0,0,0,0,0,0,9.800000000000011,5705.236978674185,0.0
6086,L53265,L,300.9,310.6,1538,36.7,3,0,0,0,0,0,0,9.700000000000045,5910.864689827148,110.10000000000001
6087,L53266,L,300.9,310.8,1482,37.0,5,0,0,0,0,0,0,9.900000000000034,5742.2030522314235,185.0
6088,M20947,M,300.9,310.8,1599,33.0,7,0,0,0,0,0,0,9.900000000000034,5525.747318399087,231.0
6089,L53268,L,300.9,310.8,1476,39.0,10,0,0,0,0,0,0,9.900000000000034,6028.087983708095,390.0
6090,L53269,L,300.9,310.7,1509,37.5,12,0,0,0,0,0,0,9.800000000000011,5925.829142833747,450.0
6091,L53270,L,300.9,310.8,1708,29.1,14,0,0,0,0,0,0,9.900000000000034,5204.865044761425,407.40000000000003
6092,L53271,L,300.9,310.7,1412,57.5,16,0,0,0,0,0,1,9.800000000000011,8502.196918165177,920.0
6093,L53272,L,300.9,310.7,1658,28.5,18,0,0,0,0,0,0,9.800000000000011,4948.322588669283,513.0
6094,L53273,L,301.0,310.8,1375,57.2,20,0,0,0,0,0,0,9.800000000000011,8236.20874016124,1144.0
6095,M20954,M,300.9,310.8,1402,48.1,22,0,0,0,0,0,0,9.900000000000034,7061.902350200399,1058.2
6096,M20955,M,300.9,310.7,1452,47.3,25,0,0,0,0,0,0,9.800000000000011,7192.110893716184,1182.5
6097,M20956,M,300.8,310.7,1483,40.8,28,0,0,0,0,0,0,9.899999999999977,6336.215391172181,1142.3999999999999
6098,H35511,H,300.9,310.8,1477,38.4,31,0,0,0,0,0,0,9.900000000000034,5939.369407170719,1190.3999999999999
6099,M20958,M,300.8,310.7,1924,22.4,36,0,0,0,0,0,0,9.899999999999977,4513.170118245049,806.4
6100,H35513,H,300.9,310.7,1609,28.7,39,0,0,0,0,0,0,9.800000000000011,4835.780267842184,1119.3
6101,M20960,M,300.8,310.7,1886,21.1,44,0,0,0,0,0,0,9.899999999999977,4167.280767084813,928.4000000000001
6102,L53281,L,300.7,310.6,1616,29.6,47,0,0,0,0,0,0,9.900000000000034,5009.122878491758,1391.2
6103,L53282,L,300.7,310.7,1442,43.2,49,0,0,0,0,0,0,10.0,6523.454313326133,2116.8
6104,L53283,L,300.8,310.8,1407,45.1,51,0,0,0,0,0,0,10.0,6645.065364946595,2300.1
6105,M20964,M,300.8,310.8,1461,41.3,53,0,0,0,0,0,0,10.0,6318.716720091686,2188.8999999999996
6106,M20965,M,300.8,310.9,1522,46.2,56,0,0,0,0,0,0,10.099999999999966,7363.516188896045,2587.2000000000003
6107,L53286,L,300.9,311.0,1432,48.1,59,0,0,0,0,0,0,10.100000000000023,7213.012956838069,2837.9
6108,L53287,L,300.9,311.0,1438,49.0,61,0,0,0,0,0,0,10.100000000000023,7378.7633852414665,2989.0
6109,M20968,M,300.8,310.9,1678,28.1,63,0,0,0,0,0,0,10.099999999999966,4937.724949451173,1770.3000000000002
6110,M20969,M,300.8,310.9,1514,38.7,66,0,0,0,0,0,0,10.099999999999966,6135.718948020081,2554.2000000000003
6111,L53290,L,300.7,310.8,1534,41.3,69,0,0,0,0,0,0,10.100000000000023,6634.4363098019485,2849.7
6112,M20971,M,300.7,310.8,1486,41.2,71,0,0,0,0,0,0,10.100000000000023,6411.2785116419545,2925.2000000000003
6113,L53292,L,300.7,310.8,1925,22.0,74,0,0,0,0,0,0,10.100000000000023,4434.881629317591,1628.0
6114,M20973,M,300.7,310.8,1724,30.0,76,0,0,0,0,0,0,10.100000000000023,5416.105734788803,2280.0
6115,M20974,M,300.8,310.8,1549,35.5,79,0,0,0,0,0,0,10.0,5758.486974152531,2804.5
6116,L53295,L,300.8,310.9,1457,47.7,82,0,0,0,0,0,0,10.099999999999966,7277.907789085723,3911.4
6117,L53296,L,300.8,310.9,1453,43.9,84,0,0,0,0,0,0,10.099999999999966,6679.727603891201,3687.6
6118,L53297,L,300.8,311.0,1578,44.4,86,0,0,0,0,0,0,10.199999999999989,7337.001146899745,3818.4
6119,M20978,M,300.9,311.1,1325,61.4,88,0,0,0,0,0,0,10.200000000000045,8519.47567775992,5403.2
6120,L53299,L,300.9,311.1,1471,39.3,91,0,0,0,0,0,0,10.200000000000045,6053.880459394067,3576.2999999999997
6121,M20980,M,300.9,311.2,1472,40.0,93,0,0,0,0,0,0,10.300000000000011,6165.899181445567,3720.0
6122,L53301,L,300.9,311.1,1457,37.4,96,0,0,0,0,0,0,10.200000000000045,5706.367952029475,3590.3999999999996
6123,L53302,L,301.0,311.0,1402,55.3,98,0,0,0,0,0,0,10.0,8118.985446280292,5419.4
6124,L53303,L,300.9,310.9,1477,41.5,100,0,0,0,0,0,0,10.0,6418.849749937105,4150.0
6125,M20984,M,300.9,310.9,1727,30.1,102,0,0,0,0,0,0,10.0,5443.6156144587385,3070.2000000000003
6126,L53305,L,300.9,310.9,1995,20.2,105,0,0,0,0,0,0,10.0,4220.101411567169,2121.0
6127,L53306,L,300.9,310.9,1370,52.5,107,0,0,0,0,0,0,10.0,7531.968386981529,5617.5
6128,L53307,L,300.9,310.9,1228,66.4,109,0,0,0,0,0,0,10.0,8538.765056652963,7237.6
6129,L53308,L,300.9,311.0,1499,38.0,111,0,0,0,0,0,0,10.100000000000023,5965.046691126059,4218.0
6130,M20989,M,301.0,311.0,1508,46.9,113,0,0,0,0,0,0,10.0,7406.32562478896,5299.7
6131,L53310,L,301.0,310.9,1473,44.2,116,0,0,0,0,0,0,9.899999999999977,6817.947208673641,5127.200000000001
6132,H35545,H,301.0,311.0,1640,37.6,118,0,0,0,0,0,0,10.0,6457.4389796987,4436.8
6133,L53312,L,301.1,311.1,1429,42.5,123,0,0,0,0,0,0,10.0,6359.892527804736,5227.5
6134,L53313,L,301.1,311.1,1470,40.9,125,0,0,0,0,0,0,10.0,6296.065837059304,5112.5
6135,L53314,L,301.0,311.0,1581,37.0,127,0,0,0,0,0,0,10.0,6125.791515234738,4699.0
6136,L53315,L,301.0,310.9,1740,28.9,129,0,0,0,0,0,0,9.899999999999977,5265.937605947211,3728.1
6137,H35550,H,300.9,310.8,1390,40.6,131,0,0,0,0,0,0,9.900000000000034,5909.754660422879,5318.6
6138,M20997,M,300.9,310.8,1988,19.7,136,0,0,0,0,0,0,9.900000000000034,4101.202601604307,2679.2
6139,M20998,M,300.8,310.7,1452,43.0,139,0,0,0,0,0,0,9.899999999999977,6538.282630651077,5977.0
6140,L53319,L,300.8,310.7,1586,33.4,142,0,0,0,0,0,0,9.899999999999977,5547.2567561006645,4742.8
6141,L53320,L,300.8,310.7,1589,34.3,144,0,0,0,0,0,0,9.899999999999977,5707.50939736028,4939.2
6142,L53321,L,300.8,310.8,1486,45.7,146,0,0,0,0,0,0,10.0,7111.539514127118,6672.200000000001
6143,L53322,L,300.9,310.9,1755,27.9,148,0,0,0,0,0,0,10.0,5127.550449556581,4129.2
6144,M21003,M,301.0,310.9,1575,34.6,150,0,0,0,0,0,0,9.899999999999977,5706.703055245859,5190.0
6145,M21004,M,301.1,311.1,1615,37.7,153,0,0,0,0,0,0,10.0,6375.914650338045,5768.1
6146,M21005,M,301.1,311.1,1436,41.8,156,0,0,0,0,0,0,10.0,6285.782357106553,6520.799999999999
6147,M21006,M,301.1,311.1,1470,40.6,159,0,0,0,0,0,0,10.0,6249.884425051534,6455.400000000001
6148,M21007,M,301.1,311.1,2089,19.8,162,0,0,0,0,0,0,10.0,4331.439455210391,3207.6
6149,L53328,L,301.1,311.2,1564,37.0,165,0,0,0,0,0,0,10.099999999999966,6059.922789264471,6105.0
6150,M21009,M,301.0,311.1,1420,47.4,167,0,0,0,0,0,0,10.100000000000023,7048.477277594059,7915.8
6151,L53330,L,301.1,311.1,1711,29.1,170,0,0,0,0,0,0,10.0,5214.007079383372,4947.0
6152,L53331,L,301.1,311.2,1555,35.3,172,0,0,0,0,0,0,10.099999999999966,5748.2244381508035,6071.599999999999
6153,M21012,M,301.1,311.1,1592,35.7,174,0,0,0,0,0,0,10.0,5951.684450372791,6211.8
6154,L53333,L,301.0,311.1,1236,64.4,177,1,0,0,0,1,0,10.100000000000023,8335.524955916726,11398.800000000001
6155,M21014,M,301.0,310.9,1765,24.2,179,0,0,0,0,0,0,9.899999999999977,4472.894900426028,4331.8
6156,L53335,L,301.0,311.0,1634,31.2,182,0,0,0,0,0,0,10.0,5338.69689180435,5678.4
6157,L53336,L,301.1,311.1,1508,41.5,184,0,0,0,0,0,0,10.0,6553.571714898548,7636.0
6158,L53337,L,301.1,311.2,1774,29.6,186,0,0,0,0,0,0,10.099999999999966,5498.876229235382,5505.6
6159,L53338,L,301.1,311.0,1677,29.1,188,0,0,0,0,0,0,9.899999999999977,5110.3973536679805,5470.8
6160,L53339,L,301.0,311.0,1399,58.0,190,1,0,0,0,1,0,10.0,8497.170369919433,11020.0
6161,L53340,L,301.0,310.9,1570,34.0,192,0,0,0,0,0,0,9.899999999999977,5589.940528287439,6528.0
6162,L53341,L,301.0,310.9,1479,44.3,194,0,0,0,0,0,0,9.899999999999977,6861.206939513571,8594.199999999999
6163,L53342,L,301.0,310.8,1558,34.9,196,0,0,0,0,0,0,9.800000000000011,5694.052908827403,6840.4
6164,L53343,L,300.8,310.7,1358,48.1,198,0,0,0,0,0,0,9.899999999999977,6840.273460465152,9523.800000000001
6165,H35578,H,300.9,310.7,1656,30.7,200,0,0,0,0,0,0,9.800000000000011,5323.868574479407,6140.0
6166,L53345,L,300.9,310.7,1523,35.8,205,0,0,0,0,0,0,9.800000000000011,5709.677096291257,7338.999999999999
6167,H35580,H,300.9,310.7,1403,40.6,207,0,0,0,0,0,0,9.800000000000011,5965.025747175036,8404.2
6168,M21027,M,300.9,310.7,1362,51.6,212,0,0,0,0,0,0,9.800000000000011,7359.620614005592,10939.2
6169,M21028,M,300.7,310.6,1778,27.1,215,0,0,0,0,0,0,9.900000000000034,5045.795736734663,5826.5
6170,L53349,L,300.7,310.5,1448,38.2,218,0,0,0,0,0,0,9.800000000000011,5792.426646786813,8327.6
6171,H35584,H,300.8,310.5,1559,40.1,220,0,0,0,0,0,0,9.699999999999989,6546.649739085138,8822.0
6172,L53351,L,300.8,310.6,1416,42.2,225,0,0,0,0,0,0,9.800000000000011,6257.549911126293,9495.0
6173,L53352,L,300.8,310.6,1577,37.9,227,1,1,0,0,0,0,9.800000000000011,6258.92173991836,8603.3
6174,L53353,L,300.8,310.7,1633,27.8,0,0,0,0,0,0,0,9.899999999999977,4754.004611069243,0.0
6175,L53354,L,300.9,310.7,1573,31.2,2,0,0,0,0,0,0,9.800000000000011,5139.394253860614,62.4
6176,L53355,L,300.9,310.8,1517,44.3,4,0,0,0,0,0,0,9.900000000000034,7037.492175282006,177.2
6177,L53356,L,301.0,310.9,1515,37.3,6,0,0,0,0,0,0,9.899999999999977,5917.6610019344125,223.79999999999998
6178,L53357,L,301.0,310.8,1527,45.3,8,0,0,0,0,0,0,9.800000000000011,7243.790092867736,362.4
6179,L53358,L,301.1,310.9,1282,67.9,10,1,0,0,1,0,0,9.799999999999955,9115.62429970512,679.0
6180,M21039,M,301.1,310.9,1396,45.1,12,0,0,0,0,0,0,9.799999999999955,6593.113894431731,541.2
6181,L53360,L,301.0,310.9,1492,44.6,15,0,0,0,0,0,0,9.899999999999977,6968.387608878544,669.0
6182,L53361,L,301.0,310.8,1975,19.7,17,0,0,0,0,0,0,9.800000000000011,4074.3838723181625,334.9
6183,L53362,L,301.0,310.8,1475,35.3,19,0,0,0,0,0,0,9.800000000000011,5452.495849692884,670.6999999999999
6184,H35597,H,301.0,310.9,1495,37.3,21,0,0,0,0,0,0,9.899999999999977,5839.540064615147,783.3
6185,L53364,L,301.0,311.0,1553,35.8,26,0,0,0,0,0,0,10.0,5822.146113289771,930.8
6186,L53365,L,301.1,311.0,1918,21.7,28,0,0,0,0,0,0,9.899999999999977,4358.499039933311,607.6
6187,M21046,M,301.1,311.0,1413,46.6,30,0,0,0,0,0,0,9.899999999999977,6895.356051658094,1398.0
6188,L53367,L,301.0,311.0,1437,56.0,33,0,0,0,0,0,0,10.0,8427.00813398926,1848.0
6189,L53368,L,301.0,310.9,1450,45.9,35,0,0,0,0,0,0,9.899999999999977,6969.623301988956,1606.5
6190,M21049,M,301.0,310.9,1910,21.9,37,0,0,0,0,0,0,9.899999999999977,4380.322636900249,810.3
6191,L53370,L,300.9,310.9,1749,26.4,40,0,0,0,0,0,0,10.0,4835.288084993122,1056.0
6192,H35605,H,301.0,310.9,1916,22.0,42,0,0,0,0,0,0,9.899999999999977,4414.147117803898,924.0
6193,L53372,L,301.0,310.9,1428,45.3,47,0,0,0,0,0,0,9.899999999999977,6774.153407082598,2129.1
6194,L53373,L,301.0,310.9,1578,38.4,49,0,0,0,0,0,0,9.899999999999977,6345.514505426807,1881.6
6195,L53374,L,300.9,310.8,1571,39.9,51,0,0,0,0,0,0,9.900000000000034,6564.137938190121,2034.8999999999999
6196,L53375,L,300.9,310.8,1729,30.2,53,0,0,0,0,0,0,9.900000000000034,5468.0257893771295,1600.6
6197,L53376,L,300.9,310.8,1701,30.4,55,0,0,0,0,0,0,9.900000000000034,5415.100425139653,1672.0
6198,L53377,L,300.9,310.8,1493,45.8,57,0,0,0,0,0,0,9.900000000000034,7160.674023229262,2610.6
6199,M21058,M,301.0,310.9,1554,32.7,59,0,0,0,0,0,0,9.899999999999977,5321.418132209607,1929.3000000000002
6200,L53379,L,300.9,310.9,1497,43.2,62,0,0,0,0,0,0,10.0,6772.268451490445,2678.4
6201,L53380,L,301.0,310.9,1679,29.8,64,0,0,0,0,0,0,9.899999999999977,5239.569171608081,1907.2
6202,M21061,M,301.0,310.9,1510,44.5,66,0,0,0,0,0,0,9.899999999999977,7036.643945265538,2937.0
6203,L53382,L,301.0,310.9,1296,54.9,69,0,0,0,0,0,0,9.899999999999977,7450.85246466584,3788.1
6204,L53383,L,301.0,310.9,1404,41.8,71,0,0,0,0,0,0,9.899999999999977,6145.709212658497,2967.7999999999997
6205,M21064,M,300.9,310.8,1519,34.9,73,0,0,0,0,0,0,9.900000000000034,5551.518850134035,2547.7
6206,M21065,M,300.9,310.7,1696,27.3,76,0,0,0,0,0,0,9.800000000000011,4848.608437844343,2074.8
6207,M21066,M,300.8,310.6,1669,28.4,79,0,0,0,0,0,0,9.800000000000011,4963.674504769825,2243.6
6208,L53387,L,300.7,310.6,1447,40.7,82,0,0,0,0,0,0,9.900000000000034,6167.2500662866105,3337.4
6209,M21068,M,300.7,310.6,1418,46.3,84,0,0,0,0,0,0,9.900000000000034,6875.20797077307,3889.2
6210,L53389,L,300.7,310.6,1407,40.5,87,0,0,0,0,0,0,9.900000000000034,5967.2981658611325,3523.5
6211,L53390,L,300.8,310.5,1434,44.5,89,0,0,0,0,0,0,9.699999999999989,6682.481733450849,3960.5
6212,L53391,L,300.8,310.6,1360,48.8,91,0,0,0,0,0,0,9.800000000000011,6950.040707781579,4440.8
6213,L53392,L,300.8,310.6,1402,53.7,93,0,0,0,0,0,0,9.800000000000011,7884.078091595874,4994.1
6214,L53393,L,300.9,310.6,1552,34.9,95,0,0,0,0,0,0,9.700000000000045,5672.124592105347,3315.5
6215,L53394,L,300.9,310.7,1392,44.2,97,0,0,0,0,0,0,9.800000000000011,6443.029541394235,4287.400000000001
6216,L53395,L,301.1,310.8,1521,41.0,99,0,0,0,0,0,0,9.699999999999989,6530.4286490171025,4059.0
6217,L53396,L,301.1,310.8,1724,27.5,101,0,0,0,0,0,0,9.699999999999989,4964.7635902230695,2777.5
6218,M21077,M,301.0,310.7,1455,46.1,103,0,0,0,0,0,0,9.699999999999989,7024.129934528739,4748.3
6219,H35632,H,301.0,310.6,1366,50.6,106,0,0,0,0,0,0,9.600000000000023,7238.187585968836,5363.6
6220,H35633,H,301.1,310.6,1407,43.9,111,0,0,0,0,0,0,9.5,6468.25653040256,4872.9
6221,L53400,L,301.1,310.8,1470,49.3,116,0,0,0,0,0,0,9.699999999999989,7589.145373276863,5718.799999999999
6222,M21081,M,301.2,310.9,1359,50.8,118,0,0,0,0,0,0,9.699999999999989,7229.558678146975,5994.4
6223,H35636,H,301.1,310.8,1792,25.8,121,0,0,0,0,0,0,9.699999999999989,4841.571270300302,3121.8
6224,M21083,M,301.1,310.9,1552,37.9,126,0,0,0,0,0,0,9.799999999999955,6159.699771942483,4775.4
6225,L53404,L,301.2,311.0,1612,32.9,129,0,0,0,0,0,0,9.800000000000011,5553.791268820131,4244.099999999999
6226,M21085,M,301.2,311.0,1424,41.4,131,0,0,0,0,0,0,9.800000000000011,6173.606555422374,5423.4
6227,H35640,H,301.3,311.0,1341,59.3,134,0,0,0,0,0,0,9.699999999999989,8327.451062797001,7946.2
6228,L53407,L,301.2,310.8,1479,38.2,139,0,0,0,0,0,0,9.600000000000023,5916.435780799514,5309.8
6229,L53408,L,301.2,310.9,1413,50.1,141,0,0,0,0,0,0,9.699999999999989,7413.247600602371,7064.1
6230,L53409,L,301.3,310.9,2165,17.4,143,0,0,0,0,0,0,9.599999999999966,3944.897895112703,2488.2
6231,M21090,M,301.3,311.0,1641,33.0,145,0,0,0,0,0,0,9.699999999999989,5670.8888989949355,4785.0
6232,M21091,M,301.3,311.0,1495,40.8,148,0,0,0,0,0,0,9.699999999999989,6387.4861832787665,6038.4
6233,L53412,L,301.3,311.0,1576,30.4,151,0,0,0,0,0,0,9.699999999999989,5017.165355684947,4590.4
6234,L53413,L,301.2,310.9,1467,37.1,153,0,0,0,0,0,0,9.699999999999989,5699.445976216067,5676.3
6235,L53414,L,301.2,310.8,1479,41.2,155,0,0,0,0,0,0,9.600000000000023,6381.077334265444,6386.0
6236,L53415,L,301.3,310.9,1596,33.9,157,0,0,0,0,0,0,9.599999999999966,5665.7995188961195,5322.3
6237,M21096,M,301.3,310.9,1512,36.9,159,0,0,0,0,0,0,9.599999999999966,5842.608353440153,5867.099999999999
6238,L53417,L,301.4,310.9,1414,38.8,162,0,0,0,0,0,0,9.5,5745.2608690809175,6285.599999999999
6239,L53418,L,301.3,310.8,1390,57.4,164,0,0,0,0,0,0,9.5,8355.170381977174,9413.6
6240,L53419,L,301.2,310.7,1644,31.6,166,0,0,0,0,0,0,9.5,5440.233166368373,5245.6
6241,M21100,M,301.2,310.7,1394,42.8,168,0,0,0,0,0,0,9.5,6247.9156936552845,7190.4
6242,L53421,L,301.1,310.5,1324,52.4,171,0,0,0,0,0,0,9.399999999999977,7265.205282789707,8960.4
6243,L53422,L,301.0,310.4,1476,43.6,173,0,0,0,0,0,0,9.399999999999977,6739.093233068536,7542.8
6244,L53423,L,301.0,310.4,2204,16.6,175,0,0,0,0,0,0,9.399999999999977,3831.31884870992,2905.0000000000005
6245,M21104,M,301.0,310.4,1665,30.9,177,0,0,0,0,0,0,9.399999999999977,5387.674321273816,5469.3
6246,L53425,L,300.9,310.4,1445,41.7,180,0,0,0,0,0,0,9.5,6310.04592436778,7506.000000000001
6247,H35660,H,300.8,310.3,1457,46.8,182,0,0,0,0,0,0,9.5,7140.588774197311,8517.6
6248,L53427,L,300.8,310.2,1492,46.3,187,0,0,0,0,0,0,9.399999999999977,7233.998795764048,8658.1
6249,L53428,L,300.8,310.1,1405,61.2,189,1,0,0,1,1,0,9.300000000000011,9004.432863719065,11566.800000000001
6250,L53429,L,300.7,310.1,1542,35.5,191,0,0,0,0,0,0,9.400000000000034,5732.464115005295,6780.5
6251,L53430,L,300.8,310.2,1520,37.7,193,0,0,0,0,0,0,9.399999999999977,6000.860847376984,7276.1
6252,M21111,M,300.8,310.2,1598,36.5,195,0,0,0,0,0,0,9.399999999999977,6107.989156864395,7117.5
6253,L53432,L,300.8,310.3,1538,36.1,198,0,0,0,0,0,0,9.5,5814.229299802726,7147.8
6254,L53433,L,300.9,310.4,1615,30.9,200,0,0,0,0,0,0,9.5,5225.8822996139415,6180.0
6255,L53434,L,301.0,310.5,1408,47.0,202,0,0,0,0,0,0,9.5,6929.934514798605,9494.0
6256,L53435,L,301.0,310.5,1379,57.3,204,1,0,0,0,1,0,9.5,8274.60947436362,11689.199999999999
6257,L53436,L,301.0,310.6,1493,37.8,206,1,1,0,0,0,0,9.600000000000023,5909.901268080046,7786.799999999999
6258,L53437,L,301.1,310.7,1376,49.1,0,0,0,0,0,0,0,9.599999999999966,7075.034207492406,0.0
6259,M21118,M,301.1,310.7,1583,40.7,2,0,0,0,0,0,0,9.599999999999966,6746.894854824952,81.4
6260,M21119,M,301.2,310.8,1396,47.4,5,0,0,0,0,0,0,9.600000000000023,6929.348084169934,237.0
6261,L53440,L,301.1,310.7,1436,45.3,8,0,0,0,0,0,0,9.599999999999966,6812.103846337963,362.4
6262,L53441,L,301.1,310.6,1417,47.6,10,0,0,0,0,0,0,9.5,7063.263707016955,476.0
6263,L53442,L,301.0,310.6,1641,33.4,12,0,0,0,0,0,0,9.600000000000023,5739.626946255479,400.79999999999995
6264,M21123,M,301.0,310.6,1698,27.3,14,0,0,0,0,0,0,9.600000000000023,4854.326136473876,382.2
6265,L53444,L,300.9,310.4,1541,39.1,17,0,0,0,0,0,0,9.5,6309.689877200372,664.7
6266,L53445,L,300.8,310.3,1383,46.6,19,0,0,0,0,0,0,9.5,6748.957834000809,885.4
6267,L53446,L,300.8,310.4,1368,46.8,21,0,0,0,0,0,0,9.599999999999966,6704.410050172904,982.8
6268,L53447,L,300.8,310.4,1570,35.2,23,0,0,0,0,0,0,9.599999999999966,5787.232546932878,809.6
6269,L53448,L,300.9,310.5,1616,33.5,25,0,0,0,0,0,0,9.600000000000023,5669.108663157901,837.5
6270,M21129,M,300.9,310.5,1444,43.2,27,0,0,0,0,0,0,9.600000000000023,6532.502100168473,1166.4
6271,L53450,L,300.9,310.4,2021,18.8,30,0,0,0,0,0,0,9.5,3978.806151820449,564.0
6272,M21131,M,300.9,310.5,1702,29.3,32,0,0,0,0,0,0,9.600000000000023,5222.227580160265,937.6
6273,M21132,M,301.1,310.6,1429,52.7,35,0,0,0,0,0,0,9.5,7886.266734477874,1844.5
6274,L53453,L,301.2,310.8,1711,28.9,38,0,0,0,0,0,0,9.600000000000023,5178.171979181424,1098.2
6275,M21134,M,301.2,310.7,1543,32.9,40,0,0,0,0,0,0,9.5,5316.066952722992,1316.0
6276,L53455,L,301.3,310.8,1628,32.2,43,0,0,0,0,0,0,9.5,5489.577114980757,1384.6000000000001
6277,L53456,L,301.2,310.8,1233,64.6,45,0,0,0,0,0,0,9.600000000000023,8341.116990840115,2906.9999999999995
6278,L53457,L,301.2,310.8,1461,40.6,47,0,0,0,0,0,0,9.600000000000023,6211.61982653081,1908.2
6279,L53458,L,301.2,310.7,1568,38.3,49,0,0,0,0,0,0,9.5,6288.882061858095,1876.6999999999998
6280,L53459,L,301.3,310.8,1432,54.4,51,0,0,0,0,0,0,9.5,8157.752699625592,2774.4
6281,M21140,M,301.2,310.7,1527,41.1,53,0,0,0,0,0,0,9.5,6572.180415383312,2178.3
6282,M21141,M,301.3,310.8,1455,41.2,56,0,0,0,0,0,0,9.5,6277.530440403125,2307.2000000000003
6283,M21142,M,301.3,310.8,1418,45.4,59,0,0,0,0,0,0,9.5,6741.56461928936,2678.6
6284,L53463,L,301.3,310.8,1719,29.5,62,0,0,0,0,0,0,9.5,5310.391141995507,1829.0
6285,M21144,M,301.2,310.8,1734,31.3,64,0,0,0,0,0,0,9.600000000000023,5683.580933315438,2003.2
6286,M21145,M,301.2,310.7,1426,46.1,67,0,0,0,0,0,0,9.5,6884.130093909266,3088.7000000000003
6287,L53466,L,301.1,310.6,1611,35.2,70,0,0,0,0,0,0,9.5,5938.36409752157,2464.0
6288,M21147,M,301.1,310.6,1479,41.1,72,0,0,0,0,0,0,9.5,6365.589282483246,2959.2000000000003
6289,L53468,L,301.0,310.5,1317,50.9,75,0,0,0,0,0,0,9.5,7019.920200372929,3817.5
6290,L53469,L,301.0,310.5,1248,61.4,77,0,0,0,0,0,0,9.5,8024.381619505192,4727.8
6291,L53470,L,301.0,310.5,1932,21.7,79,0,0,0,0,0,0,9.5,4390.312901538664,1714.3
6292,M21151,M,301.1,310.5,1547,35.8,81,0,0,0,0,0,0,9.399999999999977,5799.652309890069,2899.7999999999997
6293,L53472,L,301.0,310.4,1614,31.6,84,0,0,0,0,0,0,9.399999999999977,5340.958838514935,2654.4
6294,H35707,H,301.0,310.4,1512,44.9,86,0,0,0,0,0,0,9.399999999999977,7109.298511367559,3861.4
6295,L53474,L,301.1,310.5,1529,38.7,91,0,0,0,0,0,0,9.399999999999977,6196.508765867044,3521.7000000000003
6296,H35709,H,301.1,310.6,1782,24.9,93,0,0,0,0,0,0,9.5,4646.604030218518,2315.7
6297,L53476,L,301.0,310.5,1429,39.4,98,0,0,0,0,0,0,9.5,5895.994484600155,3861.2
6298,M21157,M,301.1,310.5,1309,60.7,100,0,0,0,0,0,0,9.399999999999977,8320.644278714222,6070.0
6299,L53478,L,301.1,310.5,1428,44.1,103,0,0,0,0,0,0,9.399999999999977,6594.70563470955,4542.3
6300,L53479,L,301.2,310.6,1385,49.2,105,0,0,0,0,0,0,9.400000000000034,7135.813553363856,5166.0
6301,L53480,L,301.2,310.7,1517,39.4,107,0,0,0,0,0,0,9.5,6259.0788195510395,4215.8
6302,M21161,M,301.2,310.6,1576,39.6,109,0,0,0,0,0,0,9.400000000000034,6535.518029115919,4316.400000000001
6303,L53482,L,301.2,310.6,1437,51.2,112,0,0,0,0,0,0,9.400000000000034,7704.693151075897,5734.400000000001
6304,H35717,H,301.2,310.6,1457,50.5,114,0,0,0,0,0,0,9.400000000000034,7705.122502071886,5757.0
6305,L53484,L,301.1,310.5,1532,37.5,119,0,0,0,0,0,0,9.399999999999977,6016.1499316244535,4462.5
6306,M21165,M,301.1,310.5,1603,32.6,121,0,0,0,0,0,0,9.399999999999977,5472.424019092156,3944.6000000000004
6307,L53486,L,301.0,310.4,1563,34.4,124,0,0,0,0,0,0,9.399999999999977,5630.48801746977,4265.599999999999
6308,L53487,L,301.0,310.3,1617,34.5,126,0,0,0,0,0,0,9.300000000000011,5841.9486189828995,4347.0
6309,M21168,M,300.8,310.1,1686,26.9,128,0,0,0,0,0,0,9.300000000000011,4749.3969418439765,3443.2
6310,L53489,L,300.9,310.2,1382,50.4,131,0,0,0,0,0,0,9.300000000000011,7294.024159398638,6602.4
6311,L53490,L,300.9,310.1,2090,17.8,133,0,0,0,0,0,0,9.200000000000045,3895.7843299615824,2367.4
6312,L53491,L,300.9,310.3,1446,44.5,135,0,0,0,0,0,0,9.400000000000034,6738.402082684747,6007.5
6313,M21172,M,300.9,310.2,1533,38.1,137,0,0,0,0,0,0,9.300000000000011,6116.398153200505,5219.7
6314,L53493,L,300.9,310.3,1440,47.6,140,0,0,0,0,0,0,9.400000000000034,7177.910894921959,6664.0
6315,M21174,M,301.0,310.4,1793,25.0,142,0,0,0,0,0,0,9.399999999999977,4694.063023238749,3550.0
6316,M21175,M,301.0,310.4,1517,46.1,145,0,0,0,0,0,0,9.399999999999977,7323.43993861175,6684.5
6317,L53496,L,300.9,310.4,1544,36.0,148,0,0,0,0,0,0,9.5,5820.742868571168,5328.0
6318,L53497,L,300.9,310.3,1321,48.8,150,0,0,0,0,0,0,9.400000000000034,6750.738069837842,7320.0
6319,M21178,M,300.9,310.3,1416,50.9,152,0,0,0,0,0,0,9.400000000000034,7547.613518396405,7736.8
6320,L53499,L,300.8,310.2,1514,40.0,155,0,0,0,0,0,0,9.399999999999977,6341.828370046595,6200.0
6321,M21180,M,300.8,310.2,1304,52.5,157,0,0,0,0,0,0,9.399999999999977,7169.114435491908,8242.5
6322,L53501,L,300.7,310.2,1286,64.9,160,0,0,0,0,0,0,9.5,8740.057369943972,10384.0
6323,M21182,M,300.7,310.1,1483,40.2,162,0,0,0,0,0,0,9.400000000000034,6243.035753066709,6512.400000000001
6324,L53503,L,300.7,310.1,1351,46.9,165,0,0,0,0,0,0,9.400000000000034,6635.24265191637,7738.5
6325,M21184,M,300.7,310.1,1367,52.6,167,0,0,0,0,0,0,9.400000000000034,7529.790216075039,8784.2
6326,L53505,L,300.7,310.1,1721,32.3,170,0,0,0,0,0,0,9.400000000000034,5821.193163518183,5490.999999999999
6327,L53506,L,300.6,310.0,1455,40.4,172,0,0,0,0,0,0,9.399999999999977,6155.63664544384,6948.8
6328,L53507,L,300.6,310.0,1425,49.5,174,0,0,0,0,0,0,9.399999999999977,7386.669726753001,8613.0
6329,L53508,L,300.7,310.0,1672,29.7,176,0,0,0,0,0,0,9.300000000000011,5200.215487634113,5227.2
6330,M21189,M,300.7,310.0,1641,34.6,178,0,0,0,0,0,0,9.300000000000011,5945.841088037115,6158.8
6331,M21190,M,300.5,310.0,1580,37.0,181,0,0,0,0,0,0,9.5,6121.9168842953095,6697.0
6332,H35745,H,300.5,310.0,1495,47.4,184,0,0,0,0,0,0,9.5,7420.75600704445,8721.6
6333,M21192,M,300.5,309.9,1994,19.8,189,0,0,0,0,0,0,9.399999999999977,4134.461595830312,3742.2000000000003
6334,M21193,M,300.4,309.9,1415,31.8,192,0,0,0,0,0,0,9.5,4712.07482111933,6105.6
6335,M21194,M,300.4,309.8,1725,30.4,195,0,0,0,0,0,0,9.400000000000034,5491.503958474958,5928.0
6336,M21195,M,300.4,309.8,1430,43.4,198,0,0,0,0,0,0,9.400000000000034,6499.117442236325,8593.199999999999
6337,L53516,L,300.4,309.8,1395,48.1,201,0,0,0,0,0,0,9.400000000000034,7026.643208651611,9668.1
6338,M21197,M,300.4,309.8,1435,43.6,203,0,0,0,0,0,0,9.400000000000034,6551.896198816633,8850.800000000001
6339,L53518,L,300.4,309.9,1681,28.6,206,0,0,0,0,0,0,9.5,5034.569778985835,5891.6
6340,L53519,L,300.5,310.0,1451,48.6,208,0,0,0,0,0,0,9.5,7384.6905233812395,10108.800000000001
6341,H35754,H,300.5,309.9,1397,45.9,210,1,1,0,0,0,0,9.399999999999977,6714.8715537093585,9639.0
6342,M21201,M,300.4,309.8,1421,47.2,0,0,0,0,0,0,0,9.400000000000034,7023.679639581724,0.0
6343,M21202,M,300.3,309.8,1444,42.0,3,0,0,0,0,0,0,9.5,6351.043708497125,126.0
6344,L53523,L,300.2,309.8,1827,23.0,6,0,0,0,0,0,0,9.600000000000023,4400.428829883223,138.0
6345,H35758,H,300.2,309.8,1374,47.7,8,0,0,0,0,0,0,9.600000000000023,6863.311806591478,381.6
6346,L53525,L,300.2,309.8,1650,29.6,13,0,0,0,0,0,0,9.600000000000023,5114.512840044183,384.8
6347,L53526,L,300.2,309.7,1275,60.7,15,0,0,0,0,0,0,9.5,8104.5236480982685,910.5
6348,L53527,L,300.2,309.7,1421,44.6,17,0,0,0,0,0,0,9.5,6636.782032316629,758.2
6349,L53528,L,300.2,309.8,1557,33.8,19,0,0,0,0,0,0,9.600000000000023,5511.044664780286,642.1999999999999
6350,L53529,L,300.1,309.8,1506,35.2,21,0,0,0,0,0,0,9.699999999999989,5551.319882599309,739.2
6351,L53530,L,300.1,309.7,1362,49.1,23,0,0,0,0,0,0,9.599999999999966,7003.049847823151,1129.3
6352,L53531,L,300.0,309.7,1542,47.1,25,0,0,0,0,0,0,9.699999999999989,7605.607318781673,1177.5
6353,L53532,L,300.0,309.6,1496,38.8,27,0,0,0,0,0,0,9.600000000000023,6078.4372419696265,1047.6
6354,M21213,M,300.0,309.6,1491,42.0,29,0,0,0,0,0,0,9.600000000000023,6557.760505103334,1218.0
6355,L53534,L,300.1,309.6,1565,34.8,32,0,0,0,0,0,0,9.5,5703.24730332691,1113.6
6356,L53535,L,300.1,309.7,1481,37.9,34,0,0,0,0,0,0,9.599999999999966,5877.909382890991,1288.6
6357,M21216,M,300.1,309.7,1420,48.4,36,0,0,0,0,0,0,9.599999999999966,7197.179329863977,1742.3999999999999
6358,L53537,L,300.2,309.8,1398,54.8,39,0,0,0,0,0,0,9.600000000000023,8022.622327619182,2137.2
6359,M21218,M,300.2,309.8,1466,45.7,41,0,0,0,0,0,0,9.600000000000023,7015.825657947749,1873.7
6360,L53539,L,300.1,309.8,1430,56.7,44,0,0,0,0,0,0,9.699999999999989,8490.782464857133,2494.8
6361,L53540,L,300.1,309.7,1441,40.1,46,0,0,0,0,0,0,9.599999999999966,6051.136801809932,1844.6000000000001
6362,M21221,M,300.1,309.7,1348,57.3,48,0,0,0,0,0,0,9.599999999999966,8088.5957733445675,2750.3999999999996
6363,L53542,L,300.0,309.6,1738,28.7,51,0,0,0,0,0,0,9.600000000000023,5223.4842172217,1463.7
6364,M21223,M,300.0,309.6,1618,36.2,53,0,0,0,0,0,0,9.600000000000023,6133.603608966665,1918.6000000000001
6365,M21224,M,299.9,309.6,1489,41.7,56,0,0,0,0,0,0,9.700000000000045,6502.18573106133,2335.2000000000003
6366,M21225,M,299.9,309.5,1412,57.9,59,0,0,0,0,0,0,9.600000000000023,8561.342635856761,3416.1
6367,M21226,M,299.9,309.5,2065,18.1,62,0,0,0,0,0,0,9.600000000000023,3914.0579272299633,1122.2
6368,L53547,L,300.0,309.6,1571,33.1,65,0,0,0,0,0,0,9.600000000000023,5445.43773819782,2151.5
6369,M21228,M,300.0,309.6,1423,48.7,67,0,0,0,0,0,0,9.600000000000023,7257.089501767934,3262.9
6370,H35783,H,300.0,309.5,1781,24.9,70,0,0,0,0,0,0,9.5,4643.996508316039,1743.0
6371,L53550,L,300.1,309.6,1321,46.9,75,0,0,0,0,0,0,9.5,6487.901956463009,3517.5
6372,L53551,L,300.1,309.6,1546,36.7,77,0,0,0,0,0,0,9.5,5941.61040993028,2825.9
6373,M21232,M,300.0,309.5,1879,22.4,79,0,0,0,0,0,0,9.5,4407.612605084431,1769.6
6374,H35787,H,300.0,309.5,1735,28.9,82,0,0,0,0,0,0,9.5,5250.80560133242,2369.7999999999997
6375,L53554,L,300.0,309.5,1506,38.8,87,0,0,0,0,0,0,9.5,6119.068506956055,3375.6
6376,H35789,H,300.0,309.6,1629,32.3,89,0,0,0,0,0,0,9.600000000000023,5510.007939204602,2874.7
6377,L53556,L,300.0,309.6,1694,28.7,94,0,0,0,0,0,0,9.600000000000023,5091.244110456594,2697.7999999999997
6378,L53557,L,300.1,309.6,1541,37.0,96,0,0,0,0,0,0,9.5,5970.806277657641,3552.0
6379,L53558,L,300.0,309.6,1514,44.6,98,0,0,0,0,0,0,9.600000000000023,7071.138632601955,4370.8
6380,L53559,L,300.1,309.7,1485,45.9,100,0,0,0,0,0,0,9.599999999999966,7137.855588588689,4590.0
6381,L53560,L,300.2,309.8,1430,55.0,102,0,0,0,0,0,0,9.600000000000023,8236.20874016124,5610.0
6382,L53561,L,300.2,309.7,1771,27.1,104,0,0,0,0,0,0,9.5,5025.9303991884635,2818.4
6383,L53562,L,300.2,309.8,1481,41.9,106,0,0,0,0,0,0,9.600000000000023,6498.269212219855,4441.4
6384,H35797,H,300.2,309.7,1483,43.8,108,0,0,0,0,0,0,9.5,6802.1135816995475,4730.4
6385,H35798,H,300.1,309.6,1463,45.1,113,0,0,0,0,0,0,9.5,6909.545578476807,5096.3
6386,L53565,L,300.1,309.7,1410,48.3,118,0,0,0,0,0,0,9.599999999999966,7131.729482914189,5699.4
6387,L53566,L,300.2,309.7,1656,34.3,120,0,0,0,0,0,0,9.5,5948.16586660077,4116.0
6388,M21247,M,300.2,309.8,1487,39.2,122,0,0,0,0,0,0,9.600000000000023,6104.156413827016,4782.400000000001
6389,H35802,H,300.3,309.9,1509,46.6,125,0,0,0,0,0,0,9.599999999999966,7363.830348161404,5825.0
6390,H35803,H,300.3,309.9,1677,30.1,130,0,0,0,0,0,0,9.599999999999966,5286.01238300365,3913.0
6391,L53570,L,300.3,309.8,1450,55.0,135,0,0,0,0,0,0,9.5,8351.400470792867,7425.0
6392,M21251,M,300.2,309.7,1413,43.0,137,0,0,0,0,0,0,9.5,6362.667601315407,5891.0
6393,L53572,L,300.1,309.7,1680,33.8,140,0,0,0,0,0,0,9.599999999999966,5946.40657471476,4732.0
6394,L53573,L,300.2,309.7,1678,30.5,142,0,0,0,0,0,0,9.5,5359.452347269067,4331.0
6395,M21254,M,300.2,309.7,1408,44.0,144,0,0,0,0,0,0,9.5,6487.5982691731615,6336.0
6396,M21255,M,300.1,309.6,1376,52.1,147,0,0,0,0,0,0,9.5,7507.317356626361,7658.7
6397,L53576,L,300.0,309.6,1526,46.4,150,0,0,0,0,0,0,9.600000000000023,7414.828868904677,6960.0
6398,M21257,M,300.0,309.6,1587,32.6,152,0,0,0,0,0,0,9.600000000000023,5417.802194821742,4955.2
6399,L53578,L,300.1,309.7,1351,58.2,155,0,0,0,0,0,0,9.599999999999966,8233.925849499632,9021.0
6400,M21259,M,300.1,309.6,1501,38.0,157,0,0,0,0,0,0,9.5,5973.005392515153,5966.0
6401,L53580,L,300.1,309.7,1601,35.8,160,0,0,0,0,0,0,9.599999999999966,6002.096540487395,5728.0
6402,M21261,M,300.0,309.6,1573,39.7,162,0,0,0,0,0,0,9.600000000000023,6539.5497396880255,6431.400000000001
6403,M21262,M,300.1,309.6,1584,36.7,165,0,0,0,0,0,0,9.5,6087.652580420157,6055.500000000001
6404,L53583,L,300.1,309.6,1649,33.6,168,0,0,0,0,0,0,9.5,5802.144640061917,5644.8
6405,M21264,M,300.2,309.7,1183,61.4,170,0,0,0,0,0,0,9.5,7606.445076822631,10438.0
6406,L53585,L,300.1,309.7,2151,17.5,173,0,0,0,0,0,0,9.599999999999966,3941.9133820917928,3027.5
6407,L53586,L,300.2,309.8,1526,45.6,175,0,0,0,0,0,0,9.600000000000023,7286.986991854597,7980.0
6408,M21267,M,300.3,309.9,1611,29.0,177,0,0,0,0,0,0,9.599999999999966,4892.402239435384,5133.0
6409,L53588,L,300.3,309.9,1601,31.7,180,0,0,0,0,0,0,9.599999999999966,5314.705595906436,5706.0
6410,L53589,L,300.3,310.0,1560,40.8,182,0,0,0,0,0,0,9.699999999999989,6665.202973856104,7425.599999999999
6411,L53590,L,300.4,310.1,1544,41.9,184,0,0,0,0,0,0,9.700000000000045,6774.6979498092205,7709.599999999999
6412,M21271,M,300.4,310.0,1560,42.3,186,0,0,0,0,0,0,9.600000000000023,6910.247200836108,7867.799999999999
6413,L53592,L,300.4,310.0,1423,44.2,189,0,0,0,0,0,0,9.600000000000023,6586.516549859193,8353.800000000001
6414,L53593,L,300.4,310.1,1614,33.5,191,0,0,0,0,0,0,9.700000000000045,5662.0924395648835,6398.5
6415,M21274,M,300.4,310.1,1457,35.1,193,0,0,0,0,0,0,9.700000000000045,5355.441580647985,6774.3
6416,L53595,L,300.4,310.1,1503,42.2,196,0,0,0,0,0,0,9.700000000000045,6642.018020072613,8271.2
6417,H35830,H,300.4,310.1,1484,38.0,198,0,0,0,0,0,0,9.700000000000045,5905.356430707853,7524.0
6418,L53597,L,300.3,309.9,1540,39.9,203,0,0,0,0,0,0,9.599999999999966,6434.610073082614,8099.7
6419,H35832,H,300.3,309.9,1405,52.1,205,0,0,0,0,0,0,9.599999999999966,7665.5384346366545,10680.5
6420,H35833,H,300.3,309.9,1394,46.7,210,1,1,0,0,0,0,9.599999999999966,6817.235114338827,9807.0
6421,L53600,L,300.3,309.9,1518,36.4,0,0,0,0,0,0,0,9.599999999999966,5786.311013087824,0.0
6422,L53601,L,300.3,309.9,1527,41.4,2,0,0,0,0,0,0,9.599999999999966,6620.152535203627,82.8
6423,L53602,L,300.3,309.9,1377,55.3,4,0,0,0,0,0,0,9.599999999999966,7974.210384827363,221.2
6424,M21283,M,300.3,310.0,1537,37.5,6,0,0,0,0,0,0,9.699999999999989,6035.7848857093895,225.0
6425,M21284,M,300.3,310.0,1409,43.2,9,0,0,0,0,0,0,9.699999999999989,6374.165830427547,388.8
6426,L53605,L,300.3,309.9,1393,56.1,12,0,0,0,0,0,0,9.599999999999966,8183.566119262588,673.2
6427,L53606,L,300.2,309.7,1448,36.8,14,0,0,0,0,0,0,9.5,5580.138759208237,515.1999999999999
6428,L53607,L,300.2,309.8,1418,49.3,16,0,0,0,0,0,0,9.600000000000023,7320.685809052103,788.8
6429,M21288,M,300.2,309.8,1743,24.1,18,0,0,0,0,0,0,9.600000000000023,4398.889449482965,433.8
6430,M21289,M,300.2,309.8,1394,47.4,21,0,0,0,0,0,0,9.600000000000023,6919.42065138459,995.4
6431,L53610,L,300.3,309.8,1523,39.2,24,0,0,0,0,0,0,9.5,6251.9369322518805,940.8000000000001
6432,L53611,L,300.2,309.8,1353,59.4,26,0,0,0,0,0,0,9.600000000000023,8416.13822340784,1544.3999999999999
6433,M21292,M,300.3,309.9,1447,46.5,28,0,0,0,0,0,0,9.599999999999966,7046.121083103867,1302.0
6434,L53613,L,300.3,309.9,1570,34.0,31,0,0,0,0,0,0,9.599999999999966,5589.940528287439,1054.0
6435,M21294,M,300.3,309.9,1494,38.5,33,0,0,0,0,0,0,9.599999999999966,6023.37559472771,1270.5
6436,L53615,L,300.3,309.9,1621,34.1,36,0,0,0,0,0,0,9.599999999999966,5788.499655969826,1227.6000000000001
6437,L53616,L,300.4,310.0,1769,26.1,38,0,0,0,0,0,0,9.600000000000023,4835.0053416543,991.8000000000001
6438,L53617,L,300.4,310.0,1282,66.1,40,0,0,0,0,0,0,9.600000000000023,8873.972992790992,2644.0
6439,L53618,L,300.4,310.0,1581,30.3,42,0,0,0,0,0,0,9.600000000000023,5016.526565178718,1272.6000000000001
6440,L53619,L,300.6,310.1,1656,32.7,44,0,0,0,0,0,0,9.5,5670.700403435721,1438.8000000000002
6441,L53620,L,300.6,310.2,1648,31.7,46,0,0,0,0,0,0,9.599999999999966,5470.727559059217,1458.2
6442,L53621,L,300.7,310.2,1639,31.4,48,0,0,0,0,0,0,9.5,5389.360309331242,1507.1999999999998
6443,L53622,L,300.7,310.2,1348,54.8,50,0,0,0,0,0,0,9.5,7735.690198591315,2740.0
6444,L53623,L,300.8,310.3,1537,33.3,52,0,0,0,0,0,0,9.5,5359.776978509938,1731.6
6445,M21304,M,300.8,310.3,1270,61.0,54,0,0,0,0,0,0,9.5,8112.639429120042,3294.0
6446,L53625,L,300.7,310.3,1662,34.4,57,0,0,0,0,0,0,9.600000000000023,5987.121615505283,1960.8
6447,M21306,M,300.7,310.3,1471,40.2,59,0,0,0,0,0,0,9.600000000000023,6192.518943196985,2371.8
6448,L53627,L,300.6,310.1,1337,45.8,62,0,0,0,0,0,0,9.5,6412.472316850318,2839.6
6449,H35862,H,300.7,310.2,1877,24.8,64,0,0,0,0,0,0,9.5,4874.662712918114,1587.2
6450,L53629,L,300.6,310.2,1519,44.6,69,0,0,0,0,0,0,9.599999999999966,7094.491137993639,3077.4
6451,L53630,L,300.6,310.2,1378,47.3,71,0,0,0,0,0,0,9.599999999999966,6825.570806846351,3358.2999999999997
6452,L53631,L,300.7,310.2,1696,27.5,73,0,0,0,0,0,0,9.5,4884.129378780932,2007.5
6453,L53632,L,300.7,310.1,1376,50.8,75,0,0,0,0,0,0,9.400000000000034,7319.994658668314,3810.0
6454,L53633,L,300.7,310.2,1807,24.2,77,0,0,0,0,0,0,9.5,4579.33205952965,1863.3999999999999
6455,L53634,L,300.7,310.1,1598,32.8,79,0,0,0,0,0,0,9.400000000000034,5488.823132743894,2591.2
6456,L53635,L,300.7,310.1,1565,40.2,81,0,0,0,0,0,0,9.400000000000034,6588.233953843155,3256.2000000000003
6457,L53636,L,300.7,310.2,1387,50.6,83,0,0,0,0,0,0,9.5,7349.462797758985,4199.8
6458,L53637,L,300.7,310.0,1395,48.0,85,0,0,0,0,0,0,9.300000000000011,7012.034802812418,4080.0
6459,M21318,M,300.6,310.0,1302,62.9,87,0,0,0,0,0,0,9.399999999999977,8576.108121328632,5472.3
6460,M21319,M,300.6,310.0,1397,55.2,90,0,0,0,0,0,0,9.399999999999977,8075.401084199492,4968.0
6461,L53640,L,300.6,310.0,1313,52.9,93,0,0,0,0,0,0,9.399999999999977,7273.593335174792,4919.7
6462,L53641,L,300.6,310.0,1505,35.9,95,0,0,0,0,0,0,9.399999999999977,5657.956009237657,3410.5
6463,H35876,H,300.6,310.0,1483,44.0,97,0,0,0,0,0,0,9.399999999999977,6833.173461068039,4268.0
6464,H35877,H,300.5,310.0,1358,60.4,102,0,0,0,0,0,0,9.5,8589.449418130876,6160.8
6465,M21324,M,300.5,309.9,1735,27.0,107,0,0,0,0,0,0,9.399999999999977,4905.596928580461,2889.0
6466,M21325,M,300.5,309.8,1416,48.5,110,0,0,0,0,0,0,9.300000000000011,7191.733902597754,5335.0
6467,L53646,L,300.4,309.7,1740,31.1,113,0,0,0,0,0,0,9.300000000000011,5666.804828545269,3514.3
6468,L53647,L,300.4,309.7,1692,27.4,115,0,0,0,0,0,0,9.300000000000011,4854.891623151522,3151.0
6469,L53648,L,300.5,309.8,1507,42.5,117,0,0,0,0,0,0,9.300000000000011,6707.038516026409,4972.5
6470,M21329,M,300.4,309.6,1521,35.0,119,0,0,0,0,0,0,9.200000000000045,5574.756163795088,4165.0
6471,L53650,L,300.4,309.6,1379,54.5,122,0,0,0,0,0,0,9.200000000000045,7870.265555895589,6649.0
6472,L53651,L,300.4,309.6,1523,38.5,124,0,0,0,0,0,0,9.200000000000045,6140.2952013188105,4774.0
6473,H35886,H,300.4,309.6,1571,33.6,126,0,0,0,0,0,0,9.200000000000045,5527.695105844313,4233.6
6474,H35887,H,300.4,309.5,1547,50.7,131,0,0,0,0,0,0,9.100000000000023,8213.474081324763,6641.700000000001
6475,M21334,M,300.5,309.7,1347,54.3,136,0,0,0,0,0,0,9.199999999999989,7659.422800937666,7384.799999999999
6476,L53655,L,300.5,309.7,1560,30.2,139,0,0,0,0,0,0,9.199999999999989,4933.5571031974105,4197.8
6477,L53656,L,300.5,309.7,1384,48.6,141,0,0,0,0,0,0,9.199999999999989,7043.702056760604,6852.6
6478,L53657,L,300.5,309.7,1841,24.6,143,0,0,0,0,0,0,9.199999999999989,4742.611101712224,3517.8
6479,L53658,L,300.5,309.8,1663,29.1,145,1,0,0,0,0,0,9.300000000000011,5067.734525432231,4219.5
6480,L53659,L,300.6,309.8,1418,42.7,147,0,0,0,0,0,0,9.199999999999989,6340.634564838232,6276.900000000001
6481,L53660,L,300.7,309.9,1775,26.6,149,0,0,0,0,0,0,9.199999999999989,4944.3432379747355,3963.4
6482,L53661,L,300.7,309.8,1406,48.4,151,0,0,0,0,0,0,9.100000000000023,7126.221223794894,7308.4
6483,L53662,L,300.6,309.9,1480,43.7,153,0,0,0,0,0,0,9.299999999999955,6772.854882119116,6686.1
6484,L53663,L,300.7,309.9,1412,45.3,155,0,0,0,0,0,0,9.199999999999989,6698.252528571869,7021.5
6485,H35898,H,300.6,309.8,1913,22.5,157,0,0,0,0,0,0,9.199999999999989,4507.400059737955,3532.5
6486,L53665,L,300.6,309.8,1629,37.6,162,0,0,0,0,0,0,9.199999999999989,6414.126888981209,6091.2
6487,L53666,L,300.5,309.8,1939,21.4,164,0,0,0,0,0,0,9.300000000000011,4345.304350788234,3509.6
6488,H35901,H,300.6,309.8,1541,36.2,166,0,0,0,0,0,0,9.199999999999989,5841.707763546125,6009.200000000001
6489,L53668,L,300.7,309.8,1330,54.4,171,0,0,0,0,0,0,9.100000000000023,7576.683722417623,9302.4
6490,M21349,M,300.7,309.8,1490,38.8,173,0,0,0,0,0,0,9.100000000000023,6054.05848297777,6712.4
6491,L53670,L,300.7,309.9,1383,44.5,176,0,0,0,0,0,0,9.199999999999989,6444.820249206781,7832.0
6492,L53671,L,300.8,310.0,1468,52.7,178,0,0,0,0,0,0,9.199999999999989,8101.497247175311,9380.6
6493,M21352,M,300.8,309.9,1444,46.0,180,0,0,0,0,0,0,9.099999999999966,6955.90501406828,8280.0
6494,L53673,L,300.7,309.8,1363,53.1,183,0,0,0,0,0,0,9.100000000000023,7579.123692711912,9717.300000000001
6495,L53674,L,300.6,309.7,1617,33.2,185,0,0,0,0,0,0,9.099999999999966,5621.817221745863,6142.000000000001
6496,M21355,M,300.6,309.8,1694,31.1,187,0,0,0,0,0,0,9.199999999999989,5516.992746871084,5815.7
6497,L53676,L,300.7,309.9,1815,27.0,190,0,0,0,0,0,0,9.199999999999989,5131.7915996389265,5130.0
6498,L53677,L,300.8,309.9,1312,65.3,192,1,0,0,0,1,0,9.099999999999966,8971.718412219681,12537.599999999999
6499,H35912,H,300.8,309.9,2041,19.2,194,0,0,0,0,0,0,9.099999999999966,4103.673987825131,3724.7999999999997
6500,L53679,L,300.9,310.0,1671,26.8,199,0,0,0,0,0,0,9.100000000000023,4689.6438495727,5333.2
6501,M21360,M,300.9,310.0,1416,46.6,201,0,0,0,0,0,0,9.100000000000023,6909.995873423822,9366.6
6502,M21361,M,300.9,310.0,1600,36.0,204,0,0,0,0,0,0,9.100000000000023,6031.857894892402,7344.0
6503,L53682,L,300.9,310.0,2595,13.7,207,0,0,0,0,0,0,9.100000000000023,3722.944374136584,2835.8999999999996
6504,M21363,M,300.9,309.9,1465,42.9,209,0,0,0,0,0,0,9.0,6581.479529637937,8966.1
6505,M21364,M,301.0,310.1,1681,27.4,212,0,0,0,0,0,0,9.100000000000023,4823.329088958457,5808.799999999999
6506,L53685,L,301.1,310.1,1457,39.6,215,0,0,0,0,0,0,9.0,6042.0366550900335,8514.0
6507,H35920,H,301.0,310.1,1454,44.1,217,0,0,0,0,0,0,9.100000000000023,6714.7773059297515,9569.7
6508,L53687,L,301.0,310.1,1558,32.6,0,0,0,0,0,0,0,9.100000000000023,5318.800138331616,0.0
6509,H35922,H,301.0,310.1,1756,30.7,2,0,0,0,0,0,0,9.100000000000023,5645.358222696762,61.4
6510,L53689,L,301.1,310.1,1564,36.8,7,0,0,0,0,0,0,9.0,6027.166449863042,257.59999999999997
6511,L53690,L,301.1,310.2,1455,55.3,9,0,0,0,0,0,0,9.099999999999966,8425.908576560505,497.7
6512,M21371,M,301.2,310.1,2280,15.7,11,0,0,0,0,0,0,8.900000000000034,3748.548354263341,172.7
6513,M21372,M,301.1,310.0,1433,48.1,14,0,0,0,0,0,0,8.899999999999977,7218.049977059325,673.4
6514,L53693,L,301.1,310.0,1513,38.0,17,0,0,0,0,0,0,8.899999999999977,6020.757600849719,646.0
6515,L53694,L,301.0,309.9,1507,41.8,19,0,0,0,0,0,0,8.899999999999977,6596.569646350679,794.1999999999999
6516,L53695,L,301.0,310.0,1480,43.5,21,0,0,0,0,0,0,9.0,6741.857834603696,913.5
6517,H35930,H,301.1,310.0,1470,40.1,23,0,0,0,0,0,0,8.899999999999977,6172.915405038584,922.3000000000001
6518,L53697,L,301.1,310.1,1540,36.6,28,0,0,0,0,0,0,9.0,5902.424277564503,1024.8
6519,H35932,H,301.0,310.0,1212,67.9,30,0,0,0,0,0,0,9.0,8617.891303621376,2037.0000000000002
6520,L53699,L,301.1,310.1,1417,46.9,35,0,0,0,0,0,0,9.0,6959.392181913765,1641.5
6521,M21380,M,301.2,310.1,1666,34.9,37,0,0,0,0,0,0,8.900000000000034,6088.762609824425,1291.3
6522,L53701,L,301.1,310.1,1666,27.2,40,0,0,0,0,0,0,9.0,4745.396647198406,1088.0
6523,L53702,L,301.1,310.1,1489,45.8,42,0,0,0,0,0,0,9.0,7141.489364091341,1923.6
6524,M21383,M,301.1,310.2,1850,27.7,44,0,0,0,0,0,0,9.099999999999966,5366.363851106965,1218.8
6525,L53704,L,301.1,310.4,1874,24.8,47,0,0,0,0,0,0,9.299999999999955,4866.871563137212,1165.6000000000001
6526,L53705,L,301.1,310.4,1312,73.6,49,1,0,0,1,0,0,9.299999999999955,10112.074657570729,3606.3999999999996
6527,L53706,L,301.2,310.4,1515,38.4,51,0,0,0,0,0,0,9.199999999999989,6092.176473841327,1958.3999999999999
6528,L53707,L,301.2,310.4,1516,44.4,53,0,0,0,0,0,0,9.199999999999989,7048.728605006346,2353.2
6529,L53708,L,301.2,310.5,1546,40.0,55,0,0,0,0,0,0,9.300000000000011,6475.86965659976,2200.0
6530,L53709,L,301.3,310.6,1481,40.9,57,0,0,0,0,0,0,9.300000000000011,6343.179254887639,2331.2999999999997
6531,H35944,H,301.3,310.6,1605,32.5,59,0,0,0,0,0,0,9.300000000000011,5462.444226429253,1917.5
6532,H35945,H,301.2,310.7,1656,26.2,64,0,0,0,0,0,0,9.5,4543.496959327702,1676.8
6533,H35946,H,301.2,310.6,1352,52.0,69,0,0,0,0,0,0,9.400000000000034,7362.21766393256,3588.0
6534,L53713,L,301.3,310.7,1504,47.2,74,0,0,0,0,0,0,9.399999999999977,7433.929752238503,3492.8
6535,L53714,L,301.3,310.6,1436,44.2,76,0,0,0,0,0,0,9.300000000000011,6646.68852115095,3359.2000000000003
6536,H35949,H,301.2,310.5,1505,43.6,78,0,0,0,0,0,0,9.300000000000011,6871.500891441835,3400.8
6537,L53716,L,301.3,310.5,1406,47.1,83,0,0,0,0,0,0,9.199999999999989,6934.814455387182,3909.3
6538,M21397,M,301.3,310.5,1481,39.7,85,0,0,0,0,0,0,9.199999999999989,6157.07130608898,3374.5000000000005
6539,L53718,L,301.4,310.7,1487,44.6,88,0,0,0,0,0,0,9.300000000000011,6945.035103486859,3924.8
6540,L53719,L,301.4,310.7,1436,54.1,90,0,0,0,0,0,0,9.300000000000011,8135.426447834081,4869.0
6541,M21400,M,301.4,310.7,1368,63.7,92,1,0,0,1,0,0,9.300000000000011,9125.447012735343,5860.400000000001
6542,L53721,L,301.4,310.7,1509,38.3,95,0,0,0,0,0,0,9.300000000000011,6052.2468312142,3638.4999999999995
6543,L53722,L,301.4,310.8,1543,36.9,97,0,0,0,0,0,0,9.400000000000034,5962.397281321532,3579.2999999999997
6544,L53723,L,301.4,310.8,1698,29.6,99,0,0,0,0,0,0,9.400000000000034,5263.298668118196,2930.4
6545,M21404,M,301.4,310.7,1470,46.5,101,0,0,0,0,0,0,9.300000000000011,7158.118861204343,4696.5
6546,M21405,M,301.4,310.8,1738,30.3,104,0,0,0,0,0,0,9.400000000000034,5514.688912258451,3151.2000000000003
6547,M21406,M,301.4,310.8,1530,39.9,107,0,0,0,0,0,0,9.400000000000034,6392.82689078987,4269.3
6548,L53727,L,301.4,310.8,1740,29.2,110,0,0,0,0,0,0,9.400000000000034,5320.601318119673,3212.0
6549,L53728,L,301.4,310.8,1770,24.1,112,0,0,0,0,0,0,9.400000000000034,4467.030594139326,2699.2000000000003
6550,H35963,H,301.3,310.6,1527,44.0,114,0,0,0,0,0,0,9.300000000000011,7035.9109069797005,5016.0
6551,L53730,L,301.3,310.7,1516,46.0,119,0,0,0,0,0,0,9.399999999999977,7302.736843024593,5474.0
6552,L53731,L,301.4,310.7,1616,36.5,121,0,0,0,0,0,0,9.300000000000011,6176.7900359780115,4416.5
6553,L53732,L,301.4,310.7,1786,26.1,123,0,0,0,0,0,0,9.300000000000011,4881.469497000893,3210.3
6554,L53733,L,301.4,310.8,1389,52.7,125,0,0,0,0,0,0,9.400000000000034,7665.517490685631,6587.5
6555,M21414,M,301.4,310.7,1639,29.8,127,0,0,0,0,0,0,9.300000000000011,5114.743223505447,3784.6
6556,H35969,H,301.5,310.7,1394,46.7,130,0,0,0,0,0,0,9.199999999999989,6817.235114338827,6071.0
6557,L53736,L,301.5,310.7,1686,27.9,135,0,0,0,0,0,0,9.199999999999989,4925.954448975723,3766.5
6558,M21417,M,301.5,310.6,1638,31.9,137,0,0,0,0,0,0,9.100000000000023,5471.837588463486,4370.3
6559,M21418,M,301.5,310.6,1447,41.9,140,0,0,0,0,0,0,9.100000000000023,6349.085449076388,5866.0
6560,H35973,H,301.5,310.6,1512,39.0,143,0,0,0,0,0,0,9.100000000000023,6175.114519896097,5577.0
6561,L53740,L,301.6,310.8,1961,21.8,148,0,0,0,0,0,0,9.199999999999989,4476.748587414431,3226.4
6562,L53741,L,301.5,310.7,1596,35.4,150,0,0,0,0,0,0,9.199999999999989,5916.498612652585,5310.0
6563,M21422,M,301.5,310.7,1871,21.3,152,0,0,0,0,0,0,9.199999999999989,4173.323096955217,3237.6
6564,L53743,L,301.5,310.7,1942,20.5,155,0,0,0,0,0,0,9.199999999999989,4168.998171068775,3177.5
6565,L53744,L,301.4,310.6,1557,38.2,157,0,0,0,0,0,0,9.200000000000045,6228.458763154052,5997.400000000001
6566,L53745,L,301.4,310.6,1550,36.8,159,0,0,0,0,0,0,9.200000000000045,5973.214832025392,5851.2
6567,L53746,L,301.3,310.6,1966,22.6,161,0,0,0,0,0,0,9.300000000000011,4652.866271574675,3638.6000000000004
6568,M21427,M,301.3,310.6,1499,36.1,163,0,0,0,0,0,0,9.300000000000011,5666.794356569757,5884.3
6569,L53748,L,301.3,310.6,1521,36.3,166,0,0,0,0,0,0,9.300000000000011,5781.81853559319,6025.799999999999
6570,M21429,M,301.4,310.7,1375,42.0,168,0,0,0,0,0,0,9.300000000000011,6047.565858160351,7056.0
6571,L53750,L,301.4,310.6,1634,31.1,171,0,0,0,0,0,0,9.200000000000045,5321.585683817799,5318.1
6572,M21431,M,301.3,310.6,1378,49.4,173,0,0,0,0,0,0,9.300000000000011,7128.608834211623,8546.199999999999
6573,L53752,L,301.4,310.7,1428,53.7,176,0,0,0,0,0,0,9.300000000000011,8030.287813693943,9451.2
6574,M21433,M,301.4,310.6,1855,25.3,178,0,0,0,0,0,0,9.200000000000045,4914.655187398313,4503.400000000001
6575,L53754,L,301.4,310.6,1578,33.0,181,0,0,0,0,0,0,9.200000000000045,5453.176528101163,5973.0
6576,M21435,M,301.4,310.5,1451,45.3,183,0,0,0,0,0,0,9.100000000000023,6883.260919941773,8289.9
6577,L53756,L,301.5,310.5,1644,34.9,186,0,0,0,0,0,0,9.0,6008.358781843551,6491.4
6578,L53757,L,301.4,310.4,1388,45.3,188,0,0,0,0,0,0,9.0,6584.401210805775,8516.4
6579,L53758,L,301.4,310.4,1543,40.9,190,0,0,0,0,0,0,9.0,6608.727609920072,7771.0
6580,L53759,L,301.3,310.4,1501,41.6,192,0,0,0,0,0,0,9.099999999999966,6538.869061279747,7987.200000000001
6581,L53760,L,301.3,310.4,1507,39.1,194,0,0,0,0,0,0,9.099999999999966,6170.475434744297,7585.400000000001
6582,L53761,L,301.4,310.4,1559,36.0,196,0,0,0,0,0,0,9.0,5877.291536335784,7056.0
6583,L53762,L,301.5,310.5,1528,35.7,198,0,0,0,0,0,0,9.0,5712.420753875393,7068.6
6584,M21443,M,301.5,310.5,1503,38.2,200,0,0,0,0,0,0,9.0,6012.4428522932185,7640.000000000001
6585,L53764,L,301.5,310.5,1372,44.0,203,0,0,0,0,0,0,9.0,6321.722177063621,8932.0
6586,M21445,M,301.5,310.5,1600,32.8,205,0,0,0,0,0,0,9.0,5495.692748679744,6723.999999999999
6587,L53766,L,301.5,310.6,1453,44.0,208,0,0,0,0,0,0,9.100000000000023,6694.943384310088,9152.0
6588,M21447,M,301.6,310.7,1813,24.6,210,0,0,0,0,0,0,9.099999999999966,4670.480134385802,5166.0
6589,L53768,L,301.6,310.7,1457,40.4,213,0,0,0,0,0,0,9.099999999999966,6164.098001657509,8605.199999999999
6590,M21449,M,301.6,310.6,1553,38.9,0,0,0,0,0,0,0,9.0,6326.29843036235,0.0
6591,L53770,L,301.7,310.7,1763,25.9,3,0,0,0,0,0,0,9.0,4781.682042347368,77.69999999999999
6592,L53771,L,301.7,310.7,2023,20.9,5,0,0,0,0,0,0,9.0,4427.624550287798,104.5
6593,M21452,M,301.6,310.7,1457,47.8,7,0,0,0,0,0,0,9.099999999999966,7293.165457406656,334.59999999999997
6594,L53773,L,301.6,310.7,1679,29.5,10,0,0,0,0,0,0,9.099999999999966,5186.821830954308,295.0
6595,L53774,L,301.6,310.6,2103,19.7,12,0,0,0,0,0,0,9.0,4338.445206827896,236.39999999999998
6596,M21455,M,301.5,310.7,1460,38.6,14,0,0,0,0,0,0,9.199999999999989,5901.586519523546,540.4
6597,M21456,M,301.5,310.7,1454,39.4,17,0,0,0,0,0,0,9.199999999999989,5999.143443393021,669.8
6598,L53777,L,301.5,310.6,1481,46.8,20,0,0,0,0,0,0,9.100000000000023,7258.210003147715,936.0
6599,L53778,L,301.5,310.7,1424,51.1,22,0,0,0,0,0,0,9.199999999999989,7620.079588939211,1124.2
6600,L53779,L,301.6,310.7,1494,39.5,24,0,0,0,0,0,0,9.099999999999966,6179.826908876482,948.0
6601,M21460,M,301.5,310.6,1424,47.0,26,0,0,0,0,0,0,9.100000000000023,7008.6837706485885,1222.0
6602,M21461,M,301.5,310.7,1347,47.9,29,0,0,0,0,0,0,9.199999999999989,6756.654736002103,1389.1
6603,L53782,L,301.5,310.6,1374,46.7,32,0,0,0,0,0,0,9.100000000000023,6719.426863057065,1494.4
6604,M21463,M,301.5,310.6,1403,47.4,34,0,0,0,0,0,0,9.100000000000023,6964.094098918637,1611.6
6605,M21464,M,301.5,310.6,1573,37.4,37,0,0,0,0,0,0,9.100000000000023,6160.684137640607,1383.8
6606,M21465,M,301.6,310.6,1691,30.1,40,0,0,0,0,0,0,9.0,5330.141287811075,1204.0
6607,H36020,H,301.5,310.5,1538,44.3,43,0,0,0,0,0,0,9.0,7134.9129634698265,1904.8999999999999
6608,L53787,L,301.5,310.5,1556,39.1,48,0,0,0,0,0,0,9.0,6371.108013578053,1876.8000000000002
6609,M21468,M,301.5,310.4,1593,36.8,50,0,0,0,0,0,0,8.899999999999977,6138.923372526742,1839.9999999999998
6610,L53789,L,301.5,310.4,1474,39.9,53,0,0,0,0,0,0,8.899999999999977,6158.841069950502,2114.7
6611,L53790,L,301.5,310.4,1543,34.0,55,0,0,0,0,0,0,8.899999999999977,5493.807793087591,1870.0
6612,H36025,H,301.5,310.5,1587,33.8,57,0,0,0,0,0,0,9.0,5617.230496471621,1926.6
6613,L53792,L,301.6,310.6,1222,70.0,62,0,0,0,0,0,0,9.0,8957.727852935697,4340.0
6614,L53793,L,301.7,310.6,1513,41.1,64,0,0,0,0,0,0,8.900000000000034,6511.924668287459,2630.4
6615,L53794,L,301.7,310.6,1660,28.7,66,0,0,0,0,0,0,8.900000000000034,4989.058573410831,1894.2
6616,L53795,L,301.7,310.6,1545,42.1,68,0,0,0,0,0,0,8.900000000000034,6811.44411188071,2862.8
6617,M21476,M,301.7,310.6,1380,45.8,70,0,0,0,0,0,0,8.900000000000034,6618.707402582975,3206.0
6618,L53797,L,301.6,310.6,1321,60.8,73,0,0,0,0,0,0,9.0,8410.75562799469,4438.4
6619,M21478,M,301.6,310.6,1309,65.8,75,1,0,0,1,0,0,9.0,9019.742891917558,4935.0
6620,M21479,M,301.7,310.7,1627,31.3,78,0,0,0,0,0,0,9.0,5332.864001444185,2441.4
6621,M21480,M,301.6,310.7,1791,23.8,81,0,0,0,0,0,0,9.099999999999966,4463.763337779594,1927.8
6622,M21481,M,301.7,310.7,1861,21.8,84,0,0,0,0,0,0,9.0,4248.459521253573,1831.2
6623,L53802,L,301.7,310.7,1493,51.1,87,0,0,0,0,0,0,9.0,7989.3109735156195,4445.7
6624,M21483,M,301.7,310.7,1442,41.1,89,0,0,0,0,0,0,9.0,6206.34195087278,3657.9
6625,L53804,L,301.7,310.7,1532,39.8,92,0,0,0,0,0,0,9.0,6385.140460764086,3661.6
6626,M21485,M,301.6,310.7,1421,44.4,94,0,0,0,0,0,0,9.099999999999966,6607.0206779116215,4173.599999999999
6627,L53806,L,301.6,310.6,1613,42.5,97,0,0,0,0,0,0,9.0,7178.801012840476,4122.5
6628,M21487,M,301.7,310.6,1876,22.1,99,0,0,0,0,0,0,8.900000000000034,4341.639159359047,2187.9
6629,L53808,L,301.6,310.5,1593,34.5,102,0,0,0,0,0,0,8.899999999999977,5755.240661743821,3519.0
6630,L53809,L,301.6,310.5,1397,49.4,104,0,0,0,0,0,0,8.899999999999977,7226.898796366936,5137.599999999999
6631,M21490,M,301.6,310.5,1414,49.3,106,0,0,0,0,0,0,8.899999999999977,7300.035073342506,5225.799999999999
6632,M21491,M,301.5,310.4,1378,55.3,109,0,0,0,0,0,0,8.899999999999977,7980.001387285481,6027.7
6633,L53812,L,301.4,310.4,1301,51.2,112,0,0,0,0,0,0,9.0,6975.50855222668,5734.400000000001
6634,M21493,M,301.5,310.5,1737,29.3,114,0,0,0,0,0,0,9.0,5329.617689035476,3340.2000000000003
6635,L53814,L,301.5,310.5,1396,44.5,117,0,0,0,0,0,0,9.0,6505.400627543504,5206.5
6636,L53815,L,301.5,310.5,1534,39.3,119,0,0,0,0,0,0,9.0,6313.156101094833,4676.7
6637,M21496,M,301.5,310.5,1774,25.5,121,0,0,0,0,0,0,9.0,4737.207562348049,3085.5
6638,H36051,H,301.5,310.5,1453,48.0,124,0,0,0,0,0,0,9.0,7303.57460106555,5952.0
6639,L53818,L,301.5,310.5,1453,44.2,129,0,0,0,0,0,0,9.0,6725.374945147862,5701.8
6640,L53819,L,301.4,310.5,1380,48.4,131,0,0,0,0,0,0,9.100000000000023,6994.441883952315,6340.4
6641,L53820,L,301.4,310.4,1334,43.2,133,0,0,0,0,0,0,9.0,6034.873823839849,5745.6
6642,L53821,L,301.5,310.5,1702,28.7,135,0,0,0,0,0,0,9.0,5115.287766232069,3874.5
6643,L53822,L,301.6,310.6,1431,37.5,137,0,0,0,0,0,0,9.0,5619.523859108742,5137.5
6644,M21503,M,301.5,310.5,1308,60.5,139,0,0,0,0,0,0,9.0,8286.893101639156,8409.5
6645,L53824,L,301.5,310.6,1565,43.9,142,0,0,0,0,0,0,9.100000000000023,7194.613695863544,6233.8
6646,M21505,M,301.5,310.4,1486,39.6,144,0,0,0,0,0,0,8.899999999999977,6162.2968218694505,5702.400000000001
6647,L53826,L,301.5,310.5,1479,34.2,147,0,0,0,0,0,0,9.0,5296.913709511607,5027.400000000001
6648,L53827,L,301.5,310.5,1927,22.4,149,0,0,0,0,0,0,9.0,4520.20728578909,3337.6
6649,L53828,L,301.5,310.4,1488,41.1,151,0,0,0,0,0,0,8.899999999999977,6404.325119902009,6206.1
6650,M21509,M,301.5,310.4,1350,54.9,153,0,0,0,0,0,0,8.899999999999977,7761.304650693583,8399.699999999999
6651,L53830,L,301.6,310.4,1561,35.3,156,0,0,0,0,0,0,8.799999999999955,5770.4040822851475,5506.799999999999
6652,M21511,M,301.5,310.4,1276,55.6,158,0,0,0,0,0,0,8.899999999999977,7429.405858817335,8784.800000000001
6653,H36066,H,301.5,310.4,1580,35.7,161,0,0,0,0,0,0,8.899999999999977,5906.822507279529,5747.700000000001
6654,M21513,M,301.4,310.3,1610,29.1,166,0,0,0,0,0,0,8.900000000000034,4906.22524711118,4830.6
6655,L53834,L,301.4,310.3,2203,16.6,169,0,0,0,0,0,0,8.900000000000034,3829.580500774934,2805.4
6656,L53835,L,301.4,310.3,1639,32.7,171,0,0,0,0,0,0,8.900000000000034,5612.486691564702,5591.700000000001
6657,M21516,M,301.4,310.4,1553,44.7,173,0,0,0,0,0,0,9.0,7269.551152627174,7733.1
6658,L53837,L,301.4,310.3,1374,47.6,176,0,0,0,0,0,0,8.900000000000034,6848.923312238036,8377.6
6659,L53838,L,301.4,310.4,1430,50.9,178,0,0,0,0,0,0,9.0,7622.236815894676,9060.199999999999
6660,L53839,L,301.3,310.3,1626,31.3,180,0,0,0,0,0,0,9.0,5329.58627310894,5634.0
6661,H36074,H,301.4,310.5,1421,43.8,182,0,0,0,0,0,0,9.100000000000023,6517.7366146966,7971.599999999999
6662,M21521,M,301.3,310.4,1501,39.8,187,0,0,0,0,0,0,9.099999999999966,6255.93722689745,7442.599999999999
6663,M21522,M,301.3,310.4,2093,18.7,190,0,0,0,0,0,0,9.099999999999966,4098.636967603876,3553.0
6664,L53843,L,301.3,310.4,1504,47.2,193,0,0,0,0,0,0,9.099999999999966,7433.929752238503,9109.6
6665,L53844,L,301.3,310.4,1538,38.4,195,0,0,0,0,0,0,9.099999999999966,6184.6649615630095,7488.0
6666,L53845,L,301.3,310.4,1440,41.5,197,0,0,0,0,0,0,9.099999999999966,6258.052565950868,8175.5
6667,L53846,L,301.3,310.4,1414,51.4,199,0,0,0,0,0,0,9.099999999999966,7610.989914194823,10228.6
6668,H36081,H,301.4,310.5,1536,39.9,201,0,0,0,0,0,0,9.100000000000023,6417.896800165516,8019.9
6669,L53848,L,301.4,310.5,1476,39.2,206,0,0,0,0,0,0,9.100000000000023,6059.001255419419,8075.200000000001
6670,L53849,L,301.4,310.5,1571,33.9,208,0,0,0,0,0,0,9.100000000000023,5577.049526432207,7051.2
6671,L53850,L,301.5,310.6,1998,20.2,210,0,0,0,0,0,0,9.100000000000023,4226.44742872742,4242.0
6672,L53851,L,301.5,310.6,1357,42.1,212,0,0,0,0,0,0,9.100000000000023,5982.608194059627,8925.2
6673,L53852,L,301.6,310.7,1424,50.5,214,0,0,0,0,0,0,9.099999999999966,7530.607030164973,10807.0
6674,L53853,L,301.6,310.7,1380,51.8,216,1,0,0,0,1,0,9.099999999999966,7485.786974973758,11188.8
6675,L53854,L,301.5,310.7,1618,35.5,218,0,0,0,0,0,0,9.199999999999989,6014.998014318137,7739.0
6676,L53855,L,301.5,310.6,1579,28.0,220,0,0,0,0,0,0,9.100000000000023,4629.869813350398,6160.0
6677,L53856,L,301.5,310.7,1423,44.0,222,0,0,0,0,0,0,9.199999999999989,6556.713307552137,9768.0
6678,L53857,L,301.5,310.7,1435,38.5,224,0,0,0,0,0,0,9.199999999999989,5785.504670973403,8624.0
6679,M21538,M,301.5,310.7,1336,65.6,0,1,0,0,1,0,0,9.199999999999989,9177.806890295173,0.0
6680,L53859,L,301.6,310.8,1392,42.4,3,0,0,0,0,0,0,9.199999999999989,6180.643722966414,127.19999999999999
6681,L53860,L,301.5,310.8,1417,49.7,5,0,0,0,0,0,0,9.300000000000011,7374.878282326528,248.5
6682,L53861,L,301.4,310.7,1425,45.1,7,0,0,0,0,0,0,9.300000000000011,6730.076862152734,315.7
6683,L53862,L,301.5,310.8,1512,38.9,9,0,0,0,0,0,0,9.300000000000011,6159.280892922004,350.09999999999997
6684,L53863,L,301.5,310.9,1318,50.6,11,0,0,0,0,0,0,9.399999999999977,6983.844244734206,556.6
6685,L53864,L,301.6,310.9,1538,40.4,13,0,0,0,0,0,0,9.299999999999955,6506.782928311083,525.1999999999999
6686,L53865,L,301.6,310.9,1532,43.6,15,0,0,0,0,0,0,9.299999999999955,6994.776987168698,654.0
6687,L53866,L,301.7,311.0,1715,24.8,17,0,0,0,0,0,0,9.300000000000011,4453.940624749369,421.6
6688,L53867,L,301.7,311.0,1700,28.7,19,0,0,0,0,0,0,9.300000000000011,5109.2768522882,545.3
6689,L53868,L,301.7,311.0,1548,40.3,21,0,0,0,0,0,0,9.300000000000011,6532.879091286902,846.3
6690,L53869,L,301.7,311.0,1546,43.0,23,0,0,0,0,0,0,9.300000000000011,6961.559880844742,989.0
6691,L53870,L,301.7,311.0,1343,49.2,25,0,0,0,0,0,0,9.300000000000011,6919.420651384591,1230.0
6692,M21551,M,301.7,311.0,1510,47.8,27,0,0,0,0,0,0,9.300000000000011,7558.462485026803,1290.6
6693,M21552,M,301.8,311.0,1839,23.6,30,0,0,0,0,0,0,9.199999999999989,4544.879260095282,708.0
6694,M21553,M,301.8,311.0,1756,26.7,33,0,0,0,0,0,0,9.199999999999989,4909.806662736271,881.1
6695,M21554,M,301.7,310.9,1300,62.7,36,0,0,0,0,0,0,9.199999999999989,8535.707239803467,2257.2000000000003
6696,M21555,M,301.7,311.0,1311,55.8,39,0,0,0,0,0,0,9.300000000000011,7660.648022072567,2176.2
6697,L53876,L,301.7,310.9,1636,31.3,42,0,0,0,0,0,0,9.199999999999989,5362.363556461394,1314.6000000000001
6698,L53877,L,301.6,310.9,1643,34.1,44,0,0,0,0,0,0,9.299999999999955,5867.060416260594,1500.4
6699,L53878,L,301.6,310.8,1418,44.7,46,0,0,0,0,0,0,9.199999999999989,6637.619790357587,2056.2000000000003
6700,M21559,M,301.7,310.8,1516,40.4,48,0,0,0,0,0,0,9.100000000000023,6413.70800996073,1939.1999999999998
6701,H36114,H,301.6,310.9,1419,50.2,51,0,0,0,0,0,0,9.299999999999955,7459.58609224282,2560.2000000000003
6702,L53881,L,301.6,310.9,1623,34.1,56,0,0,0,0,0,0,9.299999999999955,5795.641543268986,1909.6000000000001
6703,M21562,M,301.6,310.8,1664,32.0,58,0,0,0,0,0,0,9.199999999999989,5576.117520611643,1856.0
6704,M21563,M,301.5,310.7,1744,28.2,61,0,0,0,0,0,0,9.199999999999989,5150.201332588963,1720.2
6705,M21564,M,301.5,310.7,1510,36.0,64,0,0,0,0,0,0,9.199999999999989,5692.5658883047045,2304.0
6706,M21565,M,301.5,310.6,1382,58.1,67,0,0,0,0,0,0,9.100000000000023,8408.388961528985,3892.7000000000003
6707,L53886,L,301.4,310.6,1381,46.1,70,0,0,0,0,0,0,9.200000000000045,6666.888961913532,3227.0
6708,L53887,L,301.3,310.6,1556,39.0,72,0,0,0,0,0,0,9.300000000000011,6354.813619681433,2808.0
6709,M21568,M,301.4,310.6,1464,37.4,74,0,0,0,0,0,0,9.200000000000045,5733.783583919802,2767.6
6710,L53889,L,301.4,310.6,1481,37.6,77,0,0,0,0,0,0,9.200000000000045,5831.382395691326,2895.2000000000003
6711,L53890,L,301.5,310.7,1323,49.7,79,0,0,0,0,0,0,9.199999999999989,6885.648530358501,3926.3
6712,L53891,L,301.5,310.7,1426,46.1,81,0,0,0,0,0,0,9.199999999999989,6884.130093909266,3734.1
6713,H36126,H,301.4,310.7,1516,36.4,83,0,0,0,0,0,0,9.300000000000011,5778.687414915114,3021.2
6714,L53893,L,301.3,310.6,1416,45.2,88,0,0,0,0,0,0,9.300000000000011,6702.399430874609,3977.6000000000004
6715,L53894,L,301.3,310.6,1440,53.8,90,0,0,0,0,0,0,9.300000000000011,8112.848868630282,4842.0
6716,L53895,L,301.3,310.6,1576,30.4,92,0,0,0,0,0,0,9.300000000000011,5017.165355684947,2796.7999999999997
6717,L53896,L,301.3,310.6,1387,53.6,94,0,0,0,0,0,0,9.300000000000011,7785.201698811889,5038.400000000001
6718,M21577,M,301.4,310.6,1464,48.6,96,0,0,0,0,0,0,9.200000000000045,7450.852464665841,4665.6
6719,L53898,L,301.4,310.6,2137,18.0,99,0,0,0,0,0,0,9.200000000000045,4028.1501004328325,1782.0
6720,M21579,M,301.4,310.6,1431,40.6,101,0,0,0,0,0,0,9.200000000000045,6084.071164795065,4100.6
6721,L53900,L,301.3,310.6,1458,48.0,104,0,0,0,0,0,0,9.300000000000011,7328.707342294269,4992.0
6722,L53901,L,301.4,310.7,1280,61.0,106,0,0,0,0,0,0,9.300000000000011,8176.518479743035,6466.0
6723,L53902,L,301.4,310.7,1657,28.7,108,0,0,0,0,0,0,9.300000000000011,4980.042202495028,3099.6
6724,M21583,M,301.4,310.6,1565,36.1,110,0,0,0,0,0,0,9.200000000000045,5916.299645117858,3971.0
6725,L53904,L,301.3,310.6,1560,36.8,113,0,0,0,0,0,0,9.300000000000011,6011.751701909427,4158.4
6726,M21585,M,301.5,310.7,1359,47.1,115,0,0,0,0,0,0,9.199999999999989,6702.99633347879,5416.5
6727,L53906,L,301.5,310.8,1500,41.0,118,0,0,0,0,0,0,9.300000000000011,6440.264939859076,4838.0
6728,L53907,L,301.5,310.8,1785,25.5,120,0,0,0,0,0,0,9.300000000000011,4766.581453659113,3060.0
6729,L53908,L,301.5,310.9,1891,23.2,122,0,0,0,0,0,0,9.399999999999977,4594.181320805617,2830.4
6730,H36143,H,301.5,310.9,1524,40.4,124,0,0,0,0,0,0,9.399999999999977,6447.553434815404,5009.599999999999
6731,M21590,M,301.6,311.0,1431,42.3,129,0,0,0,0,0,0,9.399999999999977,6338.82291307466,5456.7
6732,L53911,L,301.6,310.9,1385,51.2,132,0,0,0,0,0,0,9.299999999999955,7425.887275045313,6758.400000000001
6733,L53912,L,301.7,311.0,1503,44.8,134,0,0,0,0,0,0,9.300000000000011,7051.2418791292175,6003.2
6734,M21593,M,301.7,311.0,1311,46.8,136,0,0,0,0,0,0,9.300000000000011,6425.0596314157,6364.799999999999
6735,M21594,M,301.6,310.9,1575,40.1,139,0,0,0,0,0,0,9.299999999999955,6613.837933969911,5573.900000000001
6736,L53915,L,301.6,311.0,1485,40.1,142,0,0,0,0,0,0,9.399999999999977,6235.90433774306,5694.2
6737,L53916,L,301.7,311.0,1527,42.2,144,0,0,0,0,0,0,9.300000000000011,6748.078188057803,6076.8
6738,M21597,M,301.7,311.0,1537,33.5,146,0,0,0,0,0,0,9.300000000000011,5391.967831233722,4891.0
6739,H36152,H,301.8,311.1,1463,50.1,149,0,0,0,0,0,0,9.300000000000011,7675.570587177119,7464.900000000001
6740,L53919,L,301.7,311.2,1482,43.6,154,0,0,0,0,0,0,9.5,6766.48792100784,6714.400000000001
6741,L53920,L,301.8,311.2,1417,55.9,156,0,0,0,0,0,0,9.399999999999977,8294.883218954787,8720.4
6742,M21601,M,301.7,311.1,1506,39.5,158,0,0,0,0,0,0,9.400000000000034,6229.464072803201,6241.0
6743,H36156,H,301.7,311.2,1639,30.0,161,0,0,0,0,0,0,9.5,5149.07035923367,4830.0
6744,L53923,L,301.7,311.2,1418,38.0,166,0,0,0,0,0,0,9.5,5642.719284867747,6308.0
6745,M21604,M,301.7,311.0,1298,58.1,168,0,0,0,0,0,0,9.300000000000011,7897.314668642998,9760.800000000001
6746,M21605,M,301.8,311.1,1395,44.6,171,0,0,0,0,0,0,9.300000000000011,6515.349004279871,7626.6
6747,M21606,M,301.7,311.1,1578,40.5,174,0,0,0,0,0,0,9.400000000000034,6692.534829942336,7047.0
6748,M21607,M,301.8,311.1,1597,29.8,177,0,0,0,0,0,0,9.300000000000011,4983.67597799768,5274.6
6749,H36162,H,301.7,311.0,2016,19.3,180,0,0,0,0,0,0,9.300000000000011,4074.520007999818,3474.0
6750,L53929,L,301.7,311.0,1585,35.9,185,0,0,0,0,0,0,9.300000000000011,5958.71114594132,6641.5
6751,M21610,M,301.7,311.0,1505,44.0,187,0,0,0,0,0,0,9.300000000000011,6934.54218402387,8228.0
6752,M21611,M,301.7,311.0,1505,37.1,190,0,0,0,0,0,0,9.300000000000011,5847.079886983763,7049.0
6753,L53932,L,301.6,310.9,1706,29.5,193,0,0,0,0,0,0,9.299999999999955,5270.231115907117,5693.5
6754,L53933,L,301.6,310.9,1385,50.7,195,0,0,0,0,0,0,9.299999999999955,7353.368844624949,9886.5
6755,L53934,L,301.8,311.1,1495,36.9,197,0,0,0,0,0,0,9.300000000000011,5776.917651053591,7269.299999999999
6756,M21615,M,301.8,311.1,1663,31.6,199,0,0,0,0,0,0,9.300000000000011,5503.106907342217,6288.400000000001
6757,L53936,L,301.8,311.2,1840,26.6,202,0,0,0,0,0,0,9.399999999999977,5125.4036945766275,5373.200000000001
6758,L53937,L,301.8,311.2,1822,26.2,204,0,0,0,0,0,0,9.399999999999977,4998.944118294126,5344.8
6759,L53938,L,301.7,311.1,1644,32.8,206,0,0,0,0,0,0,9.400000000000034,5646.824299268437,6756.799999999999
6760,L53939,L,301.7,311.0,1441,44.3,208,1,1,0,0,0,0,9.300000000000011,6684.921703745136,9214.4
6761,L53940,L,301.5,310.9,1451,40.6,0,0,0,0,0,0,0,9.399999999999977,6169.1036059522285,0.0
6762,L53941,L,301.5,310.9,1400,50.8,2,0,0,0,0,0,0,9.399999999999977,7447.6689841102025,101.6
6763,L53942,L,301.4,310.8,1362,53.2,4,0,0,0,0,0,0,9.400000000000034,7587.825904362356,212.8
6764,M21623,M,301.4,310.8,1782,26.5,6,0,0,0,0,0,0,9.400000000000034,4945.180996015693,159.0
6765,L53944,L,301.4,310.9,1536,38.3,9,0,0,0,0,0,0,9.5,6160.5375299834395,344.7
6766,L53945,L,301.5,310.9,1580,32.3,11,0,0,0,0,0,0,9.399999999999977,5344.267982776716,355.29999999999995
6767,M21626,M,301.4,311.0,1427,43.2,13,0,0,0,0,0,0,9.600000000000023,6455.595912008594,561.6
6768,L53947,L,301.3,310.9,1509,41.7,16,0,0,0,0,0,0,9.599999999999966,6589.522006831127,667.2
6769,H36182,H,301.3,310.8,1434,39.5,18,0,0,0,0,0,0,9.5,5931.6410892428885,711.0
6770,L53949,L,301.2,310.8,1392,52.6,23,0,0,0,0,0,0,9.600000000000023,7667.496694057392,1209.8
6771,M21630,M,301.3,310.8,1509,40.1,25,0,0,0,0,0,0,9.5,6336.68663007022,1002.5
6772,M21631,M,301.2,310.7,1962,22.5,28,0,0,0,0,0,0,9.5,4622.85358975738,630.0
6773,L53952,L,301.3,310.7,1536,39.3,31,0,0,0,0,0,0,9.399999999999977,6321.387073847237,1218.3
6774,L53953,L,301.3,310.8,1381,47.9,33,0,0,0,0,0,0,9.5,6927.201329189981,1580.7
6775,H36188,H,301.2,310.7,1747,27.3,35,0,0,0,0,0,0,9.5,4994.409752897445,955.5
6776,L53955,L,301.2,310.6,1670,30.0,40,0,0,0,0,0,0,9.400000000000034,5246.459731494954,1200.0
6777,L53956,L,301.3,310.6,1451,47.5,42,0,0,0,0,0,0,9.300000000000011,7217.54732223475,1995.0
6778,L53957,L,301.2,310.7,1951,21.3,44,0,0,0,0,0,0,9.5,4351.765559679117,937.2
6779,M21638,M,301.3,310.7,1819,25.5,46,0,0,0,0,0,0,9.399999999999977,4857.373481347859,1173.0
6780,M21639,M,301.3,310.8,1372,54.2,49,0,0,0,0,0,0,9.5,7787.212318110188,2655.8
6781,L53960,L,301.3,310.8,1560,38.5,52,0,0,0,0,0,0,9.5,6289.468492486765,2002.0
6782,M21641,M,301.3,310.8,1494,35.3,54,0,0,0,0,0,0,9.5,5522.73138945164,1906.1999999999998
6783,L53962,L,301.3,310.8,1531,53.4,57,0,0,0,0,0,0,9.5,8561.405467709832,3043.7999999999997
6784,L53963,L,301.3,310.8,1450,46.9,59,0,0,0,0,0,0,9.5,7121.466946912462,2767.1
6785,M21644,M,301.3,310.7,1391,52.5,61,0,0,0,0,0,0,9.399999999999977,7647.421917000954,3202.5
6786,L53965,L,301.2,310.6,1389,45.3,64,0,0,0,0,0,0,9.400000000000034,6589.145015712696,2899.2
6787,L53966,L,301.2,310.6,1409,50.9,66,0,0,0,0,0,0,9.400000000000034,7510.30186964727,3359.4
6788,H36201,H,301.1,310.6,1388,58.5,68,0,0,0,0,0,0,9.5,8503.034676206134,3978.0
6789,M21648,M,301.1,310.6,1410,43.9,73,0,0,0,0,0,0,9.5,6482.04812215182,3204.7
6790,M21649,M,301.1,310.5,1646,30.7,76,0,0,0,0,0,0,9.399999999999977,5291.719609657671,2333.2
6791,M21650,M,301.1,310.7,2219,16.7,79,0,0,0,0,0,0,9.599999999999966,3880.631381395767,1319.3
6792,L53971,L,301.2,310.7,1551,41.2,82,0,0,0,0,0,0,9.5,6691.718015852403,3378.4
6793,L53972,L,301.2,310.6,1811,24.0,84,0,0,0,0,0,0,9.400000000000034,4551.539436520892,2016.0
6794,L53973,L,301.3,310.7,1608,31.4,86,0,0,0,0,0,0,9.399999999999977,5287.426099697765,2700.4
6795,L53974,L,301.3,310.8,1428,55.2,88,0,0,0,0,0,0,9.5,8254.597529160254,4857.6
6796,L53975,L,301.4,310.8,1477,50.4,90,0,0,0,0,0,0,9.400000000000034,7795.422346911569,4536.0
6797,M21656,M,301.3,310.7,1300,58.3,92,0,0,0,0,0,0,9.399999999999977,7936.7102405190135,5363.599999999999
6798,M21657,M,301.2,310.7,1615,34.9,95,0,0,0,0,0,0,9.5,5902.371917686944,3315.5
6799,L53978,L,301.2,310.7,1676,32.4,98,0,0,0,0,0,0,9.5,5686.534030409812,3175.2
6800,M21659,M,301.1,310.7,2636,12.2,100,1,0,0,1,0,0,9.599999999999966,3367.703548844162,1220.0
6801,M21660,M,301.1,310.6,1310,48.8,103,0,0,0,0,0,0,9.5,6694.524505289609,5026.4
6802,L53981,L,301.1,310.7,1334,48.2,106,0,0,0,0,0,0,9.599999999999966,6733.354590487979,5109.200000000001
6803,M21662,M,301.1,310.7,1621,31.0,108,0,0,0,0,0,0,9.599999999999966,5262.272414518023,3348.0
6804,M21663,M,301.1,310.7,1367,43.4,111,0,0,0,0,0,0,9.599999999999966,6212.79268778815,4817.4
6805,L53984,L,301.0,310.6,1588,33.7,114,0,0,0,0,0,0,9.600000000000023,5604.140527081665,3841.8
6806,M21665,M,301.0,310.7,1497,37.6,116,0,0,0,0,0,0,9.699999999999989,5894.381800371314,4361.6
6807,L53986,L,301.1,310.8,1608,32.9,119,0,0,0,0,0,0,9.699999999999989,5540.010149046384,3915.1
6808,L53987,L,301.0,310.8,1549,41.4,121,0,0,0,0,0,0,9.800000000000011,6715.531288166613,5009.4
6809,L53988,L,301.0,310.7,1391,45.0,123,0,0,0,0,0,0,9.699999999999989,6554.933071715103,5535.0
6810,L53989,L,300.9,310.8,1490,38.1,125,0,0,0,0,0,0,9.900000000000034,5944.835778387966,4762.5
6811,L53990,L,301.0,310.7,1727,34.5,127,0,0,0,0,0,0,9.699999999999989,6239.360089662008,4381.5
6812,L53991,L,300.9,310.6,1504,46.4,129,0,0,0,0,0,0,9.700000000000045,7307.930942878527,5985.599999999999
6813,L53992,L,300.9,310.6,1350,53.8,131,0,0,0,0,0,0,9.700000000000045,7605.795814340889,7047.799999999999
6814,M21673,M,300.9,310.7,1420,43.0,133,0,0,0,0,0,0,9.800000000000011,6394.188247606426,5719.0
6815,H36228,H,300.8,310.6,1465,44.1,136,0,0,0,0,0,0,9.800000000000011,6765.5768591382985,5997.6
6816,L53995,L,300.9,310.7,1427,44.1,141,0,0,0,0,0,0,9.800000000000011,6590.087493508773,6218.1
6817,L53996,L,300.9,310.7,1477,43.2,143,0,0,0,0,0,0,9.800000000000011,6681.790583067059,6177.6
6818,M21677,M,301.0,310.7,1493,48.1,145,0,0,0,0,0,0,9.699999999999989,7520.271190334663,6974.5
6819,M21678,M,301.0,310.7,1657,29.9,148,0,0,0,0,0,0,9.699999999999989,5188.266963574959,4425.2
6820,L53999,L,300.9,310.7,1359,46.0,151,0,0,0,0,0,0,9.800000000000011,6546.4507715504105,6946.0
6821,L54000,L,300.8,310.6,1551,34.5,153,0,0,0,0,0,0,9.800000000000011,5603.501736575434,5278.5
6822,M21681,M,300.8,310.6,1545,37.5,155,0,0,0,0,0,0,9.800000000000011,6067.200812245288,5812.5
6823,M21682,M,300.9,310.6,1709,29.2,158,0,0,0,0,0,0,9.700000000000045,5225.808995785357,4613.599999999999
6824,M21683,M,300.9,310.7,1268,56.3,161,0,0,0,0,0,0,9.800000000000011,7475.775766384319,9064.3
6825,L54004,L,300.9,310.7,1740,25.3,164,0,0,0,0,0,0,9.800000000000011,4609.973059877662,4149.2
6826,L54005,L,301.0,310.9,1828,25.1,166,0,0,0,0,0,0,9.899999999999977,4804.835580204325,4166.6
6827,L54006,L,301.0,310.9,1822,21.6,168,0,0,0,0,0,0,9.899999999999977,4121.266906685234,3628.8
6828,M21687,M,301.0,310.9,1515,41.8,170,0,0,0,0,0,0,9.899999999999977,6631.587932462693,7105.999999999999
6829,L54008,L,301.0,310.9,1392,52.9,173,0,0,0,0,0,0,9.899999999999977,7711.227663795363,9151.699999999999
6830,H36243,H,300.9,310.9,1474,35.7,175,0,0,0,0,0,0,10.0,5510.542009955712,6247.500000000001
6831,M21690,M,301.0,310.9,1359,53.4,180,0,0,0,0,0,0,9.899999999999977,7599.57546088678,9612.0
6832,L54011,L,301.1,311.0,1565,52.3,183,0,0,0,0,0,0,9.899999999999977,8571.259596666592,9570.9
6833,M21692,M,301.1,311.1,1384,42.5,185,0,0,0,0,0,0,10.0,6159.615996138387,7862.5
6834,L54013,L,301.1,311.1,1387,53.1,188,0,0,0,0,0,0,10.0,7712.578548636406,9982.800000000001
6835,L54014,L,301.1,311.0,1378,51.1,190,0,0,0,0,0,0,9.899999999999977,7373.925332554938,9709.0
6836,L54015,L,301.0,310.9,1809,25.7,192,0,0,0,0,0,0,9.899999999999977,4868.557551194637,4934.4
6837,H36250,H,301.1,311.0,1339,52.8,194,0,0,0,0,0,0,9.899999999999977,7403.602911155849,10243.199999999999
6838,M21697,M,301.0,311.0,1423,38.6,199,0,0,0,0,0,0,10.0,5752.025765261648,7681.400000000001
6839,L54018,L,301.1,311.1,1570,41.6,202,0,0,0,0,0,0,10.0,6839.456646375219,8403.2
6840,L54019,L,301.2,311.2,1558,34.1,204,0,0,0,0,0,0,10.0,5563.53020604626,6956.400000000001
6841,L54020,L,301.1,311.1,1799,21.7,206,0,0,0,0,0,0,10.0,4088.0812162878133,4470.2
6842,M21701,M,301.1,311.2,1591,35.0,208,0,0,0,0,0,0,10.099999999999966,5831.319563838254,7280.0
6843,L54022,L,301.2,311.2,1635,29.6,211,0,0,0,0,0,0,10.0,5068.017268771054,6245.6
6844,L54023,L,301.3,311.3,1509,42.5,213,0,0,0,0,0,0,10.0,6715.93969521158,9052.5
6845,M21704,M,301.3,311.4,1838,23.2,215,0,0,0,0,0,0,10.099999999999966,4465.417909910484,4988.0
6846,M21705,M,301.3,311.5,1648,32.4,0,0,0,0,0,0,0,10.199999999999989,5591.532268565257,0.0
6847,M21706,M,301.2,311.5,1498,49.5,3,0,0,0,0,0,0,10.300000000000011,7765.074561877891,148.5
6848,L54027,L,301.2,311.4,1757,28.0,6,0,0,0,0,0,0,10.199999999999989,5151.793072866782,168.0
6849,M21708,M,301.1,311.3,1389,53.3,8,0,0,0,0,0,0,10.199999999999989,7752.790934602355,426.4
6850,L54029,L,301.1,311.3,1498,37.6,11,0,0,0,0,0,0,10.199999999999989,5898.319263163813,413.6
6851,M21710,M,301.0,311.2,1521,35.8,13,0,0,0,0,0,0,10.199999999999989,5702.179161824689,465.4
6852,M21711,M,301.0,311.2,1394,41.3,16,0,0,0,0,0,0,10.199999999999989,6028.946685700075,660.8
6853,H36266,H,301.0,311.2,1602,32.7,19,0,0,0,0,0,0,10.199999999999989,5485.786259845425,621.3000000000001
6854,L54033,L,300.9,311.1,1417,40.7,24,0,0,0,0,0,0,10.200000000000045,6039.387245285507,976.8000000000001
6855,L54034,L,301.0,311.2,1511,42.9,26,0,0,0,0,0,0,10.199999999999989,6788.133494391073,1115.3999999999999
6856,M21715,M,301.1,311.3,1654,30.7,28,0,0,0,0,0,0,10.199999999999989,5317.438781515059,859.6
6857,M21716,M,301.1,311.3,1836,22.8,31,0,0,0,0,0,0,10.199999999999989,4383.652725113054,706.8000000000001
6858,L54037,L,301.1,311.3,1622,35.6,34,0,0,0,0,0,0,10.199999999999989,6046.853763825538,1210.4
6859,L54038,L,301.0,311.2,1467,45.4,36,0,0,0,0,0,0,10.199999999999989,6974.524186528556,1634.3999999999999
6860,M21719,M,301.1,311.3,1909,22.7,38,0,0,0,0,0,0,10.199999999999989,4537.957284281872,862.6
6861,L54040,L,301.1,311.2,1910,20.2,41,0,0,0,0,0,0,10.099999999999966,4040.297592026713,828.1999999999999
6862,H36275,H,301.1,311.3,2207,16.6,43,0,0,0,0,0,0,10.199999999999989,3836.5338925148794,713.8000000000001
6863,M21722,M,301.1,311.2,1384,49.4,48,0,0,0,0,0,0,10.099999999999966,7159.647769629089,2371.2
6864,L54043,L,301.1,311.3,1630,29.5,51,0,0,0,0,0,0,10.199999999999989,5035.44942492884,1504.5
6865,L54044,L,301.1,311.3,1268,60.0,53,0,0,0,0,0,0,10.199999999999989,7967.078969503715,3180.0
6866,L54045,L,301.1,311.4,1531,38.7,55,0,0,0,0,0,0,10.299999999999955,6204.614074913306,2128.5
6867,M21726,M,301.0,311.3,1454,41.5,57,0,0,0,0,0,0,10.300000000000011,6318.89474367539,2365.5
6868,L54047,L,301.0,311.3,1342,50.9,60,0,0,0,0,0,0,10.300000000000011,7153.176088762696,3054.0
6869,L54048,L,301.0,311.2,1363,46.3,62,0,0,0,0,0,0,10.199999999999989,6608.539114360856,2870.6
6870,L54049,L,301.0,311.2,1412,42.1,64,0,0,0,0,0,0,10.199999999999989,6225.086787039199,2694.4
6871,H36284,H,301.0,311.3,1597,39.2,66,0,0,0,0,0,0,10.300000000000011,6555.707997902989,2587.2000000000003
6872,L54051,L,301.0,311.3,1349,47.0,71,0,0,0,0,0,0,10.300000000000011,6639.546633851788,3337.0
6873,L54052,L,301.0,311.3,1472,35.3,73,0,0,0,0,0,0,10.300000000000011,5441.406027625712,2576.8999999999996
6874,L54053,L,301.0,311.4,1478,39.5,75,0,0,0,0,0,0,10.399999999999977,6113.644023640857,2962.5
6875,H36288,H,300.9,311.3,1295,58.9,77,0,0,0,0,0,0,10.400000000000034,7987.5516816296085,4535.3
6876,M21735,M,300.8,311.2,1592,32.9,82,0,0,0,0,0,0,10.399999999999977,5484.885669951395,2697.7999999999997
6877,L54056,L,300.8,311.2,1430,54.4,85,0,0,0,0,0,0,10.399999999999977,8146.359190268572,4624.0
6878,M21737,M,300.8,311.2,1488,40.1,87,0,0,0,0,0,0,10.399999999999977,6248.502124283955,3488.7000000000003
6879,H36292,H,300.9,311.2,1518,35.0,90,0,0,0,0,0,0,10.300000000000011,5563.760589507523,3150.0
6880,H36293,H,300.8,311.2,2237,17.0,95,0,0,0,0,0,0,10.399999999999977,3982.387567445541,1615.0
6881,M21740,M,300.9,311.3,1801,24.6,100,0,0,0,0,0,0,10.400000000000034,4639.566862674479,2460.0
6882,L54061,L,301.0,311.4,1573,37.6,103,0,0,0,0,0,0,10.399999999999977,6193.628972601253,3872.8
6883,L54062,L,300.9,311.4,2073,21.4,105,0,0,0,0,0,0,10.5,4645.59872056937,2247.0
6884,L54063,L,300.9,311.3,1953,19.4,107,0,0,0,0,0,0,10.400000000000034,3967.6430259246927,2075.7999999999997
6885,L54064,L,300.8,311.2,1492,39.0,109,0,0,0,0,0,0,10.399999999999977,6093.433110902763,4251.0
6886,L54065,L,300.8,311.2,1397,48.7,111,0,0,0,0,0,0,10.399999999999977,7124.493347835421,5405.700000000001
6887,M21746,M,300.8,311.3,1465,43.2,113,0,0,0,0,0,0,10.5,6627.503862013028,4881.6
6888,L54067,L,300.8,311.3,1782,26.9,116,0,0,0,0,0,0,10.5,5019.8252374649865,3120.3999999999996
6889,M21748,M,300.9,311.4,1434,45.4,118,0,0,0,0,0,0,10.5,6817.633049408281,5357.2
6890,H36303,H,300.9,311.4,1387,42.7,121,0,0,0,0,0,0,10.5,6202.017024986338,5166.700000000001
6891,M21750,M,300.9,311.4,1532,41.5,126,0,0,0,0,0,0,10.5,6657.872590997728,5229.0
6892,L54071,L,300.9,311.5,1505,41.1,129,0,0,0,0,0,0,10.600000000000023,6477.492812804115,5301.900000000001
6893,L54072,L,301.0,311.6,1440,43.3,131,0,0,0,0,0,0,10.600000000000023,6529.486171221025,5672.299999999999
6894,L54073,L,301.0,311.6,1470,43.4,133,0,0,0,0,0,0,10.600000000000023,6680.910937124054,5772.2
6895,L54074,L,301.1,311.7,1408,46.3,135,0,0,0,0,0,0,10.599999999999966,6826.722724152667,6250.5
6896,M21755,M,301.0,311.6,1357,45.6,137,0,0,0,0,0,0,10.600000000000023,6479.974671000451,6247.2
6897,M21756,M,301.0,311.6,1454,40.0,140,0,0,0,0,0,0,10.600000000000023,6090.500957759412,5600.0
6898,L54077,L,301.0,311.6,1352,63.5,143,0,0,0,0,0,0,10.600000000000023,8990.40041653303,9080.5
6899,M21758,M,301.0,311.6,1448,43.9,145,0,0,0,0,0,0,10.600000000000023,6656.741617642436,6365.5
6900,L54079,L,300.9,311.6,1671,33.5,148,0,0,0,0,0,0,10.700000000000045,5862.054811965874,4958.0
6901,L54080,L,301.0,311.7,1670,31.3,150,0,0,0,0,0,0,10.699999999999989,5473.806319859736,4695.0
6902,L54081,L,301.0,311.7,1547,34.5,152,0,0,0,0,0,0,10.699999999999989,5589.050410368921,5244.0
6903,L54082,L,301.0,311.6,1461,40.6,154,0,0,0,0,0,0,10.600000000000023,6211.61982653081,6252.400000000001
6904,M21763,M,301.0,311.6,1609,35.8,156,0,0,0,0,0,0,10.600000000000023,6032.088278353665,5584.799999999999
6905,M21764,M,300.9,311.5,1704,31.3,159,0,0,0,0,0,0,10.600000000000023,5585.249083258078,4976.7
6906,M21765,M,301.0,311.5,1550,34.9,162,0,0,0,0,0,0,10.5,5664.815153197995,5653.8
6907,M21766,M,301.0,311.5,1530,43.9,165,0,0,0,0,0,0,10.5,7033.711792122188,7243.5
6908,L54087,L,300.9,311.3,1449,40.2,168,0,0,0,0,0,0,10.400000000000034,6099.904791769158,6753.6
6909,L54088,L,300.9,311.3,1613,32.7,170,0,0,0,0,0,0,10.400000000000034,5523.453955761967,5559.000000000001
6910,L54089,L,300.8,311.2,1376,48.1,172,0,0,0,0,0,0,10.399999999999977,6930.939824447754,8273.2
6911,L54090,L,300.8,311.2,1434,45.6,174,0,0,0,0,0,0,10.399999999999977,6847.6666751766,7934.400000000001
6912,L54091,L,300.8,311.1,1480,41.1,176,0,0,0,0,0,0,10.300000000000011,6369.893264418664,7233.6
6913,M21772,M,300.8,311.2,1634,31.9,178,0,0,0,0,0,0,10.399999999999977,5458.475347710218,5678.2
6914,L54093,L,300.8,311.2,1481,38.5,181,0,0,0,0,0,1,10.399999999999977,5970.96335729032,6968.5
6915,H36328,H,300.9,311.3,1668,28.9,183,0,0,0,0,0,0,10.400000000000034,5048.036739494222,5288.7
6916,L54095,L,301.0,311.4,1484,36.2,188,0,0,0,0,0,0,10.399999999999977,5625.629020832219,6805.6
6917,M21776,M,300.9,311.3,1603,31.8,190,0,0,0,0,0,0,10.400000000000034,5338.1314051267045,6042.0
6918,L54097,L,301.0,311.4,1481,37.5,193,0,0,0,0,0,0,10.399999999999977,5815.8733999581045,7237.5
6919,L54098,L,301.0,311.5,1559,31.8,195,0,0,0,0,0,0,10.5,5191.607523763277,6201.0
6920,L54099,L,301.0,311.5,1444,39.8,197,0,0,0,0,0,0,10.5,6018.36999043299,7840.599999999999
6921,M21780,M,301.2,311.6,1423,48.0,199,0,0,0,0,0,0,10.400000000000034,7152.778153693241,9552.0
6922,L54101,L,301.1,311.6,1432,48.1,202,0,0,0,0,0,0,10.5,7213.012956838069,9716.2
6923,L54102,L,301.2,311.7,1463,48.3,204,0,0,0,0,0,0,10.5,7399.801584045005,9853.199999999999
6924,L54103,L,301.2,311.7,1433,49.3,206,0,0,0,0,0,0,10.5,7398.1260679630905,10155.8
6925,L54104,L,301.2,311.6,1461,52.9,208,1,0,0,0,1,0,10.400000000000034,8093.465241957631,11003.199999999999
6926,M21785,M,301.1,311.6,1266,55.5,210,0,0,0,0,0,0,10.5,7357.9241539726545,11655.0
6927,H36340,H,301.1,311.6,1417,53.4,0,0,0,0,0,0,0,10.5,7923.913486443392,0.0
6928,L54107,L,301.1,311.6,1488,43.4,5,0,0,0,0,0,0,10.5,6762.718009823531,217.0
6929,L54108,L,301.1,311.7,1816,24.5,7,0,0,0,0,0,0,10.599999999999966,4659.191344783902,171.5
6930,M21789,M,301.0,311.6,1301,55.0,9,0,0,0,0,0,0,10.600000000000023,7493.222077587255,495.0
6931,M21790,M,300.9,311.5,1836,21.8,12,0,0,0,0,0,0,10.600000000000023,4191.387254713359,261.6
6932,M21791,M,300.8,311.4,1521,39.9,15,0,0,0,0,0,0,10.599999999999966,6355.2220267264,598.5
6933,L54112,L,300.8,311.4,1322,67.2,18,1,0,0,1,0,0,10.599999999999966,9303.135493222384,1209.6000000000001
6934,L54113,L,300.8,311.4,1492,40.6,20,0,0,0,0,0,0,10.599999999999966,6343.420110324415,812.0
6935,L54114,L,300.8,311.4,1536,40.9,22,0,0,0,0,0,0,10.599999999999966,6578.746344029313,899.8
6936,L54115,L,300.7,311.2,1878,24.3,24,0,0,0,0,0,0,10.5,4778.927912787722,583.2
6937,L54116,L,300.6,311.1,1471,40.7,26,0,0,0,0,0,0,10.5,6269.5403230874945,1058.2
6938,H36351,H,300.6,311.1,1452,40.2,28,0,0,0,0,0,0,10.5,6112.533994236588,1125.6000000000001
6939,L54118,L,300.7,311.2,1452,44.4,33,0,0,0,0,0,0,10.5,6751.156948858321,1465.2
6940,M21799,M,300.7,311.3,1348,53.0,35,0,0,0,0,0,0,10.600000000000023,7481.598184768973,1855.0
6941,H36354,H,300.8,311.4,1453,44.6,38,0,0,0,0,0,0,10.599999999999966,6786.238066823408,1694.8
6942,L54121,L,300.8,311.4,1316,57.6,43,0,0,0,0,0,0,10.599999999999966,7937.924989678402,2476.8
6943,M21802,M,300.8,311.4,1732,26.9,45,0,0,0,0,0,0,10.599999999999966,4878.977166829044,1210.5
6944,L54123,L,300.7,311.3,1522,35.2,48,0,0,0,0,0,0,10.600000000000023,5610.2980486827,1689.6000000000001
6945,M21804,M,300.7,311.3,1487,39.8,50,0,0,0,0,0,0,10.600000000000023,6197.587379344776,1989.9999999999998
6946,M21805,M,300.8,311.4,1852,22.2,53,0,0,0,0,0,0,10.599999999999966,4305.48989989174,1176.6
6947,L54126,L,300.7,311.2,1486,46.8,56,0,0,0,0,0,0,10.5,7282.714425845715,2620.7999999999997
6948,M21807,M,300.7,311.3,1562,37.1,58,0,0,0,0,0,0,10.600000000000023,6068.530753135308,2151.8
6949,L54128,L,300.7,311.2,1457,51.4,61,0,0,0,0,0,0,10.5,7842.441516960296,3135.4
6950,M21809,M,300.7,311.2,1769,26.5,63,0,0,0,0,0,0,10.5,4909.1050403769705,1669.5
6951,H36364,H,300.7,311.3,1374,53.1,66,0,0,0,0,0,0,10.600000000000023,7640.290501677306,3504.6
6952,L54131,L,300.8,311.3,1524,43.5,71,0,0,0,0,0,0,10.5,6942.291445902724,3088.5
6953,L54132,L,300.8,311.3,1498,40.2,73,0,0,0,0,0,0,10.5,6306.181765403864,2934.6000000000004
6954,L54133,L,300.8,311.3,1462,41.4,75,0,0,0,0,0,0,10.5,6338.3516741766225,3105.0
6955,M21814,M,300.8,311.2,1429,52.3,77,0,0,0,0,0,0,10.399999999999977,7826.4089224514755,4027.1
6956,L54135,L,300.7,311.2,1399,47.9,80,0,0,0,0,0,0,10.5,7017.490702054151,3832.0
6957,M21816,M,300.8,311.2,1434,39.1,82,0,0,0,0,0,0,10.399999999999977,5871.573837706252,3206.2000000000003
6958,L54137,L,300.7,311.1,1324,52.2,85,0,0,0,0,0,0,10.400000000000034,7237.475491634022,4437.0
6959,L54138,L,300.6,311.0,1563,40.7,87,0,0,0,0,0,0,10.399999999999977,6661.652974157549,3540.9
6960,L54139,L,300.6,311.0,1543,34.7,89,0,0,0,0,0,0,10.399999999999977,5606.915600592336,3088.3
6961,L54140,L,300.7,311.0,1413,52.0,91,0,0,0,0,0,1,10.300000000000011,7694.3887271721205,4732.0
6962,M21821,M,300.7,311.0,1378,41.2,93,0,0,0,0,0,0,10.300000000000011,5945.317489261516,3831.6000000000004
6963,M21822,M,300.7,311.1,1373,49.9,96,0,0,0,0,0,0,10.400000000000034,7174.633166586714,4790.4
6964,H36377,H,300.7,311.0,1981,19.9,99,0,0,0,0,0,0,10.300000000000011,4128.251714351714,1970.1
6965,M21824,M,300.7,311.0,1263,52.3,104,0,0,0,0,0,0,10.300000000000011,6917.252952453613,5439.2
6966,L54145,L,300.7,311.0,1312,52.1,107,0,0,0,0,0,0,10.300000000000011,7158.139805155367,5574.7
6967,L54146,L,300.7,311.0,1969,20.7,109,0,0,0,0,0,0,10.300000000000011,4268.199195093628,2256.2999999999997
6968,M21827,M,300.8,311.2,1365,51.7,111,0,0,0,0,0,0,10.399999999999977,7390.125478671949,5738.700000000001
6969,L54148,L,300.9,311.2,1789,25.5,114,0,0,0,0,0,0,10.300000000000011,4777.262868681319,2907.0
6970,M21829,M,300.8,311.1,1583,32.1,116,0,0,0,0,0,0,10.300000000000011,5321.261052576928,3723.6000000000004
6971,L54150,L,300.7,311.0,1436,44.9,119,0,0,0,0,0,0,10.300000000000011,6751.952818997231,5343.099999999999
6972,M21831,M,300.7,311.0,1559,42.8,121,0,0,0,0,0,0,10.300000000000011,6987.446604310321,5178.799999999999
6973,L54152,L,300.7,311.0,1377,49.9,124,0,0,0,0,0,0,10.300000000000011,7195.535229708598,6187.599999999999
6974,L54153,L,300.7,311.0,1462,41.9,126,0,0,0,0,0,0,10.300000000000011,6414.901815169093,5279.4
6975,L54154,L,300.7,311.0,1318,48.2,128,0,0,0,0,0,0,10.300000000000011,6652.594715339698,6169.6
6976,M21835,M,300.7,311.0,1378,51.6,130,0,0,0,0,0,0,10.300000000000011,7446.077243832384,6708.0
6977,L54156,L,300.6,310.9,1344,46.7,133,0,0,0,0,0,0,10.299999999999955,6572.714486134421,6211.1
6978,L54157,L,300.7,311.1,2377,14.3,135,0,0,0,0,0,0,10.400000000000034,3559.5396682478668,1930.5
6979,L54158,L,300.7,311.1,1427,50.3,137,0,0,0,0,0,0,10.400000000000034,7516.585054954449,6891.099999999999
6980,L54159,L,300.9,311.2,1353,60.4,139,0,0,0,0,0,0,10.300000000000011,8557.82405208474,8395.6
6981,L54160,L,300.8,311.3,1505,45.5,141,0,0,0,0,0,0,10.5,7170.947031206501,6415.5
6982,H36395,H,300.8,311.2,1612,32.5,143,0,0,0,0,0,0,10.399999999999977,5486.267970718975,4647.5
6983,L54162,L,300.7,311.1,1440,43.0,148,0,0,0,0,0,0,10.400000000000034,6484.247237009333,6364.0
6984,M21843,M,300.7,311.0,1334,53.9,150,0,0,0,0,0,0,10.300000000000011,7529.622664466848,8085.0
6985,M21844,M,300.7,311.0,1706,25.0,153,0,0,0,0,0,0,10.300000000000011,4466.297555853489,3825.0
6986,H36399,H,300.8,311.1,1698,24.8,156,0,0,0,0,0,0,10.300000000000011,4409.79077599092,3868.8
6987,L54166,L,300.7,311.1,1688,30.7,161,0,0,0,0,0,0,10.400000000000034,5426.74526190896,4942.7
6988,L54167,L,300.7,311.1,2437,13.8,163,0,0,0,0,0,0,10.400000000000034,3521.7881965272295,2249.4
6989,L54168,L,300.7,311.1,1478,46.8,165,0,0,0,0,0,0,10.400000000000034,7243.507349528913,7721.999999999999
6990,M21849,M,300.7,311.1,1608,35.3,167,0,0,0,0,0,0,10.400000000000034,5944.144628004175,5895.099999999999
6991,L54170,L,300.7,311.1,2478,13.4,170,1,0,0,1,0,0,10.400000000000034,3477.240412699327,2278.0
6992,L54171,L,300.8,311.1,1509,33.4,172,0,0,0,0,0,0,10.300000000000011,5277.9384898839235,5744.8
6993,L54172,L,300.7,311.0,1596,36.9,174,0,0,0,0,0,0,10.300000000000011,6167.197706409051,6420.599999999999
6994,M21853,M,300.7,311.0,1740,25.6,176,0,0,0,0,0,0,10.300000000000011,4664.636772050125,4505.6
6995,L54174,L,300.6,310.8,1375,53.2,179,0,0,0,0,0,0,10.199999999999989,7660.250087003112,9522.800000000001
6996,M21855,M,300.6,310.7,1705,31.2,181,0,0,0,0,0,0,10.099999999999966,5570.672093345421,5647.2
6997,M21856,M,300.5,310.6,1621,32.0,184,0,0,0,0,0,0,10.100000000000023,5432.023137566991,5888.0
6998,M21857,M,300.6,310.7,1566,38.2,187,0,0,0,0,0,0,10.099999999999966,6264.461414964191,7143.400000000001
6999,M21858,M,300.6,310.7,1388,42.9,190,0,0,0,0,0,0,10.099999999999966,6235.558762551164,8151.0
7000,M21859,M,300.6,310.7,1457,36.7,193,0,0,0,0,0,0,10.099999999999966,5599.564273782935,7083.1
7001,M21860,M,300.6,310.6,1463,45.5,196,0,0,0,0,0,0,10.0,6970.827579172832,8918.0
7002,L54181,L,300.5,310.5,1564,38.2,199,0,0,0,0,0,0,10.0,6256.460825673049,7601.8
7003,H36416,H,300.5,310.6,1411,47.2,201,0,0,0,0,0,0,10.100000000000023,6974.251915165244,9487.2
7004,L54183,L,300.5,310.6,1540,46.7,206,0,0,0,0,0,0,10.100000000000023,7531.235348695691,9620.2
7005,L54184,L,300.5,310.6,1950,20.3,208,0,0,0,0,0,0,10.100000000000023,4145.331506411731,4222.400000000001
7006,M21865,M,300.6,310.7,1339,52.9,0,0,0,0,0,0,0,10.099999999999966,7417.624886366371,0.0
7007,H36420,H,300.6,310.6,1419,39.6,3,0,0,0,0,0,0,10.0,5884.4543675859695,118.80000000000001
7008,L54187,L,300.5,310.6,1499,45.2,8,0,0,0,0,0,0,10.100000000000023,7095.266064181524,361.6
7009,L54188,L,300.5,310.6,1368,49.6,10,0,0,0,0,0,0,10.100000000000023,7105.52860018325,496.0
7010,L54189,L,300.5,310.5,1536,36.2,12,0,0,0,0,0,0,10.0,5822.753487869466,434.40000000000003
7011,M21870,M,300.5,310.5,1469,42.9,14,0,0,0,0,0,0,10.0,6599.44943961647,600.6
7012,L54191,L,300.5,310.5,2633,12.2,17,1,0,0,1,0,0,10.0,3363.8708058067828,207.39999999999998
7013,L54192,L,300.4,310.4,1298,61.4,19,0,0,0,0,0,0,10.0,8345.871267722549,1166.6
7014,M21873,M,300.4,310.4,1544,36.3,21,0,0,0,0,0,0,10.0,5869.249059142595,762.3
7015,H36428,H,300.5,310.5,1403,47.7,24,0,0,0,0,0,0,10.0,7008.1706438485035,1144.8000000000002
7016,L54195,L,300.5,310.5,1452,42.9,29,0,0,0,0,0,0,10.0,6523.077322207702,1244.1
7017,L54196,L,300.6,310.5,1509,43.1,31,0,0,0,0,0,0,9.899999999999977,6810.75296149692,1336.1000000000001
7018,M21877,M,300.7,310.6,1474,37.0,33,0,0,0,0,0,0,9.900000000000034,5711.206004716004,1221.0
7019,M21878,M,300.7,310.7,1377,46.7,36,0,0,0,0,0,0,10.0,6734.098100749329,1681.2
7020,L54199,L,300.8,310.8,1741,27.1,39,0,0,0,0,0,0,10.0,4940.79323827618,1056.9
7021,L54200,L,300.8,310.8,1460,53.8,41,0,0,0,0,0,0,10.0,8225.527325139035,2205.7999999999997
7022,H36435,H,300.7,310.6,1631,32.6,43,0,0,0,0,0,0,9.900000000000034,5568.012211565382,1401.8
7023,L54202,L,300.7,310.5,1561,33.2,48,0,0,0,0,0,0,9.800000000000011,5427.122253027392,1593.6000000000001
7024,M21883,M,300.7,310.6,1572,38.5,50,0,0,0,0,0,0,9.900000000000034,6337.849019352048,1925.0
7025,L54204,L,300.6,310.6,2127,18.7,53,0,0,0,0,0,0,10.0,4165.217787908955,991.0999999999999
7026,H36439,H,300.6,310.6,1448,44.7,55,0,0,0,0,0,0,10.0,6778.048981973051,2458.5
7027,L54206,L,300.6,310.7,1543,39.6,60,0,0,0,0,0,0,10.099999999999966,6398.670253125547,2376.0
7028,L54207,L,300.6,310.6,1508,34.8,62,0,0,0,0,0,0,10.0,5495.525197071553,2157.6
7029,M21888,M,300.6,310.6,1403,50.4,64,0,0,0,0,0,0,10.0,7404.859548217285,3225.6
7030,L54209,L,300.6,310.6,1454,39.7,67,0,0,0,0,0,0,10.0,6044.822200576216,2659.9
7031,L54210,L,300.7,310.8,1772,27.3,69,0,0,0,0,0,0,10.100000000000023,5065.880985766613,1883.7
7032,L54211,L,300.7,310.8,1479,49.1,71,0,0,0,0,0,0,10.100000000000023,7604.633425059062,3486.1
7033,L54212,L,300.7,310.9,1723,31.0,73,0,0,0,0,0,0,10.199999999999989,5593.396280206387,2263.0
7034,M21893,M,300.7,310.8,1469,46.4,75,0,0,0,0,0,0,10.100000000000023,7137.8660605642,3480.0
7035,H36448,H,300.6,310.6,1830,26.2,78,0,0,0,0,0,0,10.0,5020.893378967207,2043.6
7036,L54215,L,300.6,310.6,1497,38.2,83,0,0,0,0,0,0,10.0,5988.441084419792,3170.6000000000004
7037,L54216,L,300.7,310.6,1540,52.7,85,0,0,0,0,0,0,9.900000000000034,8498.845886001347,4479.5
7038,L54217,L,300.6,310.6,1514,39.5,87,0,0,0,0,0,0,10.0,6262.555515421013,3436.5
7039,L54218,L,300.7,310.6,1654,34.2,89,0,0,0,0,0,0,9.900000000000034,5923.661443902771,3043.8
7040,H36453,H,300.6,310.5,1519,37.0,91,0,0,0,0,0,0,9.899999999999977,5885.564396990238,3367.0
7041,L54220,L,300.7,310.6,1720,30.3,96,0,0,0,0,0,0,9.900000000000034,5457.574757816188,2908.8
7042,L54221,L,300.6,310.5,1470,37.7,98,0,0,0,0,0,0,9.899999999999977,5803.464108976425,3694.6000000000004
7043,L54222,L,300.6,310.5,1642,29.9,100,0,0,0,0,0,0,9.899999999999977,5141.300153403791,2990.0
7044,M21903,M,300.7,310.6,2006,19.1,102,0,0,0,0,0,0,9.900000000000034,4012.2955295077168,1948.2
7045,M21904,M,300.7,310.6,1505,35.6,105,0,0,0,0,0,0,9.900000000000034,5610.675039801131,3738.0
7046,M21905,M,300.7,310.6,1609,27.6,108,0,0,0,0,0,0,9.900000000000034,4650.4367732558985,2980.8
7047,M21906,M,300.7,310.5,1863,22.2,111,0,0,0,0,0,0,9.800000000000011,4331.0624640919605,2464.2
7048,L54227,L,300.6,310.4,1401,42.6,114,0,0,0,0,0,0,9.799999999999955,6249.947256904606,4856.400000000001
7049,L54228,L,300.6,310.4,2007,19.8,116,0,0,0,0,0,0,9.799999999999955,4161.416460798111,2296.8
7050,L54229,L,300.6,310.4,1494,47.3,118,0,0,0,0,0,0,9.799999999999955,7400.147159236901,5581.4
7051,L54230,L,300.6,310.4,1457,47.7,120,0,0,0,0,0,0,9.799999999999955,7277.907789085723,5724.0
7052,L54231,L,300.6,310.4,1556,37.7,122,0,0,0,0,0,0,9.799999999999955,6142.986499025386,4599.400000000001
7053,H36466,H,300.6,310.4,1510,42.8,124,0,0,0,0,0,0,9.799999999999955,6767.828333873371,5307.2
7054,H36467,H,300.7,310.5,1567,38.7,129,0,0,0,0,0,0,9.800000000000011,6350.509637746015,4992.3
7055,H36468,H,300.7,310.5,1476,43.1,134,0,0,0,0,0,0,9.800000000000011,6661.810053790227,5775.400000000001
7056,L54235,L,300.8,310.6,1663,30.6,139,0,0,0,0,0,0,9.800000000000011,5328.957954578223,4253.400000000001
7057,M21916,M,300.8,310.5,1409,50.6,141,0,0,0,0,0,0,9.699999999999989,7466.036829158192,7134.6
7058,L54237,L,300.8,310.6,1666,36.2,144,0,0,0,0,0,0,9.800000000000011,6315.5646554625855,5212.8
7059,L54238,L,300.7,310.6,1520,45.9,146,0,0,0,0,0,0,9.900000000000034,7306.087875188423,6701.4
7060,L54239,L,300.6,310.5,1644,33.8,148,0,0,0,0,0,0,9.899999999999977,5818.9835766851575,5002.4
7061,H36474,H,300.6,310.4,1479,35.6,150,0,0,0,0,0,0,9.799999999999955,5513.746434462374,5340.0
7062,L54241,L,300.6,310.4,1446,49.7,155,0,0,0,0,0,0,9.799999999999955,7525.810865380492,7703.5
7063,M21922,M,300.6,310.4,1407,51.1,157,0,0,0,0,0,0,9.799999999999955,7529.109537666762,8022.7
7064,L54243,L,300.7,310.4,1234,51.7,160,0,0,0,0,0,0,9.699999999999989,6680.88999317303,8272.0
7065,M21924,M,300.8,310.5,1696,29.7,162,0,0,0,0,0,0,9.699999999999989,5274.859729083406,4811.4
7066,L54245,L,300.8,310.6,1384,52.9,165,0,0,0,0,0,0,9.800000000000011,7666.910263428721,8728.5
7067,M21926,M,300.8,310.7,1572,36.2,167,0,0,0,0,0,0,9.899999999999977,5959.224272741407,6045.400000000001
7068,M21927,M,300.8,310.7,1386,42.1,170,0,0,0,0,0,0,9.899999999999977,6110.460543085219,7157.0
7069,L54248,L,300.8,310.7,1461,42.8,173,0,0,0,0,0,0,9.899999999999977,6548.210063436421,7404.4
7070,L54249,L,300.8,310.7,1525,39.4,175,0,0,0,0,0,0,9.899999999999977,6292.086486364757,6895.0
7071,L54250,L,300.7,310.7,1333,61.0,177,0,0,0,0,0,0,10.0,8515.077448044894,10797.0
7072,H36485,H,300.7,310.6,1505,40.6,179,0,0,0,0,0,0,9.900000000000034,6398.6911970765705,7267.400000000001
7073,M21932,M,300.7,310.6,1439,41.7,184,0,0,0,0,0,0,9.900000000000034,6283.8450416368405,7672.8
7074,L54253,L,300.7,310.6,1491,43.2,187,0,0,0,0,0,0,9.900000000000034,6745.12509096343,8078.400000000001
7075,M21934,M,300.7,310.6,1488,39.2,189,0,0,0,0,0,0,9.900000000000034,6108.261428227707,7408.8
7076,L54255,L,300.7,310.5,1536,47.4,192,0,0,0,0,0,0,9.800000000000011,7624.268379143996,9100.8
7077,L54256,L,300.7,310.5,1960,21.0,194,0,0,0,0,0,0,9.800000000000011,4310.265120725196,4074.0
7078,M21937,M,300.7,310.5,1594,31.0,196,0,0,0,0,0,0,9.800000000000011,5174.621979482868,6076.0
7079,L54258,L,300.7,310.5,1357,52.6,199,0,0,0,0,0,0,9.800000000000011,7474.707624882099,10467.4
7080,L54259,L,300.7,310.5,1445,41.1,201,0,0,0,0,0,0,9.800000000000011,6219.2538966790335,8261.1
7081,L54260,L,300.7,310.4,1543,47.3,203,0,0,0,0,0,0,9.699999999999989,7642.856135677735,9601.9
7082,L54261,L,300.7,310.4,1366,52.6,205,0,0,0,0,0,0,9.699999999999989,7524.281956955746,10783.0
7083,L54262,L,300.7,310.3,1458,40.0,207,0,0,0,0,0,0,9.600000000000023,6107.256118578557,8280.0
7084,L54263,L,300.7,310.4,1416,61.8,209,1,0,0,1,1,0,9.699999999999989,9163.900106815283,12916.199999999999
7085,L54264,L,300.6,310.3,1794,24.4,211,0,0,0,0,0,0,9.699999999999989,4583.960672705938,5148.4
7086,L54265,L,300.6,310.3,1484,41.0,213,0,0,0,0,0,0,9.699999999999989,6371.568780500579,8733.0
7087,L54266,L,300.6,310.4,2514,13.4,215,0,0,0,0,0,0,9.799999999999955,3527.75722256905,2881.0
7088,L54267,L,300.6,310.3,1648,30.5,217,1,1,0,0,0,0,9.699999999999989,5263.633771334578,6618.5
7089,M21948,M,300.6,310.3,1614,32.7,0,0,0,0,0,0,0,9.699999999999989,5526.8782917543795,0.0
7090,L54269,L,300.6,310.2,1622,34.1,3,0,0,0,0,0,0,9.599999999999966,5792.0705996194065,102.30000000000001
7091,M21950,M,300.6,310.2,1478,40.1,5,0,0,0,0,0,0,9.599999999999966,6206.509502480972,200.5
7092,L54271,L,300.6,310.2,1318,51.0,8,0,0,0,0,0,0,9.599999999999966,7039.05249963329,408.0
7093,L54272,L,300.7,310.2,1493,35.9,10,0,0,0,0,0,0,9.5,5612.842738732107,359.0
7094,H36507,H,300.7,310.3,1369,50.7,12,0,0,0,0,0,0,9.600000000000023,7268.420179271881,608.4000000000001
7095,L54274,L,300.6,310.2,1447,45.9,17,0,0,0,0,0,0,9.599999999999966,6955.203391708979,780.3
7096,L54275,L,300.6,310.1,1485,49.9,19,0,0,0,0,0,0,9.5,7759.890933999468,948.1
7097,L54276,L,300.6,310.2,1489,47.8,21,0,0,0,0,0,0,9.599999999999966,7453.344794837688,1003.8
7098,M21957,M,300.6,310.2,1233,52.3,23,0,0,0,0,0,0,9.599999999999966,6752.947656670867,1202.8999999999999
7099,L54278,L,300.7,310.2,1642,32.6,26,0,0,0,0,0,0,9.5,5605.564715751292,847.6
7100,M21959,M,300.7,310.2,1373,44.1,28,0,0,0,0,0,0,9.5,6340.707868666816,1234.8
7101,L54280,L,300.7,310.2,1569,32.8,31,0,0,0,0,0,0,9.5,5389.213701674074,1016.8
7102,L54281,L,300.8,310.2,1850,22.8,33,0,0,0,0,0,0,9.399999999999977,4417.079270947249,752.4
7103,M21962,M,300.8,310.3,1494,42.2,35,0,0,0,0,0,0,9.5,6602.245457078166,1477.0
7104,H36517,H,300.8,310.3,1777,30.1,38,0,0,0,0,0,0,9.5,5601.218845913826,1143.8
7105,L54284,L,300.9,310.4,1454,43.1,43,0,0,0,0,0,0,9.5,6562.514781985767,1853.3
7106,L54285,L,300.9,310.4,1536,34.2,45,0,0,0,0,0,0,9.5,5501.054400141871,1539.0000000000002
7107,L54286,L,300.8,310.5,1482,39.0,47,0,0,0,0,0,0,9.699999999999989,6052.5924064060955,1833.0
7108,H36521,H,300.9,310.5,1512,41.2,49,0,0,0,0,0,0,9.600000000000023,6523.454313326133,2018.8000000000002
7109,M21968,M,300.8,310.5,1511,35.8,54,0,0,0,0,0,0,9.699999999999989,5664.689489491851,1933.1999999999998
7110,L54289,L,300.9,310.5,1599,40.5,57,0,0,0,0,0,0,9.600000000000023,6781.598981671606,2308.5
7111,M21970,M,300.8,310.4,1518,36.0,59,0,0,0,0,0,0,9.599999999999966,5722.725177779167,2124.0
7112,M21971,M,300.8,310.4,1450,39.4,62,0,0,0,0,0,0,9.599999999999966,5982.639609986162,2442.7999999999997
7113,L54292,L,300.9,310.4,1427,47.0,65,0,0,0,0,0,0,9.5,7023.449256120461,3055.0
7114,L54293,L,300.9,310.4,1561,32.7,67,0,0,0,0,0,0,9.5,5345.388484156498,2190.9
7115,H36528,H,300.9,310.4,1457,43.8,69,0,0,0,0,0,0,9.5,6682.858724569279,3022.2
7116,M21975,M,301.0,310.6,1460,53.6,74,0,0,0,0,0,0,9.600000000000023,8194.949156644094,3966.4
7117,L54296,L,301.0,310.5,1601,33.2,77,0,0,0,0,0,0,9.5,5566.1900878262995,2556.4
7118,L54297,L,300.9,310.5,1570,40.1,79,0,0,0,0,0,0,9.600000000000023,6592.84162306842,3167.9
7119,L54298,L,300.9,310.5,1565,35.9,81,0,0,0,0,0,0,9.600000000000023,5883.522361765405,2907.9
7120,L54299,L,301.0,310.5,1378,44.4,83,0,0,0,0,0,0,9.5,6407.089721437167,3685.2
7121,L54300,L,300.9,310.5,2288,16.1,85,0,0,0,0,0,0,9.600000000000023,3857.5406753918833,1368.5000000000002
7122,M21981,M,300.9,310.4,1375,44.7,87,0,0,0,0,0,0,9.5,6436.337949042089,3888.9
7123,L54302,L,300.9,310.4,1788,27.8,90,0,0,0,0,0,0,9.5,5205.242035879856,2502.0
7124,M21983,M,300.9,310.4,1576,40.4,92,0,0,0,0,0,0,9.5,6667.5486963707845,3716.7999999999997
7125,M21984,M,300.8,310.3,1868,24.5,95,0,0,0,0,0,0,9.5,4792.604312806349,2327.5
7126,L54305,L,300.7,310.1,1261,56.6,98,0,0,0,0,0,0,9.400000000000034,7474.121194253429,5546.8
7127,M21986,M,300.6,310.0,1542,33.9,100,0,0,0,0,0,0,9.399999999999977,5474.09953517407,3390.0
7128,L54307,L,300.6,310.0,1438,53.8,103,0,0,0,0,0,0,9.399999999999977,8101.581022979405,5541.4
7129,L54308,L,300.6,310.0,1511,36.9,105,0,0,0,0,0,0,9.399999999999977,5838.744194476238,3874.5
7130,L54309,L,300.6,310.0,1635,31.0,107,0,0,0,0,0,0,9.399999999999977,5307.720788239955,3317.0
7131,L54310,L,300.6,309.9,1428,48.8,109,0,0,0,0,0,0,9.299999999999955,7297.542743170658,5319.2
7132,M21991,M,300.5,309.8,1410,44.4,111,0,0,0,0,0,0,9.300000000000011,6555.87554951118,4928.4
7133,L54312,L,300.5,309.9,1423,47.9,114,0,0,0,0,0,0,9.399999999999977,7137.876532539713,5460.599999999999
7134,M21993,M,300.5,309.9,1552,41.3,116,0,0,0,0,0,0,9.399999999999977,6712.284975757903,4790.799999999999
7135,M21994,M,300.5,310.0,1406,50.2,119,0,0,0,0,0,0,9.5,7391.24598005173,5973.8
7136,L54315,L,300.5,309.9,1443,48.3,122,0,0,0,0,0,0,9.399999999999977,7298.642300599414,5892.599999999999
7137,M21996,M,300.5,309.9,1343,63.7,124,0,0,0,0,0,0,9.399999999999977,8958.680802707286,7898.8
7138,M21997,M,300.6,310.0,1486,41.2,127,0,0,0,0,0,0,9.399999999999977,6411.2785116419545,5232.400000000001
7139,L54318,L,300.6,310.1,1297,50.0,130,0,0,0,0,0,0,9.5,6791.076119509936,6500.0
7140,L54319,L,300.6,310.1,1495,42.3,132,0,0,0,0,0,0,9.5,6622.320234134603,5583.599999999999
7141,L54320,L,300.5,309.9,1382,46.5,134,0,0,0,0,0,0,9.399999999999977,6729.605623254695,6231.0
7142,M22001,M,300.4,309.8,1356,44.4,136,0,0,0,0,0,0,9.400000000000034,6304.799464636284,6038.4
7143,H36556,H,300.3,309.7,1452,41.5,139,0,0,0,0,0,0,9.399999999999977,6310.203004000458,5768.5
7144,H36557,H,300.3,309.7,1582,30.8,144,0,0,0,0,0,0,9.399999999999977,5102.532900058493,4435.2
7145,M22004,M,300.4,309.8,1517,40.3,149,0,0,0,0,0,0,9.400000000000034,6402.052701215912,6004.7
7146,L54325,L,300.5,310.0,1413,44.5,152,0,0,0,0,0,0,9.5,6584.621122291526,6764.0
7147,L54326,L,300.4,309.9,1496,31.8,154,0,0,0,0,0,0,9.5,4981.81196635655,4897.2
7148,L54327,L,300.3,309.8,1466,41.2,156,0,0,0,0,0,0,9.5,6324.989433423355,6427.200000000001
7149,M22008,M,300.3,309.8,1617,40.8,158,0,0,0,0,0,0,9.5,6908.739236362385,6446.4
7150,L54329,L,300.2,309.8,1506,41.8,161,0,0,0,0,0,0,9.600000000000023,6592.192360586678,6729.799999999999
7151,L54330,L,300.2,309.8,1401,49.3,163,0,0,0,0,0,0,9.600000000000023,7232.920182286317,8035.9
7152,H36565,H,300.2,309.9,1906,22.9,165,0,0,0,0,0,0,9.699999999999989,4570.7450396098375,3778.4999999999995
7153,L54332,L,300.2,309.9,1566,36.4,170,0,0,0,0,0,0,9.699999999999989,5969.277369232893,6188.0
7154,L54333,L,300.2,310.0,1493,47.3,172,0,0,0,0,0,0,9.800000000000011,7395.193914819741,8135.599999999999
7155,L54334,L,300.3,310.1,1483,39.9,174,0,0,0,0,0,0,9.800000000000011,6196.445934013971,6942.599999999999
7156,M22015,M,300.2,309.9,1569,31.2,176,0,0,0,0,0,0,9.699999999999989,5126.325228421681,5491.2
7157,M22016,M,300.2,310.0,1664,30.7,179,0,0,0,0,0,0,9.800000000000011,5349.587746336795,5495.3
7158,L54337,L,300.2,310.0,1486,40.1,182,0,0,0,0,0,0,9.800000000000011,6240.103599923358,7298.2
7159,L54338,L,300.2,310.0,1389,53.6,184,0,0,0,0,0,0,9.800000000000011,7796.427656560719,9862.4
7160,L54339,L,300.1,310.0,1511,41.7,186,0,0,0,0,0,0,9.899999999999977,6598.255634408107,7756.200000000001
7161,M22020,M,300.2,310.1,1485,40.5,188,0,0,0,0,0,0,9.900000000000034,6298.107872284138,7614.0
7162,L54341,L,300.2,310.2,1440,42.9,191,0,0,0,0,0,0,10.0,6469.1675922721015,8193.9
7163,L54342,L,300.2,310.2,1378,43.9,193,0,0,0,0,0,0,10.0,6334.937810159721,8472.699999999999
7164,M22023,M,300.1,310.1,1501,39.3,195,0,0,0,0,0,0,10.0,6177.3450506801455,7663.499999999999
7165,M22024,M,300.2,310.1,1474,44.0,198,0,0,0,0,0,0,9.900000000000034,6791.704438040654,8712.0
7166,L54345,L,300.2,310.1,1392,47.9,201,0,0,0,0,0,0,9.900000000000034,6982.3781681625305,9627.9
7167,M22026,M,300.3,310.2,1429,44.7,203,0,0,0,0,0,0,9.899999999999977,6689.110493949924,9074.1
7168,L54347,L,300.3,310.3,1362,60.3,206,1,0,0,0,1,0,10.0,8600.486880320488,12421.8
7169,L54348,L,300.3,310.3,1704,29.5,0,0,0,0,0,0,0,10.0,5264.052650355057,0.0
7170,L54349,L,300.3,310.2,1492,52.3,2,0,0,0,0,0,0,9.899999999999977,8171.450043595242,104.6
7171,M22030,M,300.3,310.2,1442,39.5,4,0,0,0,0,0,0,9.899999999999977,5964.732531860701,158.0
7172,M22031,M,300.2,310.2,1438,51.5,7,0,0,0,0,0,0,10.0,7755.230904896644,360.5
7173,M22032,M,300.1,310.1,1402,46.6,10,0,0,0,0,0,0,10.0,6841.676705183756,466.0
7174,L54353,L,300.1,310.1,1684,30.8,13,0,0,0,0,0,0,10.0,5431.520482742418,400.40000000000003
7175,L54354,L,300.2,310.2,1530,48.5,15,0,0,0,0,0,0,10.0,7770.729428654353,727.5
7176,L54355,L,300.1,310.1,1569,43.5,17,0,0,0,0,0,0,10.0,7147.280366549458,739.5
7177,L54356,L,300.1,310.1,1650,31.6,19,0,0,0,0,0,0,10.0,5460.08803193906,600.4
7178,L54357,L,300.2,310.2,1415,49.6,21,0,0,0,0,0,0,10.0,7349.651293318201,1041.6000000000001
7179,L54358,L,300.2,310.2,1600,31.5,23,0,0,0,0,0,0,10.0,5277.875658030852,724.5
7180,L54359,L,300.2,310.1,1523,42.3,25,0,0,0,0,0,0,9.900000000000034,6746.350312098329,1057.5
7181,M22040,M,300.2,310.2,1628,30.3,27,0,0,0,0,0,0,10.0,5165.657968444625,818.1
7182,L54361,L,300.2,310.3,1331,52.1,30,0,0,0,0,0,0,10.100000000000023,7261.801890748319,1563.0
7183,L54362,L,300.3,310.3,2158,16.8,32,0,0,0,0,0,0,10.0,3796.5518900101933,537.6
7184,L54363,L,300.2,310.3,1445,50.9,34,0,0,0,0,0,0,10.100000000000023,7702.190348928536,1730.6
7185,M22044,M,300.2,310.3,1593,36.1,36,0,0,0,0,0,0,10.100000000000023,6022.15037359281,1299.6000000000001
7186,L54365,L,300.3,310.4,1672,29.2,39,0,0,0,0,0,0,10.099999999999966,5112.669772354077,1138.8
7187,M22046,M,300.4,310.5,1644,31.4,41,0,0,0,0,0,0,10.100000000000023,5405.801310885028,1287.3999999999999
7188,L54367,L,300.4,310.5,1402,54.3,44,0,0,0,0,0,0,10.100000000000023,7972.16834960253,2389.2
7189,L54368,L,300.4,310.4,1286,56.8,46,0,0,0,0,0,0,10.0,7649.233568764524,2612.7999999999997
7190,L54369,L,300.4,310.4,1486,46.3,48,0,0,0,0,0,0,10.0,7204.907647791808,2222.3999999999996
7191,L54370,L,300.3,310.3,1345,46.3,50,0,0,0,0,0,0,10.0,6521.2656704441315,2315.0
7192,L54371,L,300.3,310.3,1629,34.1,52,0,0,0,0,0,0,10.0,5817.067205166469,1773.2
7193,M22052,M,300.2,310.2,1429,43.8,54,0,0,0,0,0,0,10.0,6554.430416890528,2365.2
7194,L54373,L,300.1,310.1,1306,64.7,57,0,0,0,0,0,0,10.0,8848.630812052035,3687.9
7195,L54374,L,300.1,310.1,1380,52.6,59,0,0,0,0,0,0,10.0,7601.397584625863,3103.4
7196,M22055,M,300.1,310.1,1443,49.3,61,0,0,0,0,0,0,10.0,7449.7529072370835,3007.2999999999997
7197,H36610,H,300.1,310.1,1426,42.7,64,0,0,0,0,0,0,10.0,6376.406833187108,2732.8
7198,L54377,L,300.0,310.0,1486,41.8,69,0,0,0,0,0,0,10.0,6504.646645306642,2884.2
7199,M22058,M,300.0,309.9,1530,34.5,71,0,0,0,0,0,0,9.899999999999977,5527.632273991241,2449.5
7200,L54379,L,300.0,309.9,1507,41.4,74,0,0,0,0,0,0,9.899999999999977,6533.444577964548,3063.6
7201,L54380,L,300.0,309.9,1608,33.4,76,0,0,0,0,0,0,9.899999999999977,5624.204832162591,2538.4
7202,L54381,L,300.0,309.8,1474,40.6,78,0,0,0,0,0,0,9.800000000000011,6266.890913282967,3166.8
7203,L54382,L,300.0,309.7,1326,61.9,80,0,0,0,0,0,0,9.699999999999989,8595.334668368601,4952.0
7204,M22063,M,299.8,309.6,1434,48.0,82,0,0,0,0,0,0,9.800000000000011,7208.070184396421,3936.0
7205,L54384,L,299.8,309.6,1526,41.7,85,0,0,0,0,0,0,9.800000000000011,6663.757841235454,3544.5000000000005
7206,L54385,L,299.8,309.7,1483,39.6,87,0,0,0,0,0,0,9.899999999999977,6149.856114961235,3445.2000000000003
7207,L54386,L,299.8,309.7,1457,51.9,89,0,0,0,0,0,0,9.899999999999977,7918.729858564969,4619.099999999999
7208,M22067,M,299.7,309.6,1540,34.4,91,0,0,0,0,0,0,9.900000000000034,5547.633747219095,3130.4
7209,L54388,L,299.8,309.7,1707,29.1,94,0,0,0,0,0,0,9.899999999999977,5201.817699887444,2735.4
7210,L54389,L,299.8,309.7,1624,34.2,96,0,0,0,0,0,0,9.899999999999977,5816.218975149999,3283.2000000000003
7211,M22070,M,299.8,309.6,1331,50.2,98,0,0,0,0,0,0,9.800000000000011,6996.97610202621,4919.6
7212,L54391,L,299.8,309.7,1431,40.3,101,0,0,0,0,0,0,9.899999999999977,6039.114973922195,4070.2999999999997
7213,M22072,M,299.8,309.7,1705,28.5,103,0,0,0,0,0,0,9.899999999999977,5088.594700652067,2935.5
7214,M22073,M,299.8,309.8,1427,45.2,106,0,0,0,0,0,0,10.0,6754.466093120103,4791.200000000001
7215,M22074,M,299.9,309.8,1625,41.2,109,0,0,0,0,0,0,9.900000000000034,7010.987605261222,4490.8
7216,L54395,L,299.9,309.8,1477,47.7,112,0,0,0,0,0,0,9.900000000000034,7377.810435469878,5342.400000000001
7217,M22076,M,300.0,309.9,1651,28.1,114,0,0,0,0,0,0,9.899999999999977,4858.274071241888,3203.4
7218,L54397,L,299.9,309.8,1716,28.2,117,0,0,0,0,0,0,9.900000000000034,5067.51461394648,3299.4
7219,H36632,H,299.9,309.8,1400,48.7,119,0,0,0,0,0,0,9.900000000000034,7139.792904058403,5795.3
7220,M22079,M,299.8,309.7,1556,37.7,124,0,0,0,0,0,0,9.899999999999977,6142.986499025386,4674.8
7221,L54400,L,299.8,309.7,1429,42.6,127,0,0,0,0,0,0,9.899999999999977,6374.856980811336,5410.2
7222,H36635,H,299.7,309.6,1433,49.6,129,0,0,0,0,0,0,9.900000000000034,7443.145090689033,6398.400000000001
7223,M22082,M,299.8,309.7,1320,61.7,134,0,0,0,0,0,0,9.899999999999977,8528.79573596557,8267.800000000001
7224,L54403,L,299.8,309.6,1374,51.6,137,0,0,0,0,0,0,9.800000000000011,7424.4630863756865,7069.2
7225,L54404,L,299.8,309.6,1598,31.0,139,0,0,0,0,0,0,9.800000000000011,5187.607229117705,4309.0
7226,M22085,M,299.8,309.7,1910,21.8,141,0,0,0,0,0,0,9.899999999999977,4360.321163672394,3073.8
7227,L54406,L,299.7,309.6,1399,51.3,144,0,0,0,0,0,0,9.900000000000034,7515.6006892563255,7387.2
7228,L54407,L,299.7,309.6,1720,27.1,146,0,0,0,0,0,0,9.900000000000034,4881.197225637581,3956.6000000000004
7229,H36642,H,299.8,309.7,1368,47.4,148,0,0,0,0,0,0,9.899999999999977,6790.364025175122,7015.2
7230,L54409,L,299.8,309.8,1749,33.4,153,0,0,0,0,0,0,10.0,6117.372046923117,5110.2
7231,L54410,L,299.8,309.8,1542,39.4,155,0,0,0,0,0,0,10.0,6362.227778343905,6107.0
7232,L54411,L,299.8,309.9,1553,36.6,157,0,0,0,0,0,0,10.099999999999966,5952.249937050437,5746.2
7233,M22092,M,299.9,309.9,1639,42.1,159,0,0,0,0,0,0,10.0,7225.862070791252,6693.900000000001
7234,L54413,L,299.9,310.0,1447,45.9,162,0,0,0,0,0,0,10.100000000000023,6955.203391708979,7435.8
7235,M22094,M,299.8,310.0,1397,48.1,164,0,0,0,0,0,0,10.199999999999989,7036.717249094121,7888.400000000001
7236,L54415,L,299.8,310.0,1361,53.8,167,0,0,0,0,0,0,10.199999999999989,7667.768965420703,8984.6
7237,M22096,M,299.8,310.0,1460,37.1,169,0,0,0,0,0,0,10.199999999999989,5672.250255811491,6269.900000000001
7238,M22097,M,299.8,310.0,1632,33.7,172,0,0,0,0,0,0,10.199999999999989,5759.418979973096,5796.400000000001
7239,L54418,L,299.8,310.0,1697,36.0,175,0,0,0,0,0,0,10.199999999999989,6397.539279770254,6300.0
7240,L54419,L,299.8,310.1,1553,42.0,177,0,0,0,0,0,0,10.300000000000011,6830.4507474349275,7434.0
7241,M22100,M,299.9,310.1,1362,56.3,179,0,0,0,0,0,0,10.200000000000045,8029.9736544285815,10077.699999999999
7242,M22101,M,299.9,310.0,1484,42.1,182,0,0,0,0,0,0,10.100000000000023,6542.513308757912,7662.2
7243,H36656,H,299.9,310.1,1447,51.4,185,0,0,0,0,0,0,10.200000000000045,7788.615562828792,9509.0
7244,M22103,M,300.0,310.2,1393,51.2,190,0,0,0,0,0,0,10.199999999999989,7468.7804867423265,9728.0
7245,L54424,L,300.0,310.2,1760,26.9,193,0,0,0,0,0,0,10.199999999999989,4957.852086385172,5191.7
7246,L54425,L,300.0,310.1,1477,34.6,195,0,0,0,0,0,0,10.100000000000023,5351.619309586117,6747.0
7247,L54426,L,299.9,310.1,1681,29.1,197,0,0,0,0,0,0,10.200000000000045,5122.586733163909,5732.700000000001
7248,M22107,M,300.0,310.1,1314,53.5,199,0,0,0,0,0,0,10.100000000000023,7361.694065156962,10646.5
7249,L54428,L,300.0,310.1,1762,28.0,202,0,0,0,0,0,0,10.100000000000023,5166.453838583534,5656.0
7250,L54429,L,299.9,310.0,1402,44.7,204,0,0,0,0,0,0,10.100000000000023,6562.724221496006,9118.800000000001
7251,M22110,M,300.1,310.2,1429,42.0,206,0,0,0,0,0,0,10.099999999999966,6285.07026277174,8652.0
7252,M22111,M,300.2,310.3,1448,40.1,209,0,0,0,0,0,0,10.100000000000023,6080.531637072021,8380.9
7253,H36666,H,300.2,310.4,1501,42.9,212,0,0,0,0,0,0,10.199999999999989,6743.2087194447395,9094.8
7254,L54433,L,300.3,310.5,1522,39.1,217,0,0,0,0,0,0,10.199999999999989,6231.893571121977,8484.7
7255,L54434,L,300.3,310.4,1493,37.5,219,0,0,0,0,0,0,10.099999999999966,5862.997289761951,8212.5
7256,M22115,M,300.2,310.3,1704,29.4,221,0,0,0,0,0,0,10.100000000000023,5246.208404082667,6497.4
7257,H36670,H,300.2,310.3,1408,42.5,0,0,0,0,0,0,0,10.100000000000023,6266.430146360441,0.0
7258,L54437,L,300.2,310.4,1518,41.8,5,0,0,0,0,0,0,10.199999999999989,6644.7197897546985,209.0
7259,L54438,L,300.3,310.4,1742,25.9,7,0,0,0,0,0,0,10.099999999999966,4724.724967537785,181.29999999999998
7260,M22119,M,300.4,310.5,1500,43.0,9,0,0,0,0,0,0,10.100000000000023,6754.424205218055,387.0
7261,L54440,L,300.4,310.5,2424,14.5,12,0,0,0,0,0,0,10.100000000000023,3680.6899529458015,174.0
7262,L54441,L,300.4,310.5,1818,25.1,14,0,0,0,0,0,0,10.100000000000023,4778.550921669291,351.40000000000003
7263,M22122,M,300.4,310.6,1545,35.6,16,0,0,0,0,0,0,10.200000000000045,5759.795971091527,569.6
7264,L54443,L,300.4,310.6,1429,46.9,19,0,0,0,0,0,0,10.200000000000045,7018.328460095108,891.1
7265,M22124,M,300.4,310.6,1448,44.9,21,0,0,0,0,0,0,10.200000000000045,6808.375823055703,942.9
7266,L54445,L,300.4,310.6,1384,48.7,24,0,0,0,0,0,0,10.200000000000045,7058.195270869164,1168.8000000000002
7267,L54446,L,300.4,310.5,1578,32.8,26,0,0,0,0,0,0,10.100000000000023,5420.126973385398,852.8
7268,L54447,L,300.5,310.5,1695,26.7,28,0,0,0,0,0,0,10.0,4739.2495975728825,747.6
7269,L54448,L,300.5,310.6,1543,36.2,30,0,0,0,0,0,0,10.100000000000023,5849.289473816788,1086.0
7270,M22129,M,300.4,310.5,1540,33.4,32,0,0,0,0,0,0,10.100000000000023,5386.36532433482,1068.8
7271,L54450,L,300.2,310.4,1808,25.8,35,0,0,0,0,0,0,10.199999999999989,4884.799585213697,903.0
7272,M22131,M,300.3,310.4,1293,49.7,37,0,0,0,0,0,0,10.099999999999966,6729.511375475088,1838.9
7273,L54452,L,300.2,310.3,1202,59.5,40,0,0,0,0,0,0,10.100000000000023,7489.452166402947,2380.0
7274,M22133,M,300.2,310.3,1704,29.2,42,0,0,0,0,0,0,10.100000000000023,5210.519911537886,1226.3999999999999
7275,M22134,M,300.2,310.3,1478,38.1,45,0,0,0,0,0,0,10.100000000000023,5896.957906347257,1714.5
7276,L54455,L,300.2,310.3,1514,38.7,48,0,0,0,0,0,0,10.100000000000023,6135.718948020081,1857.6000000000001
7277,M22136,M,300.1,310.3,1350,48.8,50,0,0,0,0,0,0,10.199999999999989,6898.9374672831855,2440.0
7278,L54457,L,300.1,310.2,1475,54.2,53,0,0,0,0,0,0,10.099999999999966,8371.8208230412,2872.6000000000004
7279,H36692,H,300.0,310.1,1714,28.7,55,0,0,0,0,0,0,10.100000000000023,5151.353249895279,1578.5
7280,L54459,L,300.0,310.1,1465,40.9,60,0,0,0,0,0,0,10.100000000000023,6274.650647137334,2454.0
7281,L54460,L,299.9,310.2,1288,69.6,62,1,0,0,1,0,0,10.300000000000011,9387.581503750875,4315.2
7282,L54461,L,300.0,310.2,1675,29.7,64,0,0,0,0,0,0,10.199999999999989,5209.546017815274,1900.8
7283,L54462,L,300.0,310.2,1486,36.4,66,0,0,0,0,0,0,10.199999999999989,5664.333442324445,2402.4
7284,M22143,M,300.0,310.2,1443,58.7,68,0,0,0,0,0,0,10.199999999999989,8870.192609631173,3991.6000000000004
7285,M22144,M,300.1,310.3,1345,57.1,71,0,0,0,0,0,0,10.199999999999989,8042.4248333123105,4054.1
7286,M22145,M,300.2,310.4,1202,61.7,74,0,0,0,0,0,0,10.199999999999989,7766.373086841376,4565.8
7287,M22146,M,300.1,310.4,1480,37.1,77,0,0,0,0,0,0,10.299999999999955,5749.952314110278,2856.7000000000003
7288,M22147,M,300.2,310.4,1530,35.7,80,0,0,0,0,0,0,10.199999999999989,5719.897744390937,2856.0
7289,M22148,M,300.2,310.6,1983,20.8,83,0,0,0,0,0,0,10.400000000000034,4319.312907567535,1726.4
7290,L54469,L,300.3,310.6,1433,53.8,86,0,0,0,0,0,0,10.300000000000011,8073.4114088522165,4626.8
7291,L54470,L,300.3,310.6,1806,24.4,88,0,0,0,0,0,0,10.300000000000011,4614.622617004975,2147.2
7292,L54471,L,300.2,310.5,1416,46.7,90,0,0,0,0,0,0,10.300000000000011,6924.8241907487645,4203.0
7293,M22152,M,300.1,310.4,1556,38.1,92,0,0,0,0,0,0,10.299999999999955,6208.164074611862,3505.2000000000003
7294,L54473,L,300.1,310.5,1627,29.2,95,0,0,0,0,0,0,10.399999999999977,4975.068014126844,2774.0
7295,L54474,L,300.1,310.6,1809,24.3,97,0,0,0,0,0,0,10.5,4603.344299378588,2357.1
7296,M22155,M,300.1,310.5,1329,57.4,99,0,0,0,0,0,0,10.399999999999977,7988.504631401196,5682.599999999999
7297,H36710,H,300.0,310.4,1881,21.9,102,0,0,0,0,0,0,10.399999999999977,4313.815120423752,2233.7999999999997
7298,L54477,L,300.1,310.5,1500,39.8,107,0,0,0,0,0,0,10.399999999999977,6251.769380643687,4258.599999999999
7299,L54478,L,300.1,310.5,1532,36.0,109,0,0,0,0,0,0,10.399999999999977,5775.503934359475,3924.0
7300,L54479,L,300.1,310.5,1492,50.9,111,0,0,0,0,0,0,10.399999999999977,7952.711419101298,5649.9
7301,L54480,L,300.2,310.6,1431,42.3,113,0,0,0,0,0,0,10.400000000000034,6338.82291307466,4779.9
7302,L54481,L,300.1,310.4,1554,39.4,115,0,0,0,0,0,0,10.299999999999955,6411.73927856448,4531.0
7303,L54482,L,300.1,310.5,1494,44.2,117,0,0,0,0,0,0,10.399999999999977,6915.148085375709,5171.400000000001
7304,L54483,L,300.1,310.6,1374,45.4,119,0,0,0,0,0,0,10.5,6532.3764364623285,5402.599999999999
7305,L54484,L,300.1,310.5,1394,44.3,121,0,0,0,0,0,0,10.399999999999977,6466.884701610493,5360.299999999999
7306,M22165,M,300.0,310.5,1790,25.7,123,0,0,0,0,0,0,10.5,4817.422894769708,3161.1
7307,L54486,L,300.1,310.5,1356,45.8,126,0,0,0,0,0,0,10.399999999999977,6503.599447755445,5770.799999999999
7308,M22167,M,300.0,310.4,1385,52.1,128,0,0,0,0,0,0,10.399999999999977,7556.420449801969,6668.8
7309,L54488,L,300.0,310.4,1333,49.1,131,0,0,0,0,0,0,10.399999999999977,6853.939388508268,6432.1
7310,L54489,L,300.0,310.4,1505,44.9,133,0,0,0,0,0,0,10.399999999999977,7076.3850923334485,5971.7
7311,L54490,L,300.0,310.5,1606,33.5,135,0,0,0,0,0,0,10.5,5634.027545192815,4522.5
7312,H36725,H,300.0,310.5,1558,36.7,137,0,0,0,0,0,0,10.5,5987.728990084978,5027.900000000001
7313,L54492,L,300.0,310.5,1412,52.4,142,0,0,0,0,0,0,10.5,7748.089017597483,7440.8
7314,L54493,L,299.9,310.4,1408,38.4,144,0,0,0,0,0,0,10.5,5661.903944005669,5529.599999999999
7315,L54494,L,299.9,310.3,1268,53.3,146,0,0,0,0,0,0,10.400000000000034,7077.421817909133,7781.799999999999
7316,L54495,L,299.9,310.4,1470,50.0,148,0,0,0,0,0,0,10.5,7696.902001294993,7400.0
7317,L54496,L,299.9,310.4,1497,47.0,150,0,0,0,0,0,0,10.5,7367.977250464141,7050.0
7318,L54497,L,299.9,310.3,1638,29.1,152,0,0,0,0,0,0,10.400000000000034,4991.550903582679,4423.2
7319,H36732,H,299.9,310.3,1535,43.9,154,0,0,0,0,0,0,10.400000000000034,7056.697778370953,6760.599999999999
7320,L54499,L,299.8,310.2,1654,32.7,159,0,0,0,0,0,0,10.399999999999977,5663.8517314508945,5199.3
7321,H36734,H,299.8,310.2,1411,49.7,161,0,0,0,0,0,0,10.399999999999977,7343.650851349844,8001.700000000001
7322,L54501,L,299.8,310.2,1911,23.5,166,0,0,0,0,0,0,10.399999999999977,4702.8071227912405,3901.0
7323,H36736,H,299.8,310.2,1573,33.3,168,0,0,0,0,0,0,10.399999999999977,5485.315020947386,5594.4
7324,L54503,L,299.9,310.2,1479,46.3,173,0,0,0,0,0,0,10.300000000000011,7170.967975157525,8009.9
7325,M22184,M,299.9,310.4,1820,26.6,175,0,0,0,0,0,0,10.5,5069.6927848529685,4655.0
7326,L54505,L,299.9,310.4,1419,45.7,178,0,0,0,0,0,0,10.5,6790.898095926233,8134.6
7327,M22186,M,299.9,310.5,1335,52.9,180,0,0,0,0,0,0,10.600000000000023,7395.466186183052,9522.0
7328,M22187,M,299.9,310.5,1576,39.4,183,0,0,0,0,0,0,10.600000000000023,6502.5103623022005,7210.2
7329,L54508,L,300.0,310.5,1517,42.2,186,0,0,0,0,0,0,10.5,6703.886451397308,7849.200000000001
7330,M22189,M,299.9,310.4,1576,34.3,188,0,0,0,0,0,0,10.5,5660.814858552423,6448.4
7331,H36744,H,299.8,310.2,1537,36.6,191,0,0,0,0,0,0,10.399999999999977,5890.926048452365,6990.6
7332,L54511,L,299.8,310.3,1524,34.2,196,0,0,0,0,0,0,10.5,5458.077412640763,6703.200000000001
7333,M22192,M,299.8,310.3,1805,23.7,198,0,0,0,0,0,0,10.5,4479.754044386365,4692.599999999999
7334,M22193,M,299.9,310.4,1367,53.3,201,0,0,0,0,0,0,10.5,7629.996549749041,10713.3
7335,L54514,L,299.8,310.4,1694,30.3,204,0,0,0,0,0,0,10.599999999999966,5375.076534732921,6181.2
7336,L54515,L,299.9,310.4,1328,49.9,206,0,0,0,0,0,0,10.5,6939.484956465517,10279.4
7337,H36750,H,299.9,310.5,1549,42.8,208,0,0,0,0,0,0,10.600000000000023,6942.626549119107,8902.4
7338,L54517,L,299.9,310.5,1539,32.8,213,0,0,0,0,0,0,10.600000000000023,5286.169462636329,6986.4
7339,L54518,L,299.8,310.5,1496,38.8,215,0,0,0,0,0,0,10.699999999999989,6078.4372419696265,8342.0
7340,L54519,L,299.8,310.4,1579,36.4,0,0,0,0,0,0,0,10.599999999999966,6018.830757355517,0.0
7341,L54520,L,299.7,310.3,1386,46.6,2,0,0,0,0,0,0,10.600000000000023,6763.597655766537,93.2
7342,L54521,L,299.7,310.3,1505,37.7,4,0,0,0,0,0,0,10.600000000000023,5941.6418258568165,150.8
7343,M22202,M,299.7,310.3,1661,34.5,6,0,0,0,0,0,0,10.600000000000023,6000.913207254543,207.0
7344,L54523,L,299.6,310.2,1468,48.0,9,0,0,0,0,0,0,10.599999999999966,7378.972824751706,432.0
7345,L54524,L,299.6,310.1,1384,49.8,11,0,0,0,0,0,0,10.5,7217.6206260633335,547.8
7346,L54525,L,299.6,310.2,1381,60.5,13,0,0,0,0,0,0,10.599999999999966,8749.387900125133,786.5
7347,L54526,L,299.6,310.2,1469,47.0,15,0,0,0,0,0,0,10.599999999999966,7230.1660527266695,705.0
7348,L54527,L,299.6,310.2,1627,36.6,17,0,0,0,0,0,0,10.599999999999966,6235.8729218165245,622.2
7349,H36762,H,299.7,310.3,1462,40.4,19,0,0,0,0,0,0,10.600000000000023,6185.25139219168,767.6
7350,L54529,L,299.7,310.2,1633,36.5,24,0,0,0,0,0,0,10.5,6241.76864402976,876.0
7351,L54530,L,299.7,310.2,1469,39.5,26,0,0,0,0,0,0,10.5,6076.416150695818,1027.0
7352,L54531,L,299.7,310.2,1458,43.4,28,0,0,0,0,0,0,10.5,6626.372888657735,1215.2
7353,M22212,M,299.7,310.2,1440,42.8,30,0,0,0,0,0,0,10.5,6454.08794753487,1284.0
7354,L54533,L,299.8,310.3,1687,30.4,33,0,0,0,0,0,0,10.5,5370.531697360727,1003.1999999999999
7355,M22214,M,299.7,310.3,1429,47.7,35,0,0,0,0,0,0,10.600000000000023,7138.044084147905,1669.5
7356,L54535,L,299.6,310.2,1588,34.1,38,0,0,0,0,0,0,10.599999999999966,5670.6585155336725,1295.8
7357,L54536,L,299.6,310.2,1333,51.2,40,0,0,0,0,0,0,10.599999999999966,7147.081399014732,2048.0
7358,L54537,L,299.6,310.1,1487,42.9,42,0,0,0,0,0,0,10.5,6680.314034519871,1801.8
7359,M22218,M,299.5,310.1,1659,31.5,44,0,0,0,0,0,0,10.600000000000023,5472.49732292074,1386.0
7360,M22219,M,299.4,310.0,1512,43.2,47,0,0,0,0,0,0,10.600000000000023,6840.1268528079845,2030.4
7361,L54540,L,299.5,310.1,1585,35.2,50,0,0,0,0,0,0,10.600000000000023,5842.524577636058,1760.0000000000002
7362,L54541,L,299.5,310.0,1502,38.5,52,0,0,0,0,0,0,10.5,6055.629279304565,2002.0
7363,L54542,L,299.5,310.0,1594,35.1,54,0,0,0,0,0,0,10.5,5859.007467091892,1895.4
7364,L54543,L,299.5,310.0,1412,48.9,56,0,0,0,0,0,0,10.5,7230.563987796124,2738.4
7365,L54544,L,299.5,309.9,1402,51.7,58,0,0,0,0,0,0,10.399999999999977,7590.443898240347,2998.6000000000004
7366,L54545,L,299.6,310.1,2057,20.4,60,0,0,0,0,0,0,10.5,4394.334140135258,1224.0
7367,H36780,H,299.6,310.1,1531,36.8,62,0,0,0,0,0,0,10.5,5899.994779245727,2281.6
7368,M22227,M,299.5,310.1,1359,61.1,67,0,0,0,0,0,0,10.600000000000023,8695.394394385437,4093.7000000000003
7369,M22228,M,299.6,310.2,1620,30.0,70,0,0,0,0,0,0,10.599999999999966,5089.380098815464,2100.0
7370,M22229,M,299.6,310.1,1646,29.6,73,0,0,0,0,0,0,10.5,5102.114021038016,2160.8
7371,M22230,M,299.6,310.1,1455,46.1,76,0,0,0,0,0,0,10.5,7024.129934528739,3503.6
7372,L54551,L,299.6,310.2,1512,44.0,79,0,0,0,0,0,0,10.599999999999966,6966.795868600725,3476.0
7373,L54552,L,299.6,310.2,1473,42.7,81,0,0,0,0,0,0,10.599999999999966,6586.568909736753,3458.7000000000003
7374,L54553,L,299.6,310.1,1553,38.0,83,0,0,0,0,0,0,10.5,6179.931628631602,3154.0
7375,L54554,L,299.5,310.0,1379,50.4,85,0,0,0,0,0,0,10.5,7278.1905324245445,4284.0
7376,M22235,M,299.4,309.9,1567,40.6,87,0,0,0,0,0,0,10.5,6662.291764663779,3532.2000000000003
7377,L54556,L,299.5,310.0,1481,43.1,90,0,0,0,0,0,0,10.5,6684.377161018514,3879.0
7378,L54557,L,299.5,310.0,1349,52.7,92,0,0,0,0,0,0,10.5,7444.768246893388,4848.400000000001
7379,L54558,L,299.5,310.0,1388,52.4,94,0,0,0,0,0,0,10.5,7616.393453558998,4925.599999999999
7380,M22239,M,299.6,310.1,1357,48.7,96,0,0,0,0,0,0,10.5,6920.499264862324,4675.200000000001
7381,L54560,L,299.6,310.2,1743,24.8,99,0,0,0,0,0,0,10.599999999999966,4526.6580227044615,2455.2000000000003
7382,L54561,L,299.7,310.3,1495,43.1,101,0,0,0,0,0,0,10.600000000000023,6747.565061257717,4353.1
7383,L54562,L,299.8,310.4,1698,28.3,103,0,0,0,0,0,0,10.599999999999966,5032.1402806670585,2914.9
7384,M22243,M,299.7,310.4,1410,44.5,105,0,0,0,0,0,0,10.699999999999989,6570.641034983052,4672.5
7385,L54564,L,299.7,310.4,1614,36.2,108,0,0,0,0,0,0,10.699999999999989,6118.4401884253375,3909.6000000000004
7386,M22245,M,299.8,310.5,1375,53.9,110,0,0,0,0,0,0,10.699999999999989,7761.042851305784,5929.0
7387,M22246,M,299.8,310.6,1574,31.8,113,0,0,0,0,0,0,10.800000000000011,5241.558846955355,3593.4
7388,H36801,H,299.8,310.6,1423,44.6,116,0,0,0,0,0,0,10.800000000000011,6646.123034473303,5173.6
7389,M22248,M,299.8,310.6,1694,31.3,121,0,0,0,0,0,0,10.800000000000011,5552.471799905625,3787.3
7390,L54569,L,299.8,310.6,1707,32.5,124,0,0,0,0,0,0,10.800000000000011,5809.590214650924,4030.0
7391,M22250,M,299.7,310.5,1490,41.2,126,0,0,0,0,0,0,10.800000000000011,6428.536327285675,5191.200000000001
7392,L54571,L,299.7,310.6,1675,31.3,129,0,0,0,0,0,0,10.900000000000034,5490.194961535963,4037.7000000000003
7393,M22252,M,299.7,310.5,1492,39.3,131,0,0,0,0,0,0,10.800000000000011,6140.305673294322,5148.299999999999
7394,M22253,M,299.7,310.5,1594,35.4,134,0,0,0,0,0,0,10.800000000000011,5909.084453990114,4743.599999999999
7395,L54574,L,299.7,310.6,1479,38.0,137,0,0,0,0,0,0,10.900000000000034,5885.459677235118,5206.0
7396,M22255,M,299.7,310.6,1572,38.0,139,0,0,0,0,0,0,10.900000000000034,6255.539291827996,5282.0
7397,L54576,L,299.7,310.6,1616,35.1,142,0,0,0,0,0,0,10.900000000000034,5939.872061995294,4984.2
7398,L54577,L,299.7,310.6,1737,26.1,144,0,0,0,0,0,0,10.900000000000034,4747.543402178359,3758.4
7399,M22258,M,299.7,310.7,1498,37.8,146,0,0,0,0,0,0,11.0,5929.693301797662,5518.799999999999
7400,L54579,L,299.6,310.6,1642,35.1,149,0,0,0,0,0,0,11.0,6035.439310517495,5229.900000000001
7401,M22260,M,299.6,310.6,1633,34.2,151,0,0,0,0,0,0,11.0,5848.451715775831,5164.200000000001
7402,L54581,L,299.8,310.8,1409,51.9,154,0,0,0,0,0,0,11.0,7657.852004610871,7992.599999999999
7403,M22262,M,299.8,310.8,1463,43.5,156,0,0,0,0,0,0,11.0,6664.417575692707,6786.0
7404,L54583,L,299.8,310.8,1376,48.6,159,0,0,0,0,0,0,11.0,7002.9870159700795,7727.400000000001
7405,L54584,L,299.8,310.8,1553,32.2,161,0,0,0,0,0,0,11.0,5236.678906366778,5184.200000000001
7406,M22265,M,299.8,310.8,1530,35.2,163,0,0,0,0,0,0,11.0,5639.787131724397,5737.6
7407,L54586,L,299.8,310.9,1545,40.7,166,0,0,0,0,0,0,11.099999999999966,6584.935281556886,6756.200000000001
7408,H36821,H,299.8,310.9,1427,47.2,168,0,0,0,0,0,0,11.099999999999966,7053.336274231613,7929.6
7409,L54588,L,299.9,310.9,1292,51.1,173,0,0,0,0,0,0,11.0,6913.723896706081,8840.300000000001
7410,L54589,L,299.8,310.9,2084,17.6,175,0,0,0,0,0,0,11.099999999999966,3840.953066180929,3080.0000000000005
7411,L54590,L,299.9,311.0,1747,27.6,177,0,0,0,0,0,0,11.100000000000023,5049.293376555659,4885.2
7412,L54591,L,300.0,311.1,1425,47.8,179,0,0,0,0,0,0,11.100000000000023,7132.986119975625,8556.199999999999
7413,L54592,L,300.0,311.0,1637,33.6,181,0,0,0,0,0,0,11.0,5759.921634797671,6081.6
7414,M22273,M,300.1,311.1,1616,35.2,183,0,0,0,0,0,0,11.0,5956.794774422631,6441.6
7415,L54594,L,300.1,311.1,1619,33.4,186,0,0,0,0,0,0,11.0,5662.678870193554,6212.4
7416,L54595,L,300.1,311.2,1489,39.1,188,0,0,0,0,0,0,11.099999999999966,6096.773671091079,7350.8
7417,M22276,M,300.1,311.2,1452,42.4,190,0,0,0,0,0,0,11.099999999999966,6447.050779990829,8056.0
7418,M22277,M,300.1,311.3,1495,41.0,193,0,0,0,0,0,0,11.199999999999989,6418.797390059545,7913.0
7419,M22278,M,300.2,311.4,1427,39.7,196,0,0,0,0,0,0,11.199999999999989,5932.573095063453,7781.200000000001
7420,L54599,L,300.1,311.4,1572,36.2,199,0,0,0,0,0,0,11.299999999999955,5959.224272741407,7203.8
7421,L54600,L,300.1,311.3,1547,40.0,201,0,0,0,0,0,0,11.199999999999989,6480.058446804546,8040.0
7422,M22281,M,300.1,311.4,1342,48.5,203,0,0,0,0,0,0,11.299999999999955,6815.894701473295,9845.5
7423,L54602,L,300.0,311.2,1351,44.1,206,0,0,0,0,0,0,11.199999999999989,6239.108762249721,9084.6
7424,L54603,L,300.0,311.3,1407,47.3,208,0,0,0,0,0,0,11.300000000000011,6969.214894943988,9838.4
7425,M22284,M,300.1,311.4,1575,29.8,210,0,0,0,0,0,0,11.299999999999955,4915.021706541231,6258.0
7426,M22285,M,300.0,311.4,1791,24.1,213,0,0,0,0,0,0,11.399999999999977,4520.029262205387,5133.3
7427,M22286,M,300.0,311.4,1692,29.0,216,1,1,0,0,0,0,11.399999999999977,5138.388944211465,6264.0
7428,L54607,L,300.0,311.4,1634,31.9,0,0,0,0,0,0,0,11.399999999999977,5458.475347710218,0.0
7429,M22288,M,300.0,311.4,1864,23.3,2,0,0,0,0,0,0,11.399999999999977,4548.104628552967,46.6
7430,L54609,L,300.0,311.4,1590,33.6,5,0,0,0,0,0,0,11.399999999999977,5594.548197512703,168.0
7431,M22290,M,300.0,311.4,1384,46.1,7,0,0,0,0,0,0,11.399999999999977,6681.371704046581,322.7
7432,M22291,M,300.0,311.4,1352,61.8,10,0,0,0,0,0,0,11.399999999999977,8749.712531366004,618.0
7433,L54612,L,300.1,311.4,1484,43.1,13,0,0,0,0,0,0,11.299999999999955,6697.917425355487,560.3000000000001
7434,M22293,M,300.1,311.4,1913,21.9,15,0,0,0,0,0,0,11.299999999999955,4387.20272481161,328.5
7435,L54614,L,300.0,311.4,1508,38.2,18,0,0,0,0,0,0,11.399999999999977,6032.444325521074,687.6
7436,L54615,L,299.9,311.3,1504,40.7,20,0,0,0,0,0,0,11.400000000000034,6410.18942618871,814.0
7437,L54616,L,300.0,311.4,1487,41.2,22,0,0,0,0,0,0,11.399999999999977,6415.5929655528835,906.4000000000001
7438,L54617,L,299.8,311.3,1727,30.0,24,0,0,0,0,0,0,11.5,5425.530512749572,720.0
7439,L54618,L,299.9,311.3,1647,27.5,26,0,0,0,0,0,0,11.400000000000034,4743.01950875719,715.0
7440,L54619,L,300.0,311.3,1493,41.4,28,0,0,0,0,0,0,11.300000000000011,6472.749007897194,1159.2
7441,L54620,L,300.0,311.4,1655,29.6,30,0,0,0,0,0,0,11.399999999999977,5130.011363801893,888.0
7442,M22301,M,299.9,311.4,1337,54.8,32,0,0,0,0,0,0,11.5,7672.565130205183,1753.6
7443,L54622,L,300.0,311.5,1601,36.9,35,0,0,0,0,0,0,11.5,6186.518501228627,1291.5
7444,H36857,H,300.1,311.6,1589,37.9,37,0,0,0,0,0,0,11.5,6306.548284546782,1402.3
7445,L54624,L,300.2,311.7,1286,55.1,42,0,0,0,0,0,0,11.5,7420.2952401219245,2314.2000000000003
7446,L54625,L,300.2,311.7,1553,41.3,44,0,0,0,0,0,0,11.5,6716.609901644345,1817.1999999999998
7447,L54626,L,300.2,311.8,1379,51.0,46,0,0,0,0,0,0,11.600000000000023,7364.835657810551,2346.0
7448,M22307,M,300.3,311.9,1677,30.8,48,0,0,0,0,0,0,11.599999999999966,5408.942903538618,1478.4
7449,L54628,L,300.3,311.8,1488,38.4,51,0,0,0,0,0,0,11.5,5983.603031733263,1958.3999999999999
7450,L54629,L,300.3,311.8,1418,45.9,53,0,0,0,0,0,0,11.5,6815.8109256692,2432.7
7451,L54630,L,300.3,311.8,1451,41.0,55,0,0,0,0,0,0,11.5,6229.882951823679,2255.0
7452,L54631,L,300.3,311.8,1508,43.1,57,0,0,0,0,0,0,11.5,6806.239540051263,2456.7000000000003
7453,L54632,L,300.3,311.7,1579,33.6,59,0,0,0,0,0,0,11.399999999999977,5555.843776020477,1982.4
7454,H36867,H,300.3,311.7,1432,47.7,61,0,0,0,0,0,0,11.399999999999977,7153.029481105529,2909.7000000000003
7455,L54634,L,300.2,311.6,1446,47.3,66,0,0,0,0,0,0,11.400000000000034,7162.391427213226,3121.7999999999997
7456,M22315,M,300.2,311.7,1597,39.5,68,0,0,0,0,0,0,11.5,6605.879232580817,2686.0
7457,M22316,M,300.2,311.7,1397,50.2,71,0,0,0,0,0,0,11.5,7343.933594688669,3564.2000000000003
7458,L54637,L,300.1,311.6,1530,36.6,74,0,0,0,0,0,0,11.5,5864.096847190707,2708.4
7459,M22318,M,300.1,311.6,1433,51.4,76,0,0,0,0,0,0,11.5,7713.259227044683,3906.4
7460,L54639,L,300.0,311.5,1591,32.0,79,0,0,0,0,0,0,11.5,5331.492172652118,2528.0
7461,L54640,L,300.0,311.5,1445,41.6,81,0,0,0,0,0,0,11.5,6294.913919752988,3369.6
7462,L54641,L,300.0,311.5,1749,28.3,83,0,0,0,0,0,0,11.5,5183.2823032312635,2348.9
7463,L54642,L,300.0,311.3,1703,30.4,85,0,0,0,0,0,0,11.300000000000011,5421.467386250929,2584.0
7464,H36877,H,300.1,311.4,1518,46.9,87,0,0,0,0,0,0,11.299999999999955,7455.439189940081,4080.2999999999997
7465,L54644,L,300.1,311.3,1535,42.3,92,0,0,0,0,0,0,11.199999999999989,6799.506059797068,3891.6
7466,M22325,M,300.1,311.4,1390,52.1,94,0,0,0,0,0,0,11.299999999999955,7583.699946010641,4897.400000000001
7467,H36880,H,300.3,311.6,1801,23.6,97,0,0,0,0,0,0,11.300000000000011,4450.966583703971,2289.2000000000003
7468,H36881,H,300.3,311.6,1463,41.6,102,0,0,0,0,0,0,11.300000000000011,6373.328072386589,4243.2
7469,L54648,L,300.3,311.6,1560,37.7,107,0,0,0,0,0,0,11.300000000000011,6158.778238097431,4033.9
7470,L54649,L,300.3,311.6,1607,33.5,109,0,0,0,0,0,0,11.300000000000011,5637.535656989324,3651.5
7471,L54650,L,300.4,311.6,1332,54.6,111,0,0,0,0,0,0,11.200000000000045,7615.97457453852,6060.6
7472,L54651,L,300.3,311.7,1365,53.3,113,0,0,0,0,0,0,11.399999999999977,7618.833423853286,6022.9
7473,M22332,M,300.3,311.6,1617,32.5,115,0,0,0,0,0,0,11.300000000000011,5503.28493092592,3737.5
7474,M22333,M,300.3,311.6,1304,62.8,118,0,0,0,0,0,0,11.300000000000011,8575.626410455081,7410.4
7475,L54654,L,300.3,311.7,1989,22.3,121,0,0,0,0,0,0,11.399999999999977,4644.813322405974,2698.3
7476,H36889,H,300.3,311.6,1339,53.4,123,0,0,0,0,0,0,11.300000000000011,7487.734762418983,6568.2
7477,L54656,L,300.2,311.5,1492,41.8,128,0,0,0,0,0,0,11.300000000000011,6530.910359890653,5350.4
7478,M22337,M,300.1,311.3,1518,40.2,130,0,0,0,0,0,0,11.199999999999989,6390.37644852007,5226.0
7479,L54658,L,300.1,311.3,1479,39.5,133,0,0,0,0,0,0,11.199999999999989,6117.780453968084,5253.5
7480,M22339,M,300.1,311.3,1523,34.1,135,0,0,0,0,0,0,11.199999999999989,5438.547178310946,4603.5
7481,M22340,M,300.2,311.4,1570,35.3,138,0,0,0,0,0,0,11.199999999999989,5803.673548486663,4871.4
7482,H36895,H,300.2,311.4,1506,36.1,141,0,0,0,0,0,0,11.199999999999989,5693.2570386884945,5090.1
7483,M22342,M,300.2,311.6,1510,47.5,146,0,0,0,0,0,0,11.400000000000034,7511.024435957596,6935.0
7484,L54663,L,300.2,311.6,1671,28.8,149,0,0,0,0,0,0,11.400000000000034,5039.617271182603,4291.2
7485,M22344,M,300.3,311.6,1312,53.4,151,0,0,0,0,0,0,11.300000000000011,7336.749819487459,8063.4
7486,L54665,L,300.3,311.6,1595,38.8,154,0,0,0,0,0,0,11.300000000000011,6480.686765335264,5975.2
7487,L54666,L,300.3,311.7,1635,31.8,156,0,0,0,0,0,0,11.399999999999977,5444.69422793647,4960.8
7488,L54667,L,300.3,311.7,1707,33.6,158,0,0,0,0,0,0,11.399999999999977,6006.22249883911,5308.8
7489,L54668,L,300.3,311.7,1545,43.5,160,0,0,0,0,0,1,11.399999999999977,7037.952942204533,6960.0
7490,M22349,M,300.2,311.6,1751,28.0,162,0,0,0,0,0,0,11.400000000000034,5134.200154006679,4536.0
7491,M22350,M,300.4,311.8,1707,30.0,165,0,0,0,0,0,0,11.400000000000034,5362.698659677777,4950.0
7492,L54671,L,300.4,311.8,1320,57.9,168,0,0,0,0,0,0,11.400000000000034,8003.521444285357,9727.199999999999
7493,M22352,M,300.3,311.7,1319,51.4,170,0,0,0,0,0,0,11.399999999999977,7099.643349945524,8738.0
7494,L54673,L,300.2,311.7,1448,54.2,173,0,0,0,0,0,0,11.5,8218.573933399091,9376.6
7495,L54674,L,300.2,311.8,1436,48.2,175,0,0,0,0,0,0,11.600000000000023,7248.198794558274,8435.0
7496,L54675,L,300.3,311.9,1609,34.0,177,0,0,0,0,0,0,11.599999999999966,5728.798923576107,6018.0
7497,L54676,L,300.2,311.8,1464,44.5,179,0,0,0,0,0,0,11.600000000000023,6822.282606535595,7965.5
7498,M22357,M,300.3,311.8,1483,45.1,181,0,0,0,0,0,0,11.5,7004.0027975947405,8163.1
7499,M22358,M,300.2,311.8,1748,28.5,184,0,0,0,0,0,0,11.600000000000023,5216.92876055121,5244.0
7500,L54679,L,300.3,311.8,1746,26.3,187,0,0,0,0,0,0,11.5,4808.7102111437525,4918.1
7501,L54680,L,300.2,311.8,1410,51.4,189,0,0,0,0,0,0,11.600000000000023,7589.4595325422215,9714.6
7502,L54681,L,300.2,311.7,1640,30.8,191,0,0,0,0,0,0,11.5,5289.604270604254,5882.8
7503,H36916,H,300.3,311.7,1655,29.9,193,0,0,0,0,0,0,11.399999999999977,5182.004722218804,5770.7
7504,M22363,M,300.3,311.7,1646,28.9,198,0,0,0,0,0,0,11.399999999999977,4981.455919189143,5722.2
7505,L54684,L,300.4,311.8,1589,42.0,201,0,0,0,0,0,0,11.400000000000034,6988.787017175853,8442.0
7506,L54685,L,300.5,311.9,1546,39.4,203,0,0,0,0,0,0,11.399999999999977,6378.731611750763,7998.2
7507,L54686,L,300.5,311.9,1511,41.8,205,0,0,0,0,0,0,11.399999999999977,6614.078789406686,8569.0
7508,L54687,L,300.5,311.9,1750,28.3,207,0,0,0,0,0,0,11.399999999999977,5186.24587230115,5858.1
7509,M22368,M,300.5,311.9,1730,27.5,209,0,0,0,0,0,0,11.399999999999977,4982.042349817813,5747.5
7510,L54689,L,300.6,311.9,1372,60.1,212,1,0,0,0,1,0,11.299999999999955,8634.897791852809,12741.2
7511,L54690,L,300.5,311.8,1524,38.9,214,1,1,0,0,0,0,11.300000000000011,6208.164074611862,8324.6
7512,L54691,L,300.4,311.8,1601,36.1,0,0,0,0,0,0,0,11.400000000000034,6052.393438871369,0.0
7513,M22372,M,300.5,311.8,1636,34.4,2,0,0,0,0,0,0,11.300000000000011,5893.460266526259,68.8
7514,L54693,L,300.4,311.8,2261,14.9,5,0,0,0,0,0,0,11.400000000000034,3527.893358250706,74.5
7515,L54694,L,300.4,311.8,1636,32.3,7,0,0,0,0,0,0,11.400000000000034,5533.685075837157,226.09999999999997
7516,M22375,M,300.4,311.9,1335,58.3,9,0,0,0,0,0,0,11.5,8150.390900840679,524.6999999999999
7517,M22376,M,300.3,311.7,1236,57.5,12,0,0,0,0,0,0,11.399999999999977,7442.4329963542195,690.0
7518,L54697,L,300.3,311.7,1445,47.3,15,0,0,0,0,0,0,11.399999999999977,7157.438182796065,709.5
7519,L54698,L,300.2,311.5,1500,40.8,17,0,0,0,0,0,0,11.300000000000011,6408.849013323177,693.5999999999999
7520,L54699,L,300.2,311.6,1999,21.0,19,0,0,0,0,0,0,11.400000000000034,4396.030600168197,399.0
7521,L54700,L,300.2,311.6,1529,35.5,21,0,0,0,0,0,0,11.400000000000034,5684.135948017572,745.5
7522,M22381,M,300.2,311.6,1467,40.7,23,0,0,0,0,0,0,11.400000000000034,6252.491946954014,936.1
7523,L54702,L,300.1,311.5,1334,54.0,26,0,0,0,0,0,0,11.399999999999977,7543.592279799811,1404.0
7524,M22383,M,300.1,311.5,1343,46.2,28,0,0,0,0,0,0,11.399999999999977,6497.504758007482,1293.6000000000001
7525,L54704,L,300.2,311.5,1639,31.1,31,0,0,0,0,0,0,11.300000000000011,5337.869605738905,964.1
7526,H36939,H,300.1,311.5,1383,49.1,33,0,0,0,0,0,0,11.399999999999977,7111.026387327032,1620.3
7527,L54706,L,300.1,311.4,1660,31.4,38,0,0,0,0,0,0,11.299999999999955,5458.412515857146,1193.2
7528,L54707,L,300.1,311.3,1470,45.2,40,0,0,0,0,0,0,11.199999999999989,6957.999409170673,1808.0
7529,M22388,M,300.1,311.3,1748,26.6,42,0,0,0,0,0,0,11.199999999999989,4869.133509847797,1117.2
7530,L54709,L,300.1,311.4,1467,35.7,45,0,0,0,0,0,0,11.299999999999955,5484.372543151309,1606.5000000000002
7531,M22390,M,300.1,311.4,1617,39.3,47,0,0,0,0,0,0,11.299999999999955,6654.741470319651,1847.1
7532,H36945,H,300.1,311.4,1377,56.7,50,0,0,0,0,0,0,11.299999999999955,8176.089128747045,2835.0
7533,M22392,M,300.0,311.3,1629,32.1,55,0,0,0,0,0,0,11.300000000000011,5475.890242986617,1765.5
7534,L54713,L,300.0,311.2,1504,37.9,58,0,0,0,0,0,0,11.199999999999989,5969.193593428798,2198.2
7535,L54714,L,300.0,311.2,1418,47.3,60,0,0,0,0,0,0,11.199999999999989,7023.700583532747,2838.0
7536,L54715,L,300.0,311.2,1629,31.7,62,0,0,0,0,0,0,11.199999999999989,5407.654850550646,1965.3999999999999
7537,L54716,L,300.1,311.3,2579,12.5,64,1,0,0,1,0,0,11.199999999999989,3375.903105670032,800.0
7538,L54717,L,300.1,311.3,1305,64.7,66,0,0,0,0,0,0,11.199999999999989,8841.855443895793,4270.2
7539,M22398,M,300.2,311.4,1450,38.5,68,0,0,0,0,0,0,11.199999999999989,5845.980329555006,2618.0
7540,L54719,L,300.2,311.3,1487,36.9,71,0,0,0,0,0,0,11.100000000000023,5746.0043793422665,2619.9
7541,M22400,M,300.2,311.3,1587,31.2,73,0,0,0,0,0,0,11.100000000000023,5185.1358428968815,2277.6
7542,M22401,M,300.3,311.5,1528,40.9,76,0,0,0,0,0,0,11.199999999999989,6544.482040154161,3108.4
7543,M22402,M,300.4,311.6,1401,49.9,79,0,0,0,0,0,0,11.200000000000045,7320.947608439902,3942.1
7544,L54723,L,300.3,311.5,1446,45.0,82,0,0,0,0,0,0,11.199999999999989,6814.114465636261,3690.0
7545,L54724,L,300.2,311.4,1425,44.2,84,0,0,0,0,0,0,11.199999999999989,6595.773776211771,3712.8
7546,L54725,L,300.2,311.4,1891,22.6,86,0,0,0,0,0,0,11.199999999999989,4475.366286646852,1943.6000000000001
7547,H36960,H,300.2,311.5,1454,42.8,88,0,0,0,0,0,0,11.300000000000011,6516.83602480257,3766.3999999999996
7548,L54727,L,300.1,311.4,1430,40.9,93,0,0,0,0,0,0,11.299999999999955,6124.74431768354,3803.7
7549,L54728,L,300.2,311.4,1495,43.6,95,0,0,0,0,0,0,11.199999999999989,6825.843078209663,4142.0
7550,L54729,L,300.3,311.4,1544,41.6,97,0,0,0,0,0,0,11.099999999999966,6726.191759237795,4035.2000000000003
7551,M22410,M,300.3,311.4,1554,34.3,99,0,0,0,0,0,0,11.099999999999966,5581.793331339129,3395.7
7552,M22411,M,300.2,311.3,1491,37.3,102,0,0,0,0,0,0,11.100000000000023,5823.915877151294,3804.6
7553,L54732,L,300.3,311.3,1525,40.7,105,0,0,0,0,0,0,11.0,6499.693400889483,4273.5
7554,L54733,L,300.3,311.3,1505,39.6,107,0,0,0,0,0,0,11.0,6241.087965621483,4237.2
7555,M22414,M,300.3,311.4,1371,50.2,109,0,0,0,0,0,0,11.099999999999966,7207.253370306487,5471.8
7556,L54735,L,300.3,311.3,1332,60.5,112,0,0,0,0,0,0,11.0,8438.946186072902,6776.0
7557,L54736,L,300.3,311.4,1471,37.0,114,0,0,0,0,0,0,11.099999999999966,5699.582111897722,4218.0
7558,M22417,M,300.4,311.5,1750,27.3,116,0,0,0,0,0,0,11.100000000000023,5002.986300841745,3166.8
7559,M22418,M,300.3,311.4,1386,48.1,119,0,0,0,0,0,0,11.099999999999966,6981.3100266603105,5723.900000000001
7560,M22419,M,300.4,311.4,1355,56.2,122,0,0,0,0,0,0,11.0,7974.514072117211,6856.400000000001
7561,M22420,M,300.3,311.3,1377,53.8,125,0,0,0,0,0,0,11.0,7757.911730627706,6725.0
7562,L54741,L,300.3,311.1,1388,49.4,128,0,0,0,0,0,0,10.800000000000011,7180.340393240735,6323.2
7563,M22422,M,300.3,311.1,1350,58.7,130,0,0,0,0,0,0,10.800000000000011,8298.516994457437,7631.0
7564,M22423,M,300.4,311.2,1831,23.4,133,0,0,0,0,0,0,10.800000000000011,4486.75979600387,3112.2
7565,M22424,M,300.3,311.2,1381,65.2,136,1,0,0,1,0,0,10.899999999999977,9429.092414680308,8867.2
7566,M22425,M,300.3,311.2,1783,25.6,139,0,0,0,0,0,0,10.899999999999977,4779.912278485846,3558.4
7567,L54746,L,300.3,311.0,1613,34.7,142,0,0,0,0,0,0,10.699999999999989,5861.279885777989,4927.400000000001
7568,M22427,M,300.2,311.0,2370,14.7,144,0,0,0,0,0,0,10.800000000000011,3648.3315486138267,2116.7999999999997
7569,L54748,L,300.2,311.0,1627,33.7,147,0,0,0,0,0,0,10.800000000000011,5741.773701235433,4953.900000000001
7570,L54749,L,300.2,311.0,1255,71.8,149,1,0,0,1,0,0,10.800000000000011,9436.192414077423,10698.199999999999
7571,H36984,H,300.2,311.0,1777,27.5,151,0,0,0,0,0,0,10.800000000000011,5117.3926333099735,4152.5
7572,L54751,L,300.3,311.1,1606,30.9,156,0,0,0,0,0,0,10.800000000000011,5196.7597357151635,4820.4
7573,L54752,L,300.3,311.1,1676,28.6,158,0,0,0,0,0,0,10.800000000000011,5019.594854003724,4518.8
7574,L54753,L,300.3,311.1,1605,37.1,160,0,0,0,0,0,0,10.800000000000011,6235.590178477701,5936.0
7575,L54754,L,300.4,311.1,1487,37.4,162,0,0,0,0,0,0,10.700000000000045,5823.863517273734,6058.8
7576,L54755,L,300.4,311.2,1471,46.5,164,0,0,0,0,0,0,10.800000000000011,7162.988329817407,7626.0
7577,M22436,M,300.3,311.1,1477,44.2,166,0,0,0,0,0,0,10.800000000000011,6836.461661378797,7337.200000000001
7578,L54757,L,300.4,311.2,1530,32.0,169,0,0,0,0,0,0,10.800000000000011,5127.079210658542,5408.0
7579,L54758,L,300.4,311.2,1673,28.9,171,0,0,0,0,0,0,10.800000000000011,5063.1687441090135,4941.9
7580,L54759,L,300.4,311.2,1436,56.8,173,0,0,0,0,0,0,10.800000000000011,8541.445882384025,9826.4
7581,L54760,L,300.4,311.3,1495,51.2,175,0,0,0,0,0,0,10.900000000000034,8015.668935879237,8960.0
7582,M22441,M,300.4,311.2,1366,56.1,177,0,0,0,0,0,0,10.800000000000011,8024.94710618284,9929.7
7583,H36996,H,300.4,311.2,1489,45.3,180,0,0,0,0,0,0,10.800000000000011,7063.525506404754,8153.999999999999
7584,L54763,L,300.3,311.1,1480,46.6,185,0,0,0,0,0,0,10.800000000000011,7222.312071092695,8621.0
7585,L54764,L,300.4,311.2,1472,37.3,187,0,0,0,0,0,0,10.800000000000011,5749.7009866979915,6975.099999999999
7586,L54765,L,300.4,311.1,1397,50.8,189,0,0,0,0,0,0,10.700000000000045,7431.709693429965,9601.199999999999
7587,L54766,L,300.4,311.1,1589,35.5,191,0,0,0,0,0,0,10.700000000000045,5907.189026422448,6780.5
7588,L54767,L,300.4,311.1,1405,54.1,193,0,0,0,0,0,0,10.700000000000045,7959.800946522899,10441.300000000001
7589,L54768,L,300.4,311.1,2013,20.1,195,0,0,0,0,0,0,10.700000000000045,4237.09742782309,3919.5000000000005
7590,L54769,L,300.4,311.0,1802,26.0,197,0,0,0,0,0,0,10.600000000000023,4906.329966866299,5122.0
7591,M22450,M,300.4,311.0,1433,46.1,199,0,0,0,0,0,0,10.600000000000023,6917.92315888638,9173.9
7592,M22451,M,300.5,311.1,1296,61.3,202,1,0,0,0,1,0,10.600000000000023,8319.440001530347,12382.599999999999
7593,M22452,M,300.5,311.2,1551,36.6,205,0,0,0,0,0,0,10.699999999999989,5944.584450975679,7503.0
7594,L54773,L,300.5,311.2,1270,67.5,208,1,0,0,0,1,0,10.699999999999989,8977.101007632833,14040.0
7595,L54774,L,300.6,311.3,1531,38.5,0,0,0,0,0,0,0,10.699999999999989,6172.548885895665,0.0
7596,H37009,H,300.5,311.2,1397,45.2,2,0,0,0,0,0,0,10.699999999999989,6612.466105177844,90.4
7597,L54776,L,300.5,311.1,1547,37.2,7,0,0,0,0,0,0,10.600000000000023,6026.454355528228,260.40000000000003
7598,L54777,L,300.5,311.0,2074,18.9,9,0,0,0,0,0,0,10.5,4104.867793033495,170.1
7599,L54778,L,300.5,311.1,1491,42.6,11,0,0,0,0,0,0,10.600000000000023,6651.442798033381,468.6
7600,L54779,L,300.5,311.0,1759,28.3,13,0,0,0,0,0,0,10.5,5212.9179939301275,367.90000000000003
7601,M22460,M,300.4,311.0,1595,35.4,15,0,0,0,0,0,0,10.600000000000023,5912.79153332135,531.0
7602,L54781,L,300.4,311.2,1351,62.0,18,0,0,0,0,0,0,10.800000000000011,8771.536128332942,1116.0
7603,L54782,L,300.4,311.2,1705,28.7,20,0,0,0,0,0,0,10.800000000000011,5124.304137147871,574.0
7604,L54783,L,300.4,311.2,1406,43.6,22,0,0,0,0,0,0,10.800000000000011,6419.488540443335,959.2
7605,L54784,L,300.4,311.3,1639,34.6,24,0,0,0,0,0,0,10.900000000000034,5938.594480982833,830.4000000000001
7606,H37019,H,300.4,311.3,2026,20.3,26,0,0,0,0,0,0,10.900000000000034,4306.893144610343,527.8000000000001
7607,M22466,M,300.4,311.3,1350,56.5,31,0,0,0,0,0,0,10.900000000000034,7987.499321752049,1751.5
7608,M22467,M,300.5,311.3,1468,41.1,34,0,0,0,0,0,0,10.800000000000011,6318.245481193649,1397.4
7609,L54788,L,300.5,311.4,1642,27.1,37,0,0,0,0,0,0,10.899999999999977,4659.840607265644,1002.7
7610,L54789,L,300.5,311.3,1490,41.8,39,0,0,0,0,0,0,10.800000000000011,6522.155788362649,1630.1999999999998
7611,M22470,M,300.5,311.3,1507,43.4,41,0,0,0,0,0,0,10.800000000000011,6849.069919895203,1779.3999999999999
7612,L54791,L,300.5,311.4,1611,32.7,44,0,0,0,0,0,0,10.899999999999977,5516.605283777141,1438.8000000000002
7613,M22472,M,300.5,311.4,1743,27.6,46,0,0,0,0,0,0,10.899999999999977,5037.732315590449,1269.6000000000001
7614,L54793,L,300.5,311.3,1475,46.3,49,0,0,0,0,0,0,10.800000000000011,7151.573876509365,2268.7
7615,L54794,L,300.5,311.4,1432,47.5,51,0,0,0,0,0,0,10.899999999999977,7123.037743239257,2422.5
7616,L54795,L,300.5,311.4,1442,47.0,53,0,0,0,0,0,0,10.899999999999977,7097.276683479821,2491.0
7617,M22476,M,300.6,311.4,1468,40.4,55,0,0,0,0,0,0,10.799999999999955,6210.635460832686,2222.0
7618,L54797,L,300.5,311.4,1556,45.3,58,0,0,0,0,0,0,10.899999999999977,7381.360435168433,2627.3999999999996
7619,M22478,M,300.5,311.4,1312,51.4,60,0,0,0,0,0,0,10.899999999999977,7061.965182053472,3084.0
7620,L54799,L,300.6,311.5,1459,47.0,63,0,0,0,0,0,0,10.899999999999977,7180.947767820429,2961.0
7621,L54800,L,300.5,311.5,1651,36.9,65,0,0,0,0,0,0,11.0,6379.7264494244,2398.5
7622,L54801,L,300.5,311.5,1490,38.4,67,0,0,0,0,0,0,11.0,5991.645508926453,2572.7999999999997
7623,M22482,M,300.6,311.6,1473,31.5,69,0,0,0,0,0,0,11.0,4858.944277674654,2173.5
7624,L54803,L,300.6,311.7,1734,29.9,72,0,0,0,0,0,0,11.099999999999966,5429.363255786951,2152.7999999999997
7625,L54804,L,300.6,311.7,1507,45.5,74,0,0,0,0,0,0,11.099999999999966,7180.476528922391,3367.0
7626,L54805,L,300.6,311.7,1556,34.9,76,0,0,0,0,0,0,11.099999999999966,5686.743469920051,2652.4
7627,H37040,H,300.5,311.6,1351,53.5,78,0,0,0,0,0,0,11.100000000000023,7568.986820416329,4173.0
7628,L54807,L,300.5,311.7,1445,44.8,83,0,0,0,0,0,0,11.199999999999989,6779.138067426294,3718.3999999999996
7629,L54808,L,300.5,311.7,1619,32.7,85,0,0,0,0,0,0,11.199999999999989,5543.999971716444,2779.5000000000005
7630,M22489,M,300.5,311.7,1269,64.0,87,0,0,0,0,0,0,11.199999999999989,8504.919631798288,5568.0
7631,L54810,L,300.5,311.6,1534,37.7,90,0,0,0,0,0,0,11.100000000000023,6056.13193412914,3393.0000000000005
7632,L54811,L,300.5,311.6,1444,49.3,92,0,0,0,0,0,0,11.100000000000023,7454.915591164483,4535.599999999999
7633,L54812,L,300.5,311.6,1744,26.8,94,0,0,0,0,0,0,11.100000000000023,4894.517578488802,2519.2000000000003
7634,L54813,L,300.4,311.5,1441,44.6,96,0,0,0,0,0,0,11.100000000000023,6730.192053883366,4281.6
7635,M22494,M,300.3,311.3,1506,40.7,98,0,0,0,0,0,0,11.0,6418.71361425545,3988.6000000000004
7636,L54815,L,300.3,311.4,1526,38.5,101,0,0,0,0,0,0,11.099999999999966,6152.390333035131,3888.5
7637,L54816,L,300.4,311.5,1704,29.7,103,0,0,0,0,0,0,11.100000000000023,5299.741142899837,3059.1
7638,H37051,H,300.4,311.4,1445,52.4,105,0,0,0,0,0,0,11.0,7929.170418150398,5502.0
7639,L54818,L,300.5,311.5,1661,35.9,110,0,0,0,0,0,0,11.0,6244.428525809799,3949.0
7640,L54819,L,300.5,311.4,1466,41.8,112,0,0,0,0,0,0,10.899999999999977,6417.100930026606,4681.599999999999
7641,L54820,L,300.4,311.3,1608,35.1,114,0,0,0,0,0,0,10.900000000000034,5910.466754757693,4001.4
7642,M22501,M,300.4,311.4,1352,57.3,116,0,0,0,0,0,0,11.0,8112.597541217993,6646.799999999999
7643,M22502,M,300.4,311.4,1604,31.7,119,0,0,0,0,0,0,11.0,5324.664444618315,3772.2999999999997
7644,H37057,H,300.4,311.4,1427,50.7,122,0,0,0,0,0,0,11.0,7576.359091176753,6185.400000000001
7645,L54824,L,300.4,311.4,1424,44.6,127,0,0,0,0,0,0,11.0,6650.79353555164,5664.2
7646,L54825,L,300.4,311.4,1662,29.3,129,0,0,0,0,0,0,11.0,5099.496027160024,3779.7000000000003
7647,L54826,L,300.4,311.4,1936,23.9,131,0,0,0,0,0,0,11.0,4845.424957288705,3130.8999999999996
7648,L54827,L,300.4,311.4,1728,31.7,133,0,0,0,0,0,0,11.0,5736.296858042675,4216.099999999999
7649,L54828,L,300.4,311.4,1552,28.8,135,0,0,0,0,0,0,11.0,4680.7217264365045,3888.0
7650,H37063,H,300.4,311.5,1662,29.0,137,0,0,0,0,0,0,11.100000000000023,5047.2827572573615,3973.0
7651,L54830,L,300.3,311.4,1343,57.7,142,0,0,0,0,0,0,11.099999999999966,8114.8490159530675,8193.4
7652,M22511,M,300.4,311.5,1476,32.6,144,0,0,0,0,0,0,11.100000000000023,5038.86328894574,4694.400000000001
7653,L54832,L,300.3,311.4,1346,51.1,147,0,0,0,0,0,0,11.099999999999966,7202.687588983271,7511.7
7654,L54833,L,300.4,311.5,1492,44.6,149,0,0,0,0,0,0,11.100000000000023,6968.387608878544,6645.400000000001
7655,M22514,M,300.3,311.5,1540,41.5,151,0,0,0,0,0,0,11.199999999999989,6692.639549697456,6266.5
7656,L54835,L,300.4,311.5,1596,32.5,154,0,0,0,0,0,0,11.100000000000023,5431.813698056752,5005.0
7657,L54836,L,300.5,311.6,1541,47.8,156,0,0,0,0,0,0,11.100000000000023,7713.636218163113,7456.799999999999
7658,L54837,L,300.5,311.6,1661,30.0,158,0,0,0,0,0,0,11.100000000000023,5218.185397612646,4740.0
7659,M22518,M,300.4,311.6,1359,55.4,160,0,0,0,0,0,0,11.200000000000045,7884.203755302015,8864.0
7660,L54839,L,300.5,311.6,1528,42.4,163,0,0,0,0,0,0,11.100000000000023,6784.499718888421,6911.2
7661,M22520,M,300.5,311.6,1246,52.9,165,0,0,0,0,0,0,11.100000000000023,6902.435107104181,8728.5
7662,L54841,L,300.5,311.6,1575,32.5,168,0,0,0,0,0,0,11.100000000000023,5360.342465187584,5460.0
7663,M22522,M,300.5,311.6,1658,30.4,170,0,0,0,0,0,0,11.100000000000023,5278.210761247235,5168.0
7664,L54843,L,300.5,311.6,1385,54.8,173,0,0,0,0,0,0,11.100000000000023,7948.019974071937,9480.4
7665,H37078,H,300.5,311.7,1454,50.3,175,0,0,0,0,0,0,11.199999999999989,7658.80495438246,8802.5
7666,L54845,L,300.5,311.6,1497,40.5,180,0,0,0,0,0,0,11.100000000000023,6349.0016732722925,7290.0
7667,M22526,M,300.6,311.7,1424,50.8,182,0,0,0,0,0,0,11.099999999999966,7575.343309552091,9245.6
7668,L54847,L,300.6,311.7,1528,43.9,185,0,0,0,0,0,0,11.099999999999966,7024.517397622681,8121.5
7669,L54848,L,300.6,311.8,1539,37.0,187,0,0,0,0,0,0,11.199999999999989,5963.057015778786,6919.0
7670,L54849,L,300.7,311.8,1336,58.4,189,1,0,0,0,1,0,11.100000000000023,8170.486621848141,11037.6
7671,L54850,L,300.5,311.6,1525,37.6,191,0,0,0,0,0,0,11.100000000000023,6004.630758561291,7181.6
7672,M22531,M,300.5,311.6,1456,51.1,193,0,0,0,0,0,0,11.100000000000023,7791.317332510878,9862.300000000001
7673,M22532,M,300.5,311.7,2141,17.2,196,0,0,0,0,0,0,11.199999999999989,3856.3259262324946,3371.2
7674,M22533,M,300.5,311.6,1476,39.1,199,0,0,0,0,0,0,11.100000000000023,6043.544619563756,7780.900000000001
7675,L54854,L,300.5,311.6,1509,47.2,202,0,0,0,0,0,0,11.100000000000023,7458.643614446743,9534.400000000001
7676,L54855,L,300.5,311.6,1447,45.4,204,0,0,0,0,0,0,11.100000000000023,6879.4386488799055,9261.6
7677,L54856,L,300.6,311.7,1448,49.1,206,0,0,0,0,0,0,11.099999999999966,7445.239485791427,10114.6
7678,L54857,L,300.6,311.7,1428,52.6,208,0,0,0,0,0,0,11.099999999999966,7865.79402235198,10940.800000000001
7679,M22538,M,300.6,311.7,1389,52.1,210,0,0,0,0,0,0,11.099999999999966,7578.2440467689075,10941.0
7680,L54859,L,300.7,311.7,1635,32.4,213,0,0,0,0,0,0,11.0,5547.424307708857,6901.2
7681,L54860,L,300.7,311.7,1395,43.7,215,0,0,0,0,0,0,11.0,6383.873351727139,9395.5
7682,L54861,L,300.7,311.8,1443,43.7,217,0,0,0,0,0,0,11.100000000000023,6603.533510066138,9482.900000000001
7683,M22542,M,300.7,311.7,1412,49.1,219,0,0,0,0,0,0,11.0,7260.136846641915,10752.9
7684,L54863,L,300.7,311.7,1524,43.5,222,0,0,0,0,0,0,11.0,6942.291445902724,9657.0
7685,M22544,M,300.7,311.8,1407,42.4,224,0,0,0,0,0,0,11.100000000000023,6247.245487222518,9497.6
7686,L54865,L,300.8,311.7,1397,43.5,227,0,0,0,0,0,0,10.899999999999977,6363.767158744165,9874.5
7687,M22546,M,300.7,311.7,1504,36.9,229,0,0,0,0,0,0,11.0,5811.69508172883,8450.1
7688,M22547,M,300.7,311.7,2097,18.9,232,1,1,0,0,0,0,11.0,4150.389470584011,4384.799999999999
7689,L54868,L,300.6,311.7,1553,39.8,0,0,0,0,0,0,0,11.099999999999966,6472.665232093098,0.0
7690,L54869,L,300.6,311.7,1432,39.2,2,0,0,0,0,0,0,11.099999999999966,5878.38062178903,78.4
7691,M22550,M,300.5,311.6,1577,36.5,4,0,0,0,0,0,0,11.100000000000023,6027.721464565176,146.0
7692,M22551,M,300.5,311.5,1370,56.1,7,0,0,0,0,0,0,11.0,8048.4462192316905,392.7
7693,H37106,H,300.5,311.6,1506,36.2,10,0,0,0,0,0,0,11.100000000000023,5709.027833809516,362.0
7694,L54873,L,300.6,311.6,1964,21.4,15,0,0,0,0,0,0,11.0,4401.329419777252,321.0
7695,H37108,H,300.6,311.7,1500,36.7,17,0,0,0,0,0,0,11.099999999999966,5764.822519337271,623.9000000000001
7696,L54875,L,300.6,311.7,1488,47.7,22,0,0,0,0,0,0,11.099999999999966,7432.756890981163,1049.4
7697,H37110,H,300.6,311.5,1282,60.2,24,0,0,0,0,0,0,10.899999999999977,8081.893709016911,1444.8000000000002
7698,L54877,L,300.5,311.4,1400,45.1,29,0,0,0,0,0,0,10.899999999999977,6612.005338255318,1307.9
7699,L54878,L,300.6,311.5,1419,38.6,31,0,0,0,0,0,0,10.899999999999977,5735.8570350711725,1196.6000000000001
7700,M22559,M,300.7,311.5,1441,40.6,33,0,0,0,0,0,0,10.800000000000011,6126.587385373647,1339.8
7701,M22560,M,300.7,311.6,1348,62.5,36,0,0,0,0,0,0,10.900000000000034,8822.639368831335,2250.0
7702,H37115,H,300.8,311.7,1468,38.7,39,0,0,0,0,0,0,10.899999999999977,5949.296839956063,1509.3000000000002
7703,M22562,M,300.7,311.7,1701,30.8,44,0,0,0,0,0,0,11.0,5486.351746523072,1355.2
7704,H37117,H,300.7,311.7,1864,23.6,47,0,0,0,0,0,0,11.0,4606.663915615881,1109.2
7705,M22564,M,300.6,311.6,1630,31.8,52,0,0,0,0,0,0,11.0,5428.043786872444,1653.6000000000001
7706,L54885,L,300.5,311.5,1316,49.7,55,0,0,0,0,0,0,11.0,6849.216527552371,2733.5
7707,L54886,L,300.5,311.5,1708,31.2,57,0,0,0,0,0,0,11.0,5580.473862424621,1778.3999999999999
7708,H37121,H,300.5,311.4,1679,27.5,59,0,0,0,0,0,0,10.899999999999977,4835.17289326249,1622.5
7709,L54888,L,300.5,311.4,1709,32.3,64,0,0,0,0,0,0,10.899999999999977,5780.603786433802,2067.2
7710,L54889,L,300.5,311.4,1445,41.5,66,0,0,0,0,0,0,10.899999999999977,6279.781915138197,2739.0
7711,M22570,M,300.5,311.4,1390,51.9,68,0,0,0,0,0,0,10.899999999999977,7554.5878540873755,3529.2
7712,L54891,L,300.4,311.4,1309,55.5,71,0,0,0,0,0,0,11.0,7607.8378495657225,3940.5
7713,L54892,L,300.5,311.5,1499,37.6,73,0,0,0,0,0,0,11.0,5902.256725956312,2744.8
7714,M22573,M,300.5,311.4,2072,18.8,75,0,0,0,0,0,0,10.899999999999977,4079.2114530291783,1410.0
7715,L54894,L,300.5,311.5,1487,43.0,78,0,0,0,0,0,0,11.0,6695.885862106165,3354.0
7716,L54895,L,300.5,311.5,1302,49.6,80,0,0,0,0,0,0,11.0,6762.718009823532,3968.0
7717,M22576,M,300.5,311.5,1378,48.2,82,0,0,0,0,0,0,11.0,6955.444247145754,3952.4
7718,L54897,L,300.5,311.6,1365,53.0,85,0,0,0,0,0,0,11.100000000000023,7575.950684131786,4505.0
7719,H37132,H,300.6,311.7,1427,44.6,87,0,0,0,0,0,0,11.099999999999966,6664.805038786651,3880.2000000000003
7720,H37133,H,300.6,311.7,1535,33.3,92,0,0,0,0,0,0,11.099999999999966,5352.802642818968,3063.6
7721,H37134,H,300.5,311.6,1476,41.7,97,0,0,0,0,0,0,11.100000000000023,6445.417151810963,4044.9
7722,L54901,L,300.5,311.6,1425,42.4,102,0,0,0,0,0,0,11.100000000000023,6327.167604329843,4324.8
7723,L54902,L,300.5,311.7,1409,54.7,104,0,0,0,0,0,0,11.199999999999989,8070.992382508954,5688.8
7724,L54903,L,300.5,311.6,1730,30.2,106,0,0,0,0,0,0,11.100000000000023,5471.188325981744,3201.2
7725,M22584,M,300.5,311.6,1454,41.4,108,0,0,0,0,0,0,11.100000000000023,6303.6684912809915,4471.2
7726,L54905,L,300.6,311.7,1744,26.9,111,0,0,0,0,0,0,11.099999999999966,4912.78070378167,2985.8999999999996
7727,M22586,M,300.8,311.9,1761,29.0,113,0,0,0,0,0,0,11.099999999999966,5347.933174205905,3277.0
7728,M22587,M,300.7,311.9,1657,30.9,116,0,0,0,0,0,0,11.199999999999989,5361.787597808235,3584.3999999999996
7729,L54908,L,300.7,311.8,1420,47.0,119,0,0,0,0,0,0,11.100000000000023,6988.996456686093,5593.0
7730,H37143,H,300.7,311.9,1329,59.2,121,0,0,0,0,0,0,11.199999999999989,8239.015229598448,7163.200000000001
7731,L54910,L,300.6,311.9,1472,44.2,126,0,0,0,0,0,0,11.299999999999955,6813.318595497351,5569.200000000001
7732,L54911,L,300.6,312.0,1566,30.1,128,0,0,0,0,0,0,11.399999999999977,4936.133209173355,3852.8
7733,L54912,L,300.6,312.0,1430,42.7,130,0,0,0,0,0,0,11.399999999999977,6394.292967361545,5551.0
7734,L54913,L,300.6,312.0,1481,40.9,132,0,0,0,0,0,0,11.399999999999977,6343.179254887639,5398.8
7735,L54914,L,300.6,312.0,1670,29.4,134,0,0,0,0,0,0,11.399999999999977,5141.530536865055,3939.6
7736,L54915,L,300.6,312.0,1406,55.1,136,0,0,0,0,0,0,11.399999999999977,8112.702260973115,7493.6
7737,H37150,H,300.6,312.1,1354,46.9,138,0,0,0,0,0,0,11.5,6649.976721461706,6472.2
7738,M22597,M,300.5,312.0,1985,19.3,143,0,0,0,0,0,0,11.5,4011.8661785117256,2759.9
7739,M22598,M,300.5,312.0,1263,60.8,146,0,0,0,0,0,0,11.5,8041.47188354072,8876.8
7740,L54919,L,300.5,311.9,1576,31.1,149,0,0,0,0,0,0,11.399999999999977,5132.692189532957,4633.900000000001
7741,L54920,L,300.5,312.0,1453,45.1,151,0,0,0,0,0,0,11.5,6862.31696891784,6810.1
7742,L54921,L,300.5,312.0,1478,39.0,153,0,0,0,0,0,0,11.5,6036.256124607428,5967.0
7743,M22602,M,300.5,311.9,1323,57.9,155,0,0,0,0,0,0,11.399999999999977,8021.711265749641,8974.5
7744,L54923,L,300.5,311.9,1710,28.4,158,0,0,0,0,0,0,11.399999999999977,5085.610187631157,4487.2
7745,L54924,L,300.4,311.7,1314,59.5,160,0,0,0,0,0,0,11.300000000000011,8187.30461452036,9520.0
7746,L54925,L,300.4,311.7,1460,39.6,162,0,0,0,0,0,0,11.300000000000011,6054.477361998249,6415.2
7747,M22606,M,300.4,311.7,1508,45.4,164,0,0,0,0,0,0,11.300000000000011,7169.44953870829,7445.599999999999
7748,M22607,M,300.5,311.8,1331,55.3,167,0,0,0,0,0,0,11.300000000000011,7707.824271753973,9235.1
7749,L54928,L,300.4,311.7,1515,47.4,170,0,0,0,0,0,0,11.300000000000011,7520.030334897888,8058.0
7750,L54929,L,300.4,311.6,1674,33.0,172,0,0,0,0,0,0,11.200000000000045,5784.928712320245,5676.0
7751,L54930,L,300.4,311.7,1444,51.2,174,0,0,0,0,0,0,11.300000000000011,7742.2247113107815,8908.800000000001
7752,M22611,M,300.4,311.7,1398,42.6,176,0,0,0,0,0,0,11.300000000000011,6236.564072200314,7497.6
7753,M22612,M,300.4,311.7,1832,24.2,179,0,0,0,0,0,0,11.300000000000011,4642.687511377044,4331.8
7754,M22613,M,300.5,311.8,1591,42.0,182,0,0,0,0,0,0,11.300000000000011,6997.583476605905,7644.0
7755,M22614,M,300.4,311.7,1478,39.9,185,0,0,0,0,0,0,11.300000000000011,6175.554342867599,7381.5
7756,M22615,M,300.4,311.8,1362,47.6,188,0,0,0,0,0,0,11.400000000000034,6789.107388113686,8948.800000000001
7757,L54936,L,300.5,311.8,1368,57.9,191,1,0,0,0,1,0,11.300000000000011,8294.558587713915,11058.9
7758,M22617,M,300.3,311.7,1723,28.3,193,0,0,0,0,0,0,11.399999999999977,5106.2295074142185,5461.900000000001
7759,L54938,L,300.4,311.8,1689,30.8,196,0,0,0,0,0,0,11.400000000000034,5447.647325030845,6036.8
7760,L54939,L,300.4,311.8,1272,59.2,198,1,0,0,0,1,0,11.400000000000034,7885.648887922668,11721.6
7761,M22620,M,300.4,311.7,1511,33.0,200,0,0,0,0,0,0,11.300000000000011,5221.641149531595,6600.0
7762,H37175,H,300.4,311.6,1715,30.8,203,0,0,0,0,0,0,11.200000000000045,5531.5069049306685,6252.400000000001
7763,M22622,M,300.3,311.5,1400,43.8,0,0,0,0,0,0,0,11.199999999999989,6421.415383937536,0.0
7764,L54943,L,300.4,311.6,1200,76.6,3,1,0,0,1,0,0,11.200000000000045,9625.839890599125,229.79999999999998
7765,M22624,M,300.4,311.7,1555,38.7,5,0,0,0,0,0,0,11.300000000000011,6301.877783468446,193.5
7766,H37179,H,300.3,311.6,1427,56.2,8,0,0,0,0,0,0,11.300000000000011,8398.252089233403,449.6
7767,L54946,L,300.3,311.4,1318,52.7,13,0,0,0,0,0,0,11.099999999999966,7273.687582954401,685.1
7768,H37181,H,300.2,311.4,1319,54.6,15,0,0,0,0,0,0,11.199999999999989,7541.644492354586,819.0
7769,M22628,M,300.2,311.4,1960,20.9,20,0,0,0,0,0,0,11.199999999999989,4289.740048721743,418.0
7770,L54949,L,300.3,311.5,1552,38.9,23,0,0,0,0,0,0,11.199999999999989,6322.224831888195,894.6999999999999
7771,L54950,L,300.3,311.5,1548,32.2,25,0,0,0,0,0,0,11.199999999999989,5219.8190257925135,805.0000000000001
7772,L54951,L,300.3,311.6,1709,29.5,27,0,0,0,0,0,0,11.300000000000011,5279.498814235207,796.5
7773,H37186,H,300.3,311.5,1464,41.0,29,0,0,0,0,0,0,11.199999999999989,6285.698581302458,1189.0
7774,L54953,L,300.3,311.4,1759,24.8,34,0,0,0,0,0,0,11.099999999999966,4568.210821535942,843.2
7775,L54954,L,300.3,311.5,1634,31.9,36,0,0,0,0,0,0,11.199999999999989,5458.475347710218,1148.3999999999999
7776,L54955,L,300.3,311.5,1663,33.6,38,0,0,0,0,0,0,11.199999999999989,5851.404812870205,1276.8
7777,M22636,M,300.3,311.5,1445,47.3,40,0,0,0,0,0,0,11.199999999999989,7157.438182796065,1892.0
7778,L54957,L,300.3,311.5,1695,25.6,43,0,0,0,0,0,0,11.199999999999989,4543.999614152277,1100.8
7779,L54958,L,300.4,311.6,1517,39.0,45,0,0,0,0,0,0,11.200000000000045,6195.534872144431,1755.0
7780,L54959,L,300.5,311.7,1811,26.8,47,0,0,0,0,0,0,11.199999999999989,5082.552370781663,1259.6000000000001
7781,L54960,L,300.4,311.6,1815,23.5,49,0,0,0,0,0,0,11.200000000000045,4466.559355241288,1151.5
7782,L54961,L,300.4,311.7,1513,40.0,51,0,0,0,0,0,0,11.300000000000011,6337.639579841809,2040.0
7783,M22642,M,300.4,311.6,1518,36.4,53,0,0,0,0,0,0,11.200000000000045,5786.311013087824,1929.1999999999998
7784,L54963,L,300.3,311.5,1667,28.8,56,0,0,0,0,0,0,11.199999999999989,5027.5535553928175,1612.8
7785,L54964,L,300.3,311.5,1403,60.1,58,0,0,0,0,0,0,11.199999999999989,8830.001167616248,3485.8
7786,L54965,L,300.2,311.5,1383,42.1,60,0,0,0,0,0,0,11.300000000000011,6097.234438013606,2526.0
7787,L54966,L,300.3,311.5,1466,46.2,62,0,0,0,0,0,0,11.199999999999989,7092.58523845046,2864.4
7788,L54967,L,300.3,311.5,1378,47.5,64,0,0,0,0,0,0,11.199999999999989,6854.43157135733,3040.0
7789,M22648,M,300.2,311.5,1547,40.9,66,0,0,0,0,0,0,11.300000000000011,6625.859761857648,2699.4
7790,L54969,L,300.2,311.5,1495,38.5,69,0,0,0,0,0,0,11.300000000000011,6027.407305299817,2656.5
7791,L54970,L,300.1,311.4,1729,29.3,71,0,0,0,0,0,0,11.299999999999955,5305.071378435428,2080.3
7792,L54971,L,300.1,311.4,1418,47.7,73,0,0,0,0,0,0,11.299999999999955,7083.097628636619,3482.1000000000004
7793,H37206,H,300.1,311.4,1485,40.4,75,0,0,0,0,0,0,11.299999999999955,6282.556988648868,3030.0
7794,L54973,L,300.1,311.5,1434,40.8,80,0,0,0,0,0,0,11.399999999999977,6126.859656736958,3264.0
7795,M22654,M,300.2,311.6,1415,55.8,82,0,0,0,0,0,0,11.400000000000034,8268.357704982976,4575.599999999999
7796,H37209,H,300.1,311.6,1674,29.6,85,0,0,0,0,0,0,11.5,5188.905754081189,2516.0
7797,L54976,L,300.1,311.5,1454,52.4,90,0,0,0,0,0,0,11.399999999999977,7978.556254664829,4716.0
7798,L54977,L,300.0,311.4,1476,39.0,92,0,0,0,0,0,0,11.399999999999977,6028.087983708095,3588.0
7799,L54978,L,300.0,311.5,1812,28.3,94,0,0,0,0,0,0,11.5,5369.987154634105,2660.2000000000003
7800,L54979,L,300.0,311.4,1374,41.9,96,0,0,0,0,0,0,11.399999999999977,6028.779134091885,4022.3999999999996
7801,M22660,M,300.1,311.4,1524,40.6,98,0,0,0,0,0,0,11.299999999999955,6479.472016175876,3978.8
7802,L54981,L,300.0,311.4,1383,49.6,101,0,0,0,0,0,0,11.399999999999977,7183.4400979922775,5009.6
7803,L54982,L,299.9,311.3,1429,58.2,103,0,0,0,0,0,0,11.400000000000034,8709.31164984084,5994.6
7804,M22663,M,299.8,311.3,1517,41.2,105,0,0,0,0,0,0,11.5,6545.026582880783,4326.0
7805,M22664,M,299.9,311.4,1480,44.9,108,0,0,0,0,0,0,11.5,6958.837167211631,4849.2
7806,L54985,L,299.9,311.4,1706,28.8,111,0,0,0,0,0,0,11.5,5145.1747843432195,3196.8
7807,L54986,L,300.0,311.5,1349,48.6,113,0,0,0,0,0,0,11.5,6865.573753302063,5491.8
7808,M22667,M,300.0,311.5,1451,49.0,115,0,0,0,0,0,0,11.5,7445.46986925269,5635.0
7809,L54988,L,299.9,311.4,1627,36.7,118,0,0,0,0,0,0,11.5,6252.910825974493,4330.6
7810,M22669,M,300.0,311.4,1537,35.4,120,0,0,0,0,0,0,11.399999999999977,5697.780932109664,4248.0
7811,L54990,L,300.1,311.5,2218,17.0,123,0,0,0,0,0,0,11.399999999999977,3948.563086541891,2091.0
7812,M22671,M,300.0,311.4,1466,39.0,125,0,0,0,0,0,0,11.399999999999977,5987.247279211428,4875.0
7813,L54992,L,300.0,311.5,1666,32.0,128,0,0,0,0,0,0,11.5,5582.819584939301,4096.0
7814,L54993,L,300.0,311.5,1455,41.7,130,0,0,0,0,0,0,11.5,6353.714062252678,5421.0
7815,L54994,L,300.0,311.4,1927,24.6,132,0,0,0,0,0,0,11.399999999999977,4964.156215643376,3247.2000000000003
7816,M22675,M,299.9,311.3,1703,28.4,134,0,0,0,0,0,0,11.400000000000034,5064.791900313368,3805.6
7817,L54996,L,299.8,311.2,1533,35.9,137,0,0,0,0,0,0,11.399999999999977,5763.220307083939,4918.3
7818,H37231,H,299.8,311.3,1785,25.4,139,0,0,0,0,0,0,11.5,4747.888977370254,3530.6
7819,L54998,L,299.8,311.2,2142,16.6,144,0,0,0,0,0,0,11.399999999999977,3723.5412767407665,2390.4
7820,L54999,L,299.8,311.2,1369,46.2,146,0,0,0,0,0,0,11.399999999999977,6623.294127857217,6745.200000000001
7821,M22680,M,299.8,311.2,1706,29.2,148,0,0,0,0,0,0,11.399999999999977,5216.635545236875,4321.599999999999
7822,L55001,L,299.9,311.3,1802,24.4,151,0,0,0,0,0,0,11.400000000000034,4604.401968905296,3684.3999999999996
7823,H37236,H,299.9,311.3,1413,41.8,153,0,0,0,0,0,0,11.400000000000034,6185.104784534512,6395.4
7824,L55003,L,300.0,311.3,1484,53.2,158,0,0,0,0,0,0,11.300000000000011,8267.499002990995,8405.6
7825,L55004,L,299.9,311.3,1535,38.1,160,0,0,0,0,0,0,11.400000000000034,6124.377798540622,6096.0
7826,M22685,M,299.9,311.2,1579,35.5,162,0,0,0,0,0,0,11.300000000000011,5870.013513354968,5751.0
7827,L55006,L,299.8,311.1,1300,64.2,165,0,0,0,0,0,0,11.300000000000011,8739.910762286803,10593.0
7828,M22687,M,299.8,311.1,1452,44.3,167,0,0,0,0,0,0,11.300000000000011,6735.951640414947,7398.099999999999
7829,M22688,M,299.8,311.1,1562,35.7,170,0,0,0,0,0,0,11.300000000000011,5839.529592639636,6069.000000000001
7830,L55009,L,299.8,311.2,1664,28.3,173,0,0,0,0,0,0,11.399999999999977,4931.378932290922,4895.900000000001
7831,H37244,H,299.9,311.2,1495,35.8,175,0,0,0,0,0,0,11.300000000000011,5604.70601375931,6264.999999999999
7832,M22691,M,300.0,311.4,1533,42.6,180,0,0,0,0,0,0,11.399999999999977,6838.807383893477,7668.0
7833,L55012,L,300.0,311.4,1484,37.0,183,0,0,0,0,0,0,11.399999999999977,5749.952314110278,6771.0
7834,L55013,L,300.0,311.4,1604,38.7,185,0,0,0,0,0,0,11.399999999999977,6500.457855101857,7159.500000000001
7835,L55014,L,300.0,311.4,1483,45.6,187,0,0,0,0,0,0,11.399999999999977,7081.652496015968,8527.2
7836,L55015,L,300.1,311.5,1549,34.7,189,0,0,0,0,0,0,11.399999999999977,5628.718253608248,6558.3
7837,L55016,L,300.1,311.4,1604,35.0,191,0,0,0,0,0,0,11.299999999999955,5878.967052417699,6685.0
7838,L55017,L,300.2,311.5,1685,31.0,193,0,0,0,0,0,0,11.300000000000011,5470.036408675428,5983.0
7839,L55018,L,300.2,311.6,1372,49.2,195,0,0,0,0,0,0,11.400000000000034,7068.834797989322,9594.0
7840,L55019,L,300.3,311.6,1374,47.4,197,0,0,0,0,0,0,11.300000000000011,6820.146323531153,9337.8
7841,L55020,L,300.2,311.6,1606,31.0,199,0,0,0,0,0,0,11.400000000000034,5213.577728387381,6169.0
7842,L55021,L,300.1,311.5,1471,47.2,201,0,0,0,0,0,0,11.399999999999977,7270.818261664121,9487.2
7843,L55022,L,300.1,311.5,1659,31.1,203,0,0,0,0,0,0,11.399999999999977,5403.005293423334,6313.3
7844,M22703,M,300.1,311.7,1400,48.5,205,0,0,0,0,0,0,11.599999999999966,7110.471372624898,9942.5
7845,L55024,L,300.1,311.7,1503,42.6,208,0,0,0,0,0,0,11.599999999999966,6704.975536850552,8860.800000000001
7846,L55025,L,300.2,311.8,1798,23.2,210,0,0,0,0,0,0,11.600000000000023,4368.23797715944,4872.0
7847,M22706,M,300.2,311.6,1608,35.0,212,0,0,0,0,0,0,11.400000000000034,5893.627818134451,7420.0
7848,L55027,L,300.2,311.6,1322,50.9,215,0,0,0,0,0,0,11.400000000000034,7046.571378050882,10943.5
7849,H37262,H,300.2,311.6,1547,37.7,217,0,0,0,0,0,0,11.400000000000034,6107.455086113285,8180.900000000001
7850,M22709,M,300.3,311.7,1374,47.9,222,1,1,0,0,0,0,11.399999999999977,6892.0887952983585,10633.8
7851,M22710,M,300.3,311.7,1447,36.8,0,0,0,0,0,0,0,11.399999999999977,5576.285072219835,0.0
7852,L55031,L,300.4,311.7,1373,47.2,3,0,0,0,0,0,0,11.300000000000011,6786.426562382623,141.60000000000002
7853,L55032,L,300.3,311.7,1515,37.5,5,0,0,0,0,0,0,11.399999999999977,5949.39108773567,187.5
7854,L55033,L,300.3,311.7,1317,56.5,7,0,0,0,0,0,0,11.399999999999977,7792.249338331443,395.5
7855,L55034,L,300.3,311.8,1551,37.2,9,0,0,0,0,0,0,11.5,6042.0366550900335,334.8
7856,M22715,M,300.3,311.8,1592,32.1,11,0,0,0,0,0,0,11.5,5351.5145898309975,353.1
7857,L55036,L,300.4,311.8,1433,42.2,14,0,0,0,0,0,0,11.400000000000034,6332.675863449138,590.8000000000001
7858,L55037,L,300.5,311.9,1432,43.1,16,0,0,0,0,0,0,11.399999999999977,6463.219510181306,689.6
7859,L55038,L,300.5,311.9,1350,51.7,18,0,0,0,0,0,0,11.399999999999977,7308.915308576653,930.6
7860,M22719,M,300.5,311.9,1370,44.8,20,0,0,0,0,0,0,11.399999999999977,6427.279690224237,896.0
7861,L55040,L,300.5,312.0,1415,44.6,23,0,0,0,0,0,0,11.5,6608.759025846608,1025.8
7862,L55041,L,300.5,312.0,1498,42.9,25,0,0,0,0,0,0,11.5,6729.731286960839,1072.5
7863,M22722,M,300.5,312.0,1382,54.1,27,0,0,0,0,0,0,11.5,7829.498155227506,1460.7
7864,M22723,M,300.5,311.9,1511,44.5,30,0,0,0,0,0,0,11.399999999999977,7041.303974368363,1335.0
7865,L55044,L,300.5,311.9,1330,59.5,33,0,0,0,0,0,0,11.399999999999977,8286.997821394276,1963.5
7866,L55045,L,300.5,311.9,1383,50.5,35,0,0,0,0,0,0,11.399999999999977,7313.784777189718,1767.5
7867,L55046,L,300.5,311.9,1431,49.4,37,0,0,0,0,0,0,11.399999999999977,7402.786097065916,1827.8
7868,L55047,L,300.5,312.0,1461,38.1,39,0,0,0,0,0,0,11.5,5829.130920956253,1485.9
7869,H37282,H,300.4,311.9,1438,46.7,41,0,0,0,0,0,1,11.5,7032.413267158704,1914.7
7870,M22729,M,300.5,312.0,1779,27.7,46,0,0,0,0,0,0,11.5,5160.4115087131295,1274.2
7871,M22730,M,300.6,312.1,1293,52.3,49,0,0,0,0,0,0,11.5,7081.55824823636,2562.7
7872,L55051,L,300.6,312.2,1308,54.7,52,0,0,0,0,0,0,11.599999999999966,7492.447151399369,2844.4
7873,L55052,L,300.6,312.3,1532,37.2,54,0,0,0,0,0,0,11.699999999999989,5968.020732171458,2008.8000000000002
7874,L55053,L,300.7,312.4,1470,38.6,56,0,0,0,0,0,0,11.699999999999989,5942.008344999735,2161.6
7875,L55054,L,300.7,312.3,1548,37.9,58,0,0,0,0,0,0,11.600000000000023,6143.824257066342,2198.2
7876,L55055,L,300.7,312.3,1898,24.0,60,0,0,0,0,0,0,11.600000000000023,4770.194285210741,1440.0
7877,H37290,H,300.7,312.2,1335,49.0,62,0,0,0,0,0,0,11.5,6850.242781152544,3038.0
7878,L55057,L,300.7,312.3,1420,53.8,67,0,0,0,0,0,0,11.600000000000023,8000.170412121527,3604.6
7879,L55058,L,300.7,312.3,1418,49.0,69,0,0,0,0,0,0,11.600000000000023,7276.1380252242,3381.0
7880,M22739,M,300.8,312.3,1535,40.3,71,0,0,0,0,0,0,11.5,6478.016411579712,2861.2999999999997
7881,H37294,H,300.7,312.4,1457,47.2,74,0,0,0,0,0,0,11.699999999999989,7201.619447481051,3492.8
7882,L55061,L,300.8,312.4,1493,39.1,79,0,0,0,0,0,0,11.599999999999966,6113.151840791795,3088.9
7883,H37296,H,300.7,312.3,1670,27.3,81,0,0,0,0,0,0,11.600000000000023,4774.278355660408,2211.3
7884,H37297,H,300.7,312.3,1446,45.4,86,0,0,0,0,0,0,11.600000000000023,6874.684371997471,3904.4
7885,L55064,L,300.8,312.4,1465,59.1,91,1,0,0,1,0,0,11.599999999999966,9066.793477892823,5378.1
7886,L55065,L,300.7,312.3,1590,36.3,93,0,0,0,0,0,0,11.600000000000023,6044.110106241402,3375.8999999999996
7887,M22746,M,300.6,312.2,2174,18.5,95,0,0,0,0,0,0,11.599999999999966,4211.723831157597,1757.5
7888,L55067,L,300.7,312.4,1590,37.9,98,0,0,0,0,0,0,11.699999999999989,6310.5171632658175,3714.2
7889,L55068,L,300.7,312.3,1577,33.2,100,0,0,0,0,0,0,11.600000000000023,5482.7493869469545,3320.0000000000005
7890,M22749,M,300.7,312.4,1371,61.7,102,0,0,0,0,0,0,11.699999999999989,8858.317389400603,6293.400000000001
7891,L55070,L,300.8,312.4,1767,25.6,105,0,0,0,0,0,0,11.599999999999966,4737.019066788834,2688.0
7892,L55071,L,300.8,312.5,1517,39.2,107,0,0,0,0,0,0,11.699999999999989,6227.3068458477355,4194.400000000001
7893,M22752,M,300.9,312.6,1555,40.6,109,0,0,0,0,0,0,11.700000000000045,6611.27229996948,4425.400000000001
7894,L55073,L,300.9,312.7,1416,43.8,112,0,0,0,0,0,0,11.800000000000011,6494.802988325394,4905.599999999999
7895,M22754,M,300.8,312.6,1588,35.6,114,0,0,0,0,0,0,11.800000000000011,5920.100972228702,4058.4
7896,L55075,L,300.8,312.6,1422,50.0,117,0,0,0,0,0,0,11.800000000000011,7445.57458900781,5850.0
7897,L55076,L,300.8,312.6,1376,53.6,119,0,0,0,0,0,0,11.800000000000011,7723.458931193339,6378.400000000001
7898,L55077,L,300.8,312.5,1434,50.7,121,0,0,0,0,0,0,11.699999999999989,7613.52413226872,6134.700000000001
7899,L55078,L,300.8,312.5,1423,47.3,123,0,0,0,0,0,0,11.699999999999989,7048.466805618547,5817.9
7900,L55079,L,300.9,312.4,1364,52.5,125,0,0,0,0,0,0,11.5,7498.981664118835,6562.5
7901,L55080,L,300.8,312.4,1825,23.8,127,0,0,0,0,0,0,11.599999999999966,4548.502563622422,3022.6
7902,L55081,L,300.8,312.4,1365,44.5,129,0,0,0,0,0,0,11.599999999999966,6360.939725355934,5740.5
7903,M22762,M,300.7,312.3,1430,47.2,131,0,0,0,0,0,0,11.600000000000023,7068.164591556556,6183.200000000001
7904,L55083,L,300.8,312.3,1435,44.8,134,0,0,0,0,0,0,11.5,6732.223617132686,6003.2
7905,M22764,M,300.8,312.4,1811,25.1,136,0,0,0,0,0,0,11.599999999999966,4760.151660694767,3413.6000000000004
7906,M22765,M,300.8,312.4,1465,43.7,139,0,0,0,0,0,0,11.599999999999966,6704.211082638179,6074.3
7907,L55086,L,300.9,312.4,1372,51.0,142,0,0,0,0,0,0,11.5,7327.450705232834,7242.0
7908,L55087,L,300.8,312.3,1858,26.3,144,0,0,0,0,0,0,11.5,5117.172721824222,3787.2000000000003
7909,L55088,L,300.7,312.3,1715,26.8,146,0,0,0,0,0,0,11.600000000000023,4813.129384809802,3912.8
7910,L55089,L,300.7,312.2,1590,38.5,148,0,0,0,0,0,0,11.5,6410.419809649972,5698.0
7911,M22770,M,300.8,312.2,1664,25.7,150,0,0,0,0,0,0,11.399999999999977,4478.3193837412255,3855.0
7912,L55091,L,300.7,312.1,1512,36.9,153,0,0,0,0,0,0,11.400000000000034,5842.608353440153,5645.7
7913,L55092,L,300.7,312.1,1498,44.0,155,0,0,0,0,0,0,11.400000000000034,6902.288499447014,6820.0
7914,L55093,L,300.7,312.1,1395,41.9,157,0,0,0,0,0,0,11.400000000000034,6120.922046621673,6578.3
7915,H37328,H,300.7,312.1,1490,43.1,159,0,0,0,0,0,0,11.400000000000034,6724.997954029431,6852.900000000001
7916,H37329,H,300.8,312.1,1527,35.1,164,0,0,0,0,0,0,11.300000000000011,5612.738018976988,5756.400000000001
7917,L55096,L,300.8,312.1,1512,37.1,169,0,0,0,0,0,0,11.300000000000011,5874.275607388339,6269.900000000001
7918,L55097,L,300.9,312.1,1474,42.4,171,0,0,0,0,0,0,11.200000000000045,6544.733367566448,7250.4
7919,L55098,L,300.8,312.1,1505,41.3,173,0,0,0,0,0,0,11.300000000000011,6509.013459095131,7144.9
7920,L55099,L,300.8,312.0,1496,40.0,175,0,0,0,0,0,0,11.199999999999989,6266.430146360441,7000.0
7921,L55100,L,300.8,312.0,1382,49.3,177,0,0,0,0,0,0,11.199999999999989,7134.82918766573,8726.1
7922,L55101,L,300.7,311.9,1419,47.7,179,0,0,0,0,0,0,11.199999999999989,7088.0927609558275,8538.300000000001
7923,L55102,L,300.7,311.9,1462,39.7,181,0,0,0,0,0,0,11.199999999999989,6078.08119480222,7185.700000000001
7924,M22783,M,300.8,312.0,1450,45.0,183,0,0,0,0,0,0,11.199999999999989,6832.9640215578,8235.0
7925,H37338,H,300.7,311.9,1389,46.5,186,0,0,0,0,0,0,11.199999999999989,6763.691903546145,8649.0
7926,M22785,M,300.7,311.9,1697,28.2,191,0,0,0,0,0,0,11.199999999999989,5011.405769153366,5386.2
7927,L55106,L,300.7,311.9,1335,57.1,194,1,0,0,0,1,0,11.199999999999989,7982.629853138985,11077.4
7928,L55107,L,300.7,311.9,1476,42.0,196,0,0,0,0,0,0,11.199999999999989,6491.787059377948,8232.0
7929,L55108,L,300.6,311.7,1497,43.6,198,0,0,0,0,0,0,11.099999999999966,6834.974640856098,8632.800000000001
7930,M22789,M,300.6,311.6,1669,29.2,200,0,0,0,0,0,0,11.0,5103.496321805595,5840.0
7931,L55110,L,300.6,311.6,1455,48.0,203,0,0,0,0,0,0,11.0,7313.627697557038,9744.0
7932,L55111,L,300.7,311.7,1499,38.4,205,0,0,0,0,0,0,11.0,6027.836656295807,7872.0
7933,L55112,L,300.7,311.8,1478,41.9,207,0,0,0,0,0,0,11.100000000000023,6485.105939001313,8673.3
7934,L55113,L,300.8,311.8,1928,21.8,209,0,0,0,0,0,0,11.0,4401.413195581348,4556.2
7935,M22794,M,300.8,311.9,1621,28.3,211,0,0,0,0,0,0,11.099999999999966,4803.945462285808,5971.3
7936,M22795,M,300.8,311.9,1356,44.3,214,0,0,0,0,0,0,11.099999999999966,6290.599465842058,9480.199999999999
7937,L55116,L,300.8,311.7,1490,46.4,217,0,0,0,0,0,0,10.899999999999977,7239.904989952797,10068.8
7938,L55117,L,300.8,311.7,1578,31.4,219,0,0,0,0,0,0,10.899999999999977,5188.780090375046,6876.599999999999
7939,L55118,L,300.8,311.7,1681,31.3,221,0,0,0,0,0,0,10.899999999999977,5509.861331547435,6917.3
7940,L55119,L,300.8,311.8,1417,43.4,223,0,0,0,0,0,0,11.0,6440.034556397812,9678.199999999999
7941,M22800,M,300.7,311.7,1532,40.0,0,0,0,0,0,0,0,11.0,6417.22659373275,0.0
7942,M22801,M,300.7,311.7,1499,38.9,3,0,0,0,0,0,0,11.0,6106.324112757992,116.69999999999999
7943,L55122,L,300.8,311.7,1432,45.8,6,0,0,0,0,0,0,10.899999999999977,6868.107971375956,274.79999999999995
7944,L55123,L,300.8,311.7,1753,29.0,8,0,0,0,0,0,0,10.899999999999977,5323.6381910181435,232.0
7945,L55124,L,300.8,311.7,1414,49.0,10,0,0,0,0,0,0,10.899999999999977,7255.612953220747,490.0
7946,L55125,L,300.8,311.7,1655,32.2,12,0,0,0,0,0,0,10.899999999999977,5580.62047008179,386.40000000000003
7947,L55126,L,300.8,311.6,1516,35.6,14,0,0,0,0,0,0,10.800000000000011,5651.683295905989,498.40000000000003
7948,L55127,L,300.8,311.7,1426,45.5,16,0,0,0,0,0,0,10.899999999999977,6794.531871428884,728.0
7949,L55128,L,300.8,311.7,1479,39.4,18,0,0,0,0,0,0,10.899999999999977,6102.292402185885,709.1999999999999
7950,M22809,M,300.7,311.5,1569,36.4,20,0,0,0,0,0,0,10.800000000000011,5980.712766491961,728.0
7951,L55130,L,300.8,311.6,1568,36.0,23,0,0,0,0,0,0,10.800000000000011,5911.2207369945545,828.0
7952,M22811,M,300.9,311.8,1843,24.5,25,0,0,0,0,0,0,10.900000000000034,4728.4634627955575,612.5
7953,M22812,M,300.9,311.9,1480,40.9,28,0,0,0,0,0,0,11.0,6338.896216903245,1145.2
7954,L55133,L,301.0,312.0,1447,36.8,31,0,0,0,0,0,0,11.0,5576.285072219835,1140.8
7955,L55134,L,301.0,311.9,1454,41.9,33,0,0,0,0,0,0,10.899999999999977,6379.7997532529835,1382.7
7956,M22815,M,300.9,311.9,1310,56.1,35,0,0,0,0,0,0,11.0,7695.959523498916,1963.5
7957,H37370,H,300.9,311.9,1513,38.0,38,0,0,0,0,0,0,11.0,6020.757600849719,1444.0
7958,H37371,H,300.9,311.9,2140,16.5,43,0,0,0,0,0,0,11.0,3697.654553275186,709.5
7959,L55138,L,301.0,312.1,1377,49.9,48,0,0,0,0,0,0,11.100000000000023,7195.535229708598,2395.2
7960,L55139,L,301.0,312.1,1585,32.3,50,0,0,0,0,0,0,11.100000000000023,5361.180223228541,1614.9999999999998
7961,H37374,H,301.1,312.2,1491,42.6,52,0,0,0,0,0,0,11.099999999999966,6651.442798033381,2215.2000000000003
7962,L55141,L,301.0,312.2,1264,59.0,57,0,0,0,0,0,0,11.199999999999989,7809.580457803747,3363.0
7963,L55142,L,301.0,312.2,1372,47.0,59,0,0,0,0,0,0,11.199999999999989,6752.7486891361405,2773.0
7964,L55143,L,301.0,312.2,1510,39.9,61,0,0,0,0,0,0,11.199999999999989,6309.260526204382,2433.9
7965,L55144,L,300.9,312.1,1423,40.2,63,0,0,0,0,0,0,11.200000000000045,5990.451703718089,2532.6000000000004
7966,L55145,L,301.1,312.3,1464,35.3,65,0,0,0,0,0,0,11.199999999999989,5411.833168779921,2294.5
7967,L55146,L,301.0,312.2,1602,35.9,67,0,0,0,0,0,0,11.199999999999989,6022.621612490848,2405.2999999999997
7968,M22827,M,301.0,312.2,1629,32.6,69,0,0,0,0,0,0,11.199999999999989,5561.18448353158,2249.4
7969,L55148,L,300.9,312.2,1811,23.2,72,0,0,0,0,0,0,11.300000000000011,4399.821455303529,1670.3999999999999
7970,L55149,L,300.9,312.1,1711,28.8,74,0,0,0,0,0,0,11.200000000000045,5160.254429080451,2131.2000000000003
7971,M22830,M,300.9,312.1,1297,48.6,76,0,0,0,0,0,0,11.200000000000045,6600.925988163658,3693.6
7972,L55151,L,301.0,312.1,1405,46.1,79,0,0,0,0,0,0,11.100000000000023,6782.750898977923,3641.9
7973,L55152,L,301.1,312.2,1397,54.9,81,0,0,0,0,0,0,11.099999999999966,8031.513034828842,4446.9
7974,L55153,L,301.1,312.3,1682,29.7,83,0,0,0,0,0,0,11.199999999999989,5231.317254904651,2465.1
7975,L55154,L,301.2,312.3,1528,38.4,85,0,0,0,0,0,0,11.100000000000023,6144.452575597061,3264.0
7976,M22835,M,301.2,312.3,1548,38.3,87,0,0,0,0,0,0,11.100000000000023,6208.666729436435,3332.1
7977,H37390,H,301.2,312.4,1395,47.8,90,0,0,0,0,0,0,11.199999999999989,6982.817991134033,4302.0
7978,L55157,L,301.2,312.4,1378,59.0,95,0,0,0,0,0,0,11.199999999999989,8513.925530738577,5605.0
7979,L55158,L,301.2,312.4,1480,53.5,97,0,0,0,0,0,0,11.199999999999989,8291.71021037466,5189.5
7980,M22839,M,301.2,312.4,1428,36.6,99,0,0,0,0,0,0,11.199999999999989,5473.157057377994,3623.4
7981,M22840,M,301.2,312.4,1505,39.6,102,0,0,0,0,0,0,11.199999999999989,6241.087965621483,4039.2000000000003
7982,L55161,L,301.0,312.3,1445,36.4,105,0,0,0,0,0,0,11.300000000000011,5508.049679783864,3822.0
7983,L55162,L,301.0,312.3,1488,42.6,107,0,0,0,0,0,0,11.300000000000011,6638.059613329089,4558.2
7984,L55163,L,301.0,312.2,1601,33.0,109,0,0,0,0,0,0,11.199999999999989,5532.658822236985,3597.0
7985,L55164,L,301.0,312.3,1550,34.9,111,0,0,0,0,0,0,11.300000000000011,5664.815153197995,3873.8999999999996
7986,L55165,L,301.0,312.2,1540,34.1,113,0,0,0,0,0,0,11.199999999999989,5499.253220353813,3853.3
7987,L55166,L,301.1,312.3,1587,34.5,115,0,0,0,0,0,0,11.199999999999989,5733.563672434052,3967.5
7988,H37401,H,301.0,312.2,1489,40.3,117,0,0,0,0,0,0,11.199999999999989,6283.886929538888,4715.099999999999
7989,L55168,L,301.1,312.3,1486,34.9,122,0,0,0,0,0,0,11.199999999999989,5430.913108162723,4257.8
7990,L55169,L,301.1,312.4,1430,37.9,124,0,0,0,0,0,0,11.299999999999955,5675.4965682202,4699.599999999999
7991,M22850,M,301.1,312.4,1809,25.1,126,0,0,0,0,0,0,11.299999999999955,4754.89472898776,3162.6000000000004
7992,L55171,L,301.1,312.3,1534,39.0,129,0,0,0,0,0,0,11.199999999999989,6264.964069788765,5031.0
7993,M22852,M,301.1,312.3,1852,25.9,131,0,0,0,0,0,0,11.199999999999989,5023.071549873695,3392.8999999999996
7994,L55173,L,301.1,312.3,1595,31.9,134,0,0,0,0,0,0,11.199999999999989,5328.193500365849,4274.599999999999
7995,L55174,L,301.0,312.3,1424,43.5,136,0,0,0,0,0,0,11.300000000000011,6486.760511132205,5916.0
7996,L55175,L,301.0,312.2,1776,28.8,138,0,0,0,0,0,0,11.199999999999989,5356.289810664453,3974.4
7997,M22856,M,301.0,312.2,1499,41.5,140,0,0,0,0,0,0,11.199999999999989,6514.458886361354,5810.0
7998,M22857,M,301.0,312.2,2710,9.7,143,1,0,0,1,0,0,11.199999999999989,2752.7682028304957,1387.1
7999,L55178,L,300.9,312.1,1359,51.7,146,0,0,0,0,0,0,11.200000000000045,7357.641410633832,7548.200000000001
8000,M22859,M,300.9,312.1,1617,31.0,148,0,0,0,0,0,0,11.200000000000045,5249.287164883185,4588.0
8001,M22860,M,300.8,312.0,1443,53.3,151,0,0,0,0,0,0,11.199999999999989,8054.195333787759,8048.299999999999
8002,L55181,L,300.8,312.0,1374,50.2,154,0,0,0,0,0,0,11.199999999999989,7223.024165427509,7730.8
8003,M22862,M,300.9,312.1,1851,23.0,156,0,0,0,0,0,0,11.200000000000045,4458.234134709275,3588.0
8004,M22863,M,300.8,312.0,1274,67.3,159,0,0,0,0,0,0,11.199999999999989,8978.692747910653,10700.699999999999
8005,L55184,L,300.9,312.0,1533,44.0,162,0,0,0,0,0,0,11.100000000000023,7063.5569223312905,7128.0
8006,L55185,L,300.8,312.0,1477,37.3,164,0,0,0,0,0,0,11.199999999999989,5769.231221027808,6117.2
8007,L55186,L,300.9,312.1,1462,46.0,166,0,0,0,0,0,0,11.200000000000045,7042.612971307359,7636.0
8008,M22867,M,301.0,312.1,1664,28.4,168,0,0,0,0,0,0,11.100000000000023,4948.804299542833,4771.2
8009,L55188,L,300.8,311.9,1414,41.1,171,0,0,0,0,0,0,11.099999999999966,6085.830456681076,7028.1
8010,H37423,H,300.9,312.0,2129,17.8,173,0,0,0,0,0,0,11.100000000000023,3968.480783965651,3079.4
8011,L55190,L,300.8,311.8,1323,61.1,178,0,0,0,0,0,0,11.0,8465.052821024234,10875.800000000001
8012,L55191,L,300.8,311.8,1427,43.3,180,0,0,0,0,0,0,11.0,6470.539421064169,7793.999999999999
8013,M22872,M,300.9,312.0,1375,56.1,182,0,0,0,0,0,0,11.100000000000023,8077.820110542755,10210.2
8014,M22873,M,300.9,312.0,1402,50.7,185,0,0,0,0,0,0,11.100000000000023,7443.626801562585,9379.5
8015,L55194,L,300.9,312.0,1500,44.2,188,0,0,0,0,0,0,11.100000000000023,6942.919764433443,8309.6
8016,M22875,M,301.0,312.0,1558,37.5,190,0,0,0,0,0,0,11.0,6118.251692866122,7125.0
8017,M22876,M,300.9,312.0,1447,41.4,193,0,0,0,0,0,0,11.100000000000023,6273.320706247314,7990.2
8018,L55197,L,301.0,312.0,1518,39.3,196,0,0,0,0,0,0,11.0,6247.30831907559,7702.799999999999
8019,L55198,L,301.0,311.9,1889,23.5,198,0,0,0,0,0,0,10.899999999999977,4648.667009394377,4653.0
8020,L55199,L,301.0,312.1,1675,30.7,200,0,0,0,0,0,0,11.100000000000023,5384.951607640704,6140.0
8021,H37434,H,300.9,312.0,1720,27.9,202,0,0,0,0,0,0,11.100000000000023,5025.291608682232,5635.799999999999
8022,M22881,M,301.0,312.0,1499,34.6,207,0,0,0,0,0,0,11.0,5431.331987183202,7162.200000000001
8023,L55202,L,300.9,312.0,1441,43.8,210,0,0,0,0,0,0,11.100000000000023,6609.471120181422,9198.0
8024,H37437,H,300.9,312.0,1397,42.7,212,0,0,0,0,0,0,11.100000000000023,6246.732360422433,9052.400000000001
8025,L55204,L,300.9,312.0,1493,38.7,217,0,0,0,0,0,0,11.100000000000023,6050.613203034334,8397.900000000001
8026,M22885,M,300.8,312.0,1422,50.7,219,0,0,0,0,0,0,11.199999999999989,7549.81263325392,11103.300000000001
8027,L55206,L,300.7,311.9,1399,50.2,222,1,0,0,0,1,0,11.199999999999989,7354.447458102682,11144.400000000001
8028,L55207,L,300.6,311.9,1425,44.9,224,0,0,0,0,0,0,11.299999999999955,6700.231731943631,10057.6
8029,L55208,L,300.6,311.8,1501,44.8,226,0,0,0,0,0,0,11.199999999999989,7041.858989070497,10124.8
8030,M22889,M,300.6,311.9,1629,35.3,0,0,0,0,0,0,0,11.299999999999955,6021.773382474379,0.0
8031,L55210,L,300.6,312.0,1490,42.2,3,0,0,0,0,0,0,11.399999999999977,6584.568762413967,126.60000000000001
8032,L55211,L,300.7,312.0,1550,32.4,5,0,0,0,0,0,0,11.300000000000011,5259.026102109314,162.0
8033,L55212,L,300.8,312.0,1416,46.5,7,0,0,0,0,0,0,11.199999999999989,6895.167556098878,325.5
8034,L55213,L,300.7,311.9,1485,38.8,9,0,0,0,0,0,0,11.199999999999989,6033.742850484556,349.2
8035,L55214,L,300.7,311.8,1564,36.8,11,0,0,0,0,0,0,11.100000000000023,6027.166449863042,404.79999999999995
8036,L55215,L,300.7,311.7,1910,19.7,13,0,0,0,0,0,0,11.0,3940.290225887438,256.09999999999997
8037,L55216,L,300.7,311.7,1460,46.1,15,0,0,0,0,0,0,11.0,7048.267838083821,691.5
8038,L55217,L,300.7,311.8,1603,34.1,17,0,0,0,0,0,0,11.100000000000023,5724.222670277379,579.7
8039,L55218,L,300.7,311.8,1486,47.3,19,0,0,0,0,0,0,11.100000000000023,7360.521203899622,898.6999999999999
8040,L55219,L,300.8,311.9,1560,31.8,21,0,0,0,0,0,0,11.099999999999966,5194.937611976082,667.8000000000001
8041,L55220,L,300.8,311.9,1498,39.3,23,0,0,0,0,0,0,11.099999999999966,6164.998591551537,903.9
8042,H37455,H,300.8,311.9,1431,48.5,25,0,0,0,0,0,0,11.099999999999966,7267.917524447306,1212.5
8043,L55222,L,300.8,311.9,1486,45.1,30,0,0,0,0,0,0,11.099999999999966,7018.1713804624305,1353.0
8044,L55223,L,300.7,311.9,1486,35.8,32,0,0,0,0,0,0,11.199999999999989,5570.9653086597555,1145.6
8045,L55224,L,300.7,311.8,1441,38.1,34,0,0,0,0,0,0,11.100000000000023,5749.3344675550725,1295.4
8046,M22905,M,300.7,311.9,1366,55.1,36,0,0,0,0,0,0,11.199999999999989,7881.899920689384,1983.6000000000001
8047,L55226,L,300.6,311.8,1471,41.4,39,0,0,0,0,0,0,11.199999999999989,6377.370254934208,1614.6
8048,L55227,L,300.6,311.9,1463,38.2,41,0,0,0,0,0,0,11.299999999999955,5852.431066470378,1566.2
8049,L55228,L,300.6,311.9,1413,41.3,43,0,0,0,0,0,0,11.299999999999955,6111.120277542473,1775.8999999999999
8050,H37463,H,300.6,311.9,1604,30.5,45,0,0,0,0,0,0,11.299999999999955,5123.099859963995,1372.5
8051,L55230,L,300.7,312.0,1401,51.1,50,0,0,0,0,0,0,11.300000000000011,7497.002460747075,2555.0
8052,L55231,L,300.6,311.8,1652,27.2,52,0,0,0,0,0,0,11.199999999999989,4705.51936444884,1414.3999999999999
8053,L55232,L,300.5,311.9,1403,45.7,54,0,0,0,0,0,0,11.399999999999977,6714.327010982738,2467.8
8054,L55233,L,300.5,311.9,1887,21.7,56,0,0,0,0,0,0,11.399999999999977,4288.054060664316,1215.2
8055,L55234,L,300.4,311.8,1405,47.9,58,0,0,0,0,0,0,11.400000000000034,7047.587159675542,2778.2
8056,H37469,H,300.2,311.6,1496,41.1,60,0,0,0,0,0,0,11.400000000000034,6438.756975385352,2466.0
8057,L55236,L,300.1,311.5,1499,43.4,65,0,0,0,0,0,0,11.399999999999977,6812.711220917658,2821.0
8058,L55237,L,300.2,311.5,1549,37.2,67,0,0,0,0,0,0,11.300000000000011,6034.245505309131,2492.4
8059,L55238,L,300.3,311.6,1515,44.9,69,0,0,0,0,0,0,11.300000000000011,7123.404262382176,3098.1
8060,L55239,L,300.2,311.6,1540,37.7,71,0,0,0,0,0,0,11.400000000000034,6079.8195427372075,2676.7000000000003
8061,H37474,H,300.2,311.5,1426,44.3,73,0,0,0,0,0,0,11.300000000000011,6615.335426468122,3233.8999999999996
8062,M22921,M,300.2,311.6,1465,41.4,78,0,0,0,0,0,0,11.400000000000034,6351.357867762485,3229.2
8063,M22922,M,300.3,311.6,1359,54.1,81,0,0,0,0,0,0,11.300000000000011,7699.195363932115,4382.1
8064,M22923,M,300.3,311.7,1551,36.4,84,0,0,0,0,0,0,11.399999999999977,5912.100382937559,3057.6
8065,L55244,L,300.5,311.8,1596,34.8,87,0,0,0,0,0,0,11.300000000000011,5816.218975149999,3027.6
8066,M22925,M,300.5,311.9,1670,26.3,89,0,0,0,0,0,0,11.399999999999977,4599.396364610577,2340.7000000000003
8067,L55246,L,300.4,311.9,1868,21.3,92,0,0,0,0,0,0,11.5,4166.63150460307,1959.6000000000001
8068,M22927,M,300.6,312.0,1490,39.8,94,0,0,0,0,0,0,11.399999999999977,6210.090918106062,3741.2
8069,M22928,M,300.5,311.9,1676,35.2,97,0,0,0,0,0,0,11.399999999999977,6177.962897235352,3414.4
8070,M22929,M,300.5,311.9,1875,22.1,100,0,0,0,0,0,0,11.399999999999977,4339.324852770902,2210.0
8071,M22930,M,300.5,312.0,1867,23.0,103,0,0,0,0,0,0,11.5,4496.77100459331,2369.0
8072,L55251,L,300.5,312.0,1646,29.5,106,0,0,0,0,0,0,11.5,5084.87714934532,3127.0
8073,H37486,H,300.5,312.0,1375,43.2,108,0,0,0,0,0,0,11.5,6220.353454107791,4665.6
8074,L55253,L,300.5,312.0,1558,36.7,113,0,0,0,0,0,0,11.5,5987.728990084978,4147.1
8075,L55254,L,300.4,312.0,1631,34.9,115,0,0,0,0,0,0,11.600000000000023,5960.847428945761,4013.5
8076,L55255,L,300.4,312.0,1366,43.0,117,0,0,0,0,0,0,11.600000000000023,6151.028976218576,5031.0
8077,L55256,L,300.3,311.8,1360,48.0,119,0,0,0,0,0,0,11.5,6836.105614211389,5712.0
8078,L55257,L,300.3,311.8,1547,39.7,121,0,0,0,0,0,0,11.5,6431.458008453513,4803.700000000001
8079,L55258,L,300.3,311.7,1571,31.2,123,0,0,0,0,0,0,11.399999999999977,5132.859741141147,3837.6
8080,L55259,L,300.2,311.5,1528,36.1,125,0,0,0,0,0,0,11.300000000000011,5776.425468204528,4512.5
8081,H37494,H,300.2,311.5,1432,43.6,127,0,0,0,0,0,0,11.300000000000011,6538.198854846982,5537.2
8082,L55261,L,300.2,311.6,1356,53.5,132,0,0,0,0,0,0,11.400000000000034,7596.999354910838,7062.0
8083,H37496,H,300.1,311.5,1422,46.2,134,0,0,0,0,0,0,11.399999999999977,6879.710920243217,6190.8
8084,L55263,L,300.1,311.4,1438,42.2,139,0,0,0,0,0,0,11.299999999999955,6354.771731779386,5865.8
8085,L55264,L,300.2,311.4,1483,44.4,141,0,0,0,0,0,0,11.199999999999989,6895.293219805021,6260.4
8086,L55265,L,300.2,311.4,1331,49.8,143,0,0,0,0,0,0,11.199999999999989,6941.223304400504,7121.4
8087,L55266,L,300.2,311.4,1463,37.5,145,0,0,0,0,0,0,11.199999999999989,5745.187565252334,5437.5
8088,L55267,L,300.1,311.4,1446,40.6,147,0,0,0,0,0,0,11.299999999999955,6147.8454956629375,5968.2
8089,L55268,L,300.1,311.4,1356,45.7,149,0,0,0,0,0,0,11.299999999999955,6489.3994489612205,6809.3
8090,L55269,L,300.1,311.3,1676,30.3,151,0,0,0,0,0,0,11.199999999999989,5317.962380290658,4575.3
8091,L55270,L,300.1,311.4,1910,23.0,153,0,0,0,0,0,0,11.299999999999955,4600.338842406653,3519.0
8092,L55271,L,300.2,311.6,1375,56.9,155,0,0,0,0,0,0,11.400000000000034,8193.01184117438,8819.5
8093,M22952,M,300.2,311.6,1513,40.8,157,0,0,0,0,0,0,11.400000000000034,6464.392371438645,6405.599999999999
8094,L55273,L,300.2,311.6,1511,35.7,160,0,0,0,0,0,0,11.400000000000034,5648.866334493271,5712.0
8095,H37508,H,300.2,311.6,1662,28.8,162,0,0,0,0,0,0,11.400000000000034,5012.473910655586,4665.6
8096,L55275,L,300.2,311.7,1493,48.3,167,0,0,0,0,0,0,11.5,7551.540509213392,8066.099999999999
8097,M22956,M,300.2,311.7,1555,37.4,169,0,0,0,0,0,0,11.5,6090.186798494053,6320.599999999999
8098,L55277,L,300.3,311.7,1452,41.5,172,0,0,0,0,0,0,11.399999999999977,6310.203004000458,7138.0
8099,L55278,L,300.2,311.6,1500,39.0,174,0,0,0,0,0,0,11.400000000000034,6126.105674500096,6786.0
8100,L55279,L,300.2,311.7,1603,30.5,176,0,0,0,0,0,0,11.5,5119.905907432845,5368.0
8101,L55280,L,300.3,311.7,1682,27.8,178,0,0,0,0,0,0,11.399999999999977,4896.653861493242,4948.400000000001
8102,L55281,L,300.3,311.8,1567,37.7,180,0,0,0,0,0,0,11.5,6186.413781473509,6786.000000000001
8103,L55282,L,300.3,311.8,1413,46.0,182,0,0,0,0,0,0,11.5,6806.574643267645,8372.0
8104,M22963,M,300.3,311.9,1429,41.6,184,0,0,0,0,0,0,11.599999999999966,6225.212450745343,7654.400000000001
8105,L55284,L,300.3,311.9,1692,31.5,187,0,0,0,0,0,0,11.599999999999966,5581.353508367626,5890.5
8106,L55285,L,300.4,311.9,1476,48.7,189,0,0,0,0,0,0,11.5,7527.381661707287,9204.300000000001
8107,M22966,M,300.4,312.0,1596,30.4,191,0,0,0,0,0,0,11.600000000000023,5080.8349667977,5806.4
8108,H37521,H,300.3,311.9,1390,49.0,194,0,0,0,0,0,0,11.599999999999966,7132.4625212000265,9506.0
8109,M22968,M,300.3,311.8,1607,33.7,199,0,0,0,0,0,0,11.5,5671.192586284783,6706.3
8110,L55289,L,300.3,311.7,1821,26.3,202,0,0,0,0,0,0,11.399999999999977,5015.269928117282,5312.6
8111,H37524,H,300.3,311.8,2141,18.5,204,0,0,0,0,0,0,11.5,4147.792420657044,3774.0
8112,M22971,M,300.4,311.8,1553,33.1,209,1,1,0,0,0,0,11.400000000000034,5383.045708097527,6917.900000000001
8113,M22972,M,300.4,311.8,1442,45.1,0,0,0,0,0,0,0,11.400000000000034,6810.365498402977,0.0
8114,L55293,L,300.4,311.7,1459,45.6,3,0,0,0,0,0,0,11.300000000000011,6967.047196013013,136.8
8115,H37528,H,300.4,311.8,2496,13.5,5,0,0,0,0,0,0,11.400000000000034,3528.6368685120556,67.5
8116,L55295,L,300.4,311.8,1367,57.2,10,0,0,0,0,0,0,11.400000000000034,8188.288980218485,572.0
8117,L55296,L,300.3,311.8,2004,19.6,12,0,0,0,0,0,0,11.5,4113.224429492045,235.20000000000002
8118,L55297,L,300.3,311.7,1406,47.5,14,0,0,0,0,0,0,11.399999999999977,6993.708845666478,665.0
8119,L55298,L,300.3,311.8,1548,33.0,16,0,0,0,0,0,0,11.5,5349.5039705327,528.0
8120,L55299,L,300.3,311.7,1333,55.2,18,0,0,0,0,0,0,11.399999999999977,7705.447133312758,993.6
8121,L55300,L,300.2,311.6,1767,26.4,20,0,0,0,0,0,0,11.400000000000034,4885.050912625984,528.0
8122,L55301,L,300.2,311.6,1827,27.0,22,0,0,0,0,0,0,11.400000000000034,5165.720800297697,594.0
8123,M22982,M,300.2,311.6,1533,46.4,24,0,0,0,0,0,0,11.400000000000034,7448.841845367542,1113.6
8124,H37537,H,300.2,311.5,1515,36.8,27,0,0,0,0,0,0,11.300000000000011,5838.335787431271,993.5999999999999
8125,L55304,L,300.2,311.4,1568,41.0,32,0,0,0,0,0,0,11.199999999999989,6732.223617132687,1312.0
8126,L55305,L,300.2,311.4,1452,47.8,34,0,0,0,0,0,0,11.199999999999989,7268.137435933057,1625.1999999999998
8127,L55306,L,300.2,311.4,1433,37.9,36,0,0,0,0,0,0,11.199999999999989,5687.403204377305,1364.3999999999999
8128,M22987,M,300.1,311.3,1650,33.8,38,0,0,0,0,0,0,11.199999999999989,5840.220743023425,1284.3999999999999
8129,L55308,L,300.1,311.4,1629,31.3,41,0,0,0,0,0,0,11.299999999999955,5339.419458114677,1283.3
8130,L55309,L,300.0,311.3,1520,39.2,43,0,0,0,0,0,0,11.300000000000011,6239.6218890498085,1685.6000000000001
8131,H37544,H,300.0,311.2,1393,43.1,45,0,0,0,0,0,0,11.199999999999989,6287.196073800669,1939.5
8132,H37545,H,299.9,311.2,1364,49.6,50,0,0,0,0,0,0,11.300000000000011,7084.752200767511,2480.0
8133,M22992,M,299.9,311.3,1389,50.0,55,0,0,0,0,0,0,11.400000000000034,7272.786993060371,2750.0
8134,L55313,L,299.8,311.1,1466,46.1,58,0,0,0,0,0,0,11.300000000000011,7077.233322349919,2673.8
8135,L55314,L,299.7,311.1,1650,32.4,60,0,0,0,0,0,0,11.400000000000034,5598.318108697011,1944.0
8136,L55315,L,299.6,311.0,1554,36.3,62,0,0,0,0,0,0,11.399999999999977,5907.262330251031,2250.6
8137,M22996,M,299.6,310.9,1474,39.7,64,0,0,0,0,0,0,11.299999999999955,6127.969686141227,2540.8
8138,H37551,H,299.5,310.8,1600,32.4,67,0,0,0,0,0,0,11.300000000000011,5428.672105403162,2170.7999999999997
8139,L55318,L,299.5,310.8,1356,54.9,72,0,0,0,0,0,0,11.300000000000011,7795.799338029999,3952.7999999999997
8140,L55319,L,299.5,310.8,1571,38.2,74,0,0,0,0,0,0,11.300000000000011,6284.462888192046,2826.8
8141,L55320,L,299.6,310.9,1658,28.0,76,0,0,0,0,0,0,11.299999999999955,4861.509911675085,2128.0
8142,L55321,L,299.6,310.8,1393,49.9,78,0,0,0,0,0,0,11.199999999999989,7279.143482196134,3892.2
8143,M23002,M,299.7,311.0,1448,49.8,80,0,0,0,0,0,0,11.300000000000011,7551.383429580713,3984.0
8144,L55323,L,299.7,310.9,1477,40.4,83,0,0,0,0,0,0,11.199999999999989,6248.711563794193,3353.2
8145,M23004,M,299.7,311.0,1506,42.7,85,0,0,0,0,0,0,11.300000000000011,6734.1295166758655,3629.5000000000005
8146,M23005,M,299.7,310.9,1685,32.1,88,0,0,0,0,0,0,11.199999999999989,5664.134474789717,2824.8
8147,L55326,L,299.6,310.9,1533,31.8,91,0,0,0,0,0,0,11.299999999999955,5105.025230230342,2893.8
8148,L55327,L,299.5,310.8,1447,41.0,93,0,0,0,0,0,0,11.300000000000011,6212.708911984055,3813.0
8149,M23008,M,299.5,310.7,1488,39.5,95,0,0,0,0,0,0,11.199999999999989,6155.008326913123,3752.5
8150,M23009,M,299.6,310.8,1427,50.4,98,0,0,0,0,0,0,11.199999999999989,7531.5285640100265,4939.2
8151,M23010,M,299.5,310.7,1424,41.3,101,0,0,0,0,0,0,11.199999999999989,6158.694462293334,4171.299999999999
8152,L55331,L,299.5,310.7,1472,40.9,104,0,0,0,0,0,0,11.199999999999989,6304.631913028092,4253.599999999999
8153,L55332,L,299.5,310.7,1438,45.7,106,0,0,0,0,0,0,11.199999999999989,6881.826259296634,4844.200000000001
8154,L55333,L,299.6,310.8,1507,42.4,108,0,0,0,0,0,0,11.199999999999989,6691.2572489298755,4579.2
8155,L55334,L,299.6,310.7,1393,52.1,110,0,0,0,0,0,0,11.099999999999966,7600.067643735843,5731.0
8156,L55335,L,299.5,310.8,1283,52.4,112,0,0,0,0,0,0,11.300000000000011,7040.22536089063,5868.8
8157,L55336,L,299.6,310.8,1644,30.9,114,0,0,0,0,0,0,11.199999999999989,5319.721672176668,3522.6
8158,L55337,L,299.6,310.8,1498,46.9,116,0,0,0,0,0,0,11.199999999999989,7357.21205963784,5440.4
8159,L55338,L,299.6,310.8,1400,40.8,118,0,0,0,0,0,0,11.199999999999989,5981.592412434965,4814.4
8160,H37573,H,299.6,310.9,1679,31.2,120,0,0,0,0,0,0,11.299999999999955,5485.723427992352,3744.0
8161,M23020,M,299.7,311.1,1618,30.3,125,0,0,0,0,0,0,11.400000000000034,5133.927882643368,3787.5
8162,H37575,H,299.6,311.0,1714,30.2,128,0,0,0,0,0,0,11.399999999999977,5420.587740307924,3865.6
8163,L55342,L,299.6,311.0,1574,35.0,133,0,0,0,0,0,0,11.399999999999977,5769.011309542057,4655.0
8164,L55343,L,299.7,311.1,1574,36.4,135,0,0,0,0,0,0,11.400000000000034,5999.771761923738,4914.0
8165,L55344,L,299.6,310.9,1472,40.9,137,0,0,0,0,0,0,11.299999999999955,6304.631913028092,5603.3
8166,L55345,L,299.6,311.0,1552,33.2,139,0,0,0,0,0,0,11.399999999999977,5395.831990197637,4614.8
8167,L55346,L,299.7,311.1,1603,31.4,141,0,0,0,0,0,0,11.400000000000034,5270.985098143979,4427.4
8168,H37581,H,299.7,311.1,1353,47.1,143,0,0,0,0,0,0,11.400000000000034,6673.402530681975,6735.3
8169,L55348,L,299.7,311.1,1690,30.6,148,0,0,0,0,0,0,11.400000000000034,5415.477416258085,4528.8
8170,M23029,M,299.8,311.2,1745,26.3,150,0,0,0,0,0,0,11.399999999999977,4805.956081584105,3945.0
8171,L55350,L,299.9,311.3,1522,45.7,153,0,0,0,0,0,0,11.400000000000034,7283.824455249984,6992.1
8172,H37585,H,300.0,311.4,1641,34.5,155,0,0,0,0,0,0,11.399999999999977,5928.656576221978,5347.5
8173,L55352,L,299.9,311.4,1596,28.9,160,0,0,0,0,0,0,11.5,4830.135873041234,4624.0
8174,H37587,H,299.9,311.4,1497,37.0,162,0,0,0,0,0,0,11.5,5800.322516322834,5994.0
8175,L55354,L,299.9,311.3,1371,52.3,167,0,0,0,0,0,0,11.400000000000034,7508.7520172715,8734.1
8176,M23035,M,299.9,311.3,1445,41.2,169,0,0,0,0,0,0,11.400000000000034,6234.385901293826,6962.8
8177,L55356,L,299.8,311.2,1564,40.0,172,0,0,0,0,0,0,11.399999999999977,6551.2678802859145,6880.0
8178,L55357,L,299.7,311.1,1439,44.9,174,0,0,0,0,0,0,11.400000000000034,6766.058570011849,7812.599999999999
8179,L55358,L,299.7,311.2,1352,52.1,176,0,0,0,0,0,0,11.5,7376.375774824738,9169.6
8180,L55359,L,299.8,311.3,1560,35.4,178,0,0,0,0,0,0,11.5,5783.043756728091,6301.2
8181,M23040,M,299.7,311.2,1616,42.3,180,0,0,0,0,0,0,11.5,7158.307356763557,7613.999999999999
8182,L55361,L,299.7,311.2,1835,23.7,183,0,0,0,0,0,0,11.5,4554.2097902764435,4337.099999999999
8183,M23042,M,299.7,311.1,1649,32.7,185,0,0,0,0,0,0,11.400000000000034,5646.73005148883,6049.500000000001
8184,L55363,L,299.8,311.1,1452,47.3,188,0,0,0,0,0,0,11.300000000000011,7192.110893716184,8892.4
8185,L55364,L,299.8,311.1,2144,17.7,190,0,0,0,0,0,0,11.300000000000011,3973.989043084944,3363.0
8186,L55365,L,299.7,311.1,1554,41.0,192,0,0,0,0,0,0,11.400000000000034,6672.114477694003,7872.0
8187,L55366,L,299.7,311.0,1827,25.4,194,0,0,0,0,0,0,11.300000000000011,4859.6040121319065,4927.599999999999
8188,L55367,L,299.6,310.9,1448,46.3,196,0,0,0,0,0,0,11.299999999999955,7020.663710634277,9074.8
8189,M23048,M,299.6,310.9,1530,38.8,198,0,0,0,0,0,0,11.299999999999955,6216.583542923481,7682.4
8190,L55369,L,299.7,311.0,1983,21.0,201,0,0,0,0,0,0,11.300000000000011,4360.844762447991,4221.0
8191,M23050,M,299.7,310.9,1620,37.2,203,0,0,0,0,0,0,11.199999999999989,6310.831322531177,7551.6
8192,M23051,M,299.6,310.9,1630,29.8,206,0,0,0,0,0,0,11.299999999999955,5086.657385182353,6138.8
8193,L55372,L,299.6,310.9,1229,65.2,209,1,0,0,0,1,0,11.299999999999955,8391.277753542434,13626.800000000001
8194,L55373,L,299.5,310.8,1873,22.3,211,0,0,0,0,0,0,11.300000000000011,4373.924259862437,4705.3
8195,L55374,L,299.4,310.7,1426,45.7,213,0,0,0,0,0,0,11.300000000000011,6824.397945589012,9734.1
8196,L55375,L,299.4,310.8,1376,53.9,215,1,0,0,0,1,0,11.400000000000034,7766.687246106733,11588.5
8197,L55376,L,299.4,310.8,1622,33.6,217,0,0,0,0,0,0,11.400000000000034,5707.142878217362,7291.200000000001
8198,M23057,M,299.4,310.7,1492,45.7,219,0,0,0,0,0,0,11.300000000000011,7140.25367098093,10008.300000000001
8199,M23058,M,299.3,310.7,1374,48.9,222,0,0,0,0,0,0,11.399999999999977,7035.973738832771,10855.8
8200,L55379,L,299.2,310.7,1737,27.0,225,1,1,0,0,0,0,11.5,4911.251795356923,6075.0
8201,L55380,L,299.3,310.8,1426,42.4,0,0,0,0,0,0,0,11.5,6331.607721946917,0.0
8202,M23061,M,299.3,310.9,1826,25.1,2,0,0,0,0,0,0,11.599999999999966,4799.578648497319,50.2
8203,L55382,L,299.3,310.9,1669,32.4,5,0,0,0,0,0,0,11.599999999999966,5662.783589948674,162.0
8204,M23063,M,299.4,310.9,1473,40.1,7,0,0,0,0,0,0,11.5,6185.51319157948,280.7
8205,L55384,L,299.4,310.9,1751,27.8,10,0,0,0,0,0,0,11.5,5097.527295763774,278.0
8206,M23065,M,299.4,310.9,1446,47.3,12,0,0,0,0,0,0,11.5,7162.391427213226,567.5999999999999
8207,L55386,L,299.3,310.8,1483,43.5,15,0,0,0,0,0,0,11.5,6755.5237626468115,652.5
8208,L55387,L,299.2,310.7,1535,42.6,17,0,0,0,0,0,0,11.5,6847.729507029671,724.2
8209,L55388,L,299.2,310.7,1477,44.0,19,0,0,0,0,0,0,11.5,6805.527445716449,836.0
8210,L55389,L,299.3,310.8,1391,46.9,21,0,0,0,0,0,0,11.5,6831.696912520852,984.9
8211,H37624,H,299.2,310.7,1636,29.4,23,0,0,0,0,0,0,11.5,5036.852669647443,676.1999999999999
8212,L55391,L,299.2,310.6,1675,33.3,28,0,0,0,0,0,0,11.400000000000034,5841.006141186822,932.3999999999999
8213,H37626,H,299.2,310.5,1329,48.9,30,0,0,0,0,0,0,11.300000000000011,6805.5379176919605,1467.0
8214,M23073,M,299.2,310.5,1548,33.5,35,0,0,0,0,0,0,11.300000000000011,5430.5570609953165,1172.5
8215,L55394,L,299.2,310.5,1391,45.8,38,0,0,0,0,0,0,11.300000000000011,6671.46521521226,1740.3999999999999
8216,L55395,L,299.1,310.5,1437,43.1,40,0,0,0,0,0,0,11.399999999999977,6485.7866174095925,1724.0
8217,L55396,L,299.2,310.6,1370,61.9,42,0,0,0,0,0,0,11.400000000000034,8880.549393412508,2599.7999999999997
8218,L55397,L,299.1,310.6,1577,37.1,44,0,0,0,0,0,0,11.5,6126.807296859399,1632.4
8219,L55398,L,299.1,310.5,1485,37.8,46,0,0,0,0,0,0,11.399999999999977,5878.234014131861,1738.8
8220,L55399,L,299.0,310.4,1504,34.3,48,0,0,0,0,0,0,11.399999999999977,5402.198951308912,1646.3999999999999
8221,M23080,M,298.9,310.3,1551,35.2,50,0,0,0,0,0,0,11.400000000000034,5717.1959747088495,1760.0000000000002
8222,M23081,M,299.1,310.5,1428,43.0,53,0,0,0,0,0,0,11.399999999999977,6430.211843367589,2279.0
8223,L55402,L,299.0,310.5,1755,27.9,56,0,0,0,0,0,0,11.5,5127.550449556581,1562.3999999999999
8224,L55403,L,299.1,310.5,1329,54.9,58,0,0,0,0,0,0,11.399999999999977,7640.573245016127,3184.2
8225,L55404,L,299.1,310.5,1496,35.2,60,0,0,0,0,0,0,11.399999999999977,5514.458528797188,2112.0
8226,L55405,L,299.1,310.5,1532,36.6,62,0,0,0,0,0,0,11.399999999999977,5871.7623332654675,2269.2000000000003
8227,L55406,L,299.1,310.5,1389,61.4,64,0,0,0,0,0,0,11.399999999999977,8930.982427478135,3929.6
8228,M23087,M,299.1,310.4,1524,51.4,66,0,0,0,0,0,0,11.299999999999955,8203.075409641378,3392.4
8229,M23088,M,299.1,310.4,1422,49.3,69,0,0,0,0,0,0,11.299999999999955,7341.336544761699,3401.7
8230,L55409,L,299.1,310.5,1739,27.4,72,0,0,0,0,0,0,11.399999999999977,4989.74972379462,1972.8
8231,L55410,L,299.1,310.5,1736,26.9,74,0,0,0,0,0,0,11.399999999999977,4890.245012479919,1990.6
8232,L55411,L,299.1,310.5,1419,48.8,76,0,0,0,0,0,0,11.399999999999977,7251.549826722104,3708.7999999999997
8233,L55412,L,299.1,310.6,1326,49.7,78,0,0,0,0,0,0,11.5,6901.262245846841,3876.6000000000004
8234,M23093,M,299.1,310.6,1449,43.2,80,0,0,0,0,0,0,11.5,6555.121567274318,3456.0
8235,L55414,L,299.2,310.6,1534,39.7,83,0,0,0,0,0,0,11.400000000000034,6377.412142836256,3295.1000000000004
8236,M23095,M,299.2,310.6,1443,50.9,85,0,0,0,0,0,0,11.400000000000034,7691.529877857354,4326.5
8237,L55416,L,299.2,310.6,1498,41.1,88,0,0,0,0,0,0,11.400000000000034,6447.364939256189,3616.8
8238,L55417,L,299.1,310.6,1796,26.0,90,0,0,0,0,0,0,11.5,4889.993685067632,2340.0
8239,L55418,L,299.1,310.4,1519,45.3,92,0,0,0,0,0,0,11.299999999999955,7205.839653612372,4167.599999999999
8240,L55419,L,299.0,310.4,1339,49.6,94,0,0,0,0,0,0,11.399999999999977,6954.899704419133,4662.400000000001
8241,L55420,L,299.0,310.4,1483,41.5,96,0,0,0,0,0,0,11.399999999999977,6444.9249689619,3984.0
8242,M23101,M,298.9,310.2,2099,20.0,98,0,0,0,0,0,0,11.300000000000011,4396.135319923317,1960.0
8243,M23102,M,299.0,310.3,1689,29.7,101,0,0,0,0,0,0,11.300000000000011,5253.088491994028,2999.7
8244,H37657,H,299.1,310.4,1369,54.5,104,0,0,0,0,0,0,11.299999999999955,7813.193289355375,5668.0
8245,L55424,L,299.0,310.4,1512,38.8,109,0,0,0,0,0,0,11.399999999999977,6143.447265947912,4229.2
8246,M23105,M,299.0,310.3,1303,68.6,111,1,0,0,1,0,0,11.300000000000011,9360.459087174882,7614.599999999999
8247,L55426,L,299.0,310.3,1552,39.9,114,0,0,0,0,0,0,11.300000000000011,6484.749891833907,4548.599999999999
8248,L55427,L,299.0,310.4,1713,28.0,116,0,0,0,0,0,0,11.399999999999977,5022.778334559361,3248.0
8249,L55428,L,298.9,310.3,1456,44.1,118,0,0,0,0,0,0,11.400000000000034,6724.013588331306,5203.8
8250,L55429,L,299.0,310.4,1524,39.8,120,0,0,0,0,0,0,11.399999999999977,6351.797690733987,4776.0
8251,M23110,M,299.0,310.4,1394,45.2,122,0,0,0,0,0,0,11.399999999999977,6598.2661063836185,5514.400000000001
8252,L55431,L,299.0,310.4,1981,21.2,125,0,0,0,0,0,0,11.399999999999977,4397.936499711374,2650.0
8253,L55432,L,299.0,310.4,1565,36.1,127,0,0,0,0,0,0,11.399999999999977,5916.299645117858,4584.7
8254,L55433,L,299.1,310.4,1657,31.0,129,0,0,0,0,0,0,11.299999999999955,5379.139661231563,3999.0
8255,M23114,M,299.0,310.4,1625,37.1,131,0,0,0,0,0,0,11.399999999999977,6313.292236776488,4860.1
8256,L55435,L,299.0,310.4,1606,31.1,134,0,0,0,0,0,0,11.399999999999977,5230.395721059599,4167.400000000001
8257,H37670,H,299.0,310.5,1336,56.8,136,0,0,0,0,0,0,11.5,7946.637673304358,7724.799999999999
8258,M23117,M,299.0,310.6,1587,34.2,141,0,0,0,0,0,0,11.600000000000023,5683.706597021582,4822.200000000001
8259,L55438,L,299.1,310.6,1602,39.7,144,0,0,0,0,0,0,11.5,6660.11359375729,5716.8
8260,L55439,L,299.1,310.5,1471,38.4,146,0,0,0,0,0,0,11.399999999999977,5915.24197559115,5606.4
8261,H37674,H,299.1,310.6,1332,48.0,148,0,0,0,0,0,0,11.5,6695.362263330567,7104.0
8262,H37675,H,299.2,310.6,1434,48.4,153,0,0,0,0,0,0,11.400000000000034,7268.137435933057,7405.2
8263,L55442,L,299.1,310.6,1921,23.9,158,0,0,0,0,0,0,11.5,4807.8829250783065,3776.2
8264,H37677,H,299.2,310.6,1704,30.6,160,0,0,0,0,0,0,11.400000000000034,5460.339359351347,4896.0
8265,M23124,M,299.1,310.6,1397,49.5,165,0,0,0,0,0,0,11.5,7241.528146157152,8167.5
8266,H37679,H,299.1,310.6,1791,28.0,168,0,0,0,0,0,0,11.5,5251.486279740698,4704.0
8267,L55446,L,299.1,310.6,1818,24.1,173,0,0,0,0,0,0,11.5,4588.170406861749,4169.3
8268,L55447,L,299.2,310.7,1540,36.3,175,0,0,0,0,0,0,11.5,5854.043750699219,6352.499999999999
8269,M23128,M,299.2,310.8,1502,39.8,177,0,0,0,0,0,0,11.600000000000023,6260.105073151213,7044.599999999999
8270,H37683,H,299.2,310.8,1761,30.4,180,0,0,0,0,0,0,11.600000000000023,5606.1092584779135,5472.0
8271,M23130,M,299.1,310.8,1517,38.4,185,0,0,0,0,0,0,11.699999999999989,6100.218951034516,7104.0
8272,L55451,L,299.1,310.7,1309,51.1,188,0,0,0,0,0,0,11.599999999999966,7004.693947978531,9606.800000000001
8273,L55452,L,298.9,310.6,1363,52.6,190,0,0,0,0,0,0,11.700000000000045,7507.757179597864,9994.0
8274,M23133,M,299.0,310.6,1787,22.2,192,0,0,0,0,0,0,11.600000000000023,4154.379293254071,4262.4
8275,L55454,L,298.9,310.5,1640,29.2,195,0,0,0,0,0,0,11.600000000000023,5014.819633170267,5694.0
8276,M23135,M,298.9,310.6,1720,25.3,197,0,0,0,0,0,0,11.700000000000045,4556.984863787115,4984.1
8277,L55456,L,298.8,310.5,1384,52.8,200,0,0,0,0,0,0,11.699999999999989,7652.417049320161,10560.0
8278,H37691,H,298.8,310.5,1294,55.8,202,0,0,0,0,0,0,11.699999999999989,7561.310862366057,11271.599999999999
8279,L55458,L,298.8,310.5,1464,46.4,207,0,0,0,0,0,0,11.699999999999989,7113.5710773764395,9604.8
8280,L55459,L,298.8,310.6,1803,25.4,209,0,0,0,0,0,0,11.800000000000011,4795.766849410962,5308.599999999999
8281,L55460,L,298.8,310.6,1602,39.1,211,0,0,0,0,0,0,11.800000000000011,6559.456965136273,8250.1
8282,H37695,H,298.9,310.6,1519,38.8,213,0,0,0,0,0,0,11.700000000000045,6171.889151438411,8264.4
8283,M23142,M,298.9,310.7,1638,33.6,218,0,0,0,0,0,0,11.800000000000011,5763.440218569691,7324.8
8284,H37697,H,298.9,310.6,1615,33.0,221,0,0,0,0,0,0,11.700000000000045,5581.039349102267,7293.0
8285,L55464,L,298.8,310.6,1651,33.3,0,0,0,0,0,0,0,11.800000000000011,5757.31411289519,0.0
8286,L55465,L,298.9,310.6,1387,52.7,2,0,0,0,0,0,0,11.700000000000045,7654.480028496019,105.4
8287,M23146,M,298.8,310.5,1678,32.8,4,0,0,0,0,0,0,11.699999999999989,5763.607770177881,131.2
8288,L55467,L,298.9,310.6,1585,38.1,7,0,0,0,0,0,0,11.700000000000045,6323.868932043574,266.7
8289,M23148,M,298.8,310.6,1640,33.8,9,0,0,0,0,0,0,11.800000000000011,5804.825465792979,304.2
8290,L55469,L,298.9,310.6,1406,43.8,12,0,0,0,0,0,0,11.700000000000045,6448.935735582983,525.5999999999999
8291,M23150,M,298.9,310.6,1679,35.8,14,0,0,0,0,0,0,11.700000000000045,6294.515984683533,501.19999999999993
8292,L55471,L,298.9,310.5,1717,26.9,17,0,0,0,0,0,0,11.600000000000023,4836.722745638261,457.29999999999995
8293,H37706,H,298.9,310.5,1429,39.9,19,0,0,0,0,0,0,11.600000000000023,5970.8167496331525,758.1
8294,M23153,M,298.9,310.4,1533,44.4,24,0,0,0,0,0,0,11.5,7127.771076170666,1065.6
8295,M23154,M,298.9,310.5,1525,38.5,27,0,0,0,0,0,0,11.600000000000023,6148.358622463024,1039.5
8296,L55475,L,298.9,310.4,1739,26.3,30,0,0,0,0,0,0,11.5,4789.431304226224,789.0
8297,L55476,L,298.9,310.3,1436,39.0,32,0,0,0,0,0,0,11.400000000000034,5864.725165721426,1248.0
8298,M23157,M,298.8,310.2,1595,33.1,34,0,0,0,0,0,0,11.399999999999977,5528.627111664878,1125.4
8299,H37712,H,298.7,310.1,1435,45.6,37,0,0,0,0,0,0,11.400000000000034,6852.441896010057,1687.2
8300,L55479,L,298.7,310.0,1637,31.8,42,0,0,0,0,0,0,11.300000000000011,5451.3544043620805,1335.6000000000001
8301,L55480,L,298.7,310.1,1558,37.6,44,0,0,0,0,0,0,11.400000000000034,6134.567030713765,1654.4
8302,M23161,M,298.7,310.1,1644,34.1,46,0,0,0,0,0,0,11.400000000000034,5870.631359910174,1568.6000000000001
8303,L55482,L,298.7,310.1,1641,31.1,49,0,0,0,0,0,0,11.400000000000034,5344.3831745073485,1523.9
8304,L55483,L,298.8,310.2,1504,41.0,51,0,0,0,0,0,0,11.399999999999977,6457.4389796987,2091.0
8305,M23164,M,298.7,310.1,1506,50.7,53,0,0,0,0,0,0,11.400000000000034,7995.793126357526,2687.1000000000004
8306,H37719,H,298.8,310.1,1380,44.0,56,0,0,0,0,0,0,11.300000000000011,6358.583530865741,2464.0
8307,M23166,M,298.7,310.1,1549,42.5,61,0,0,0,0,0,0,11.400000000000034,6893.963278915002,2592.5
8308,M23167,M,298.7,310.1,1402,69.7,64,1,0,0,1,0,0,11.400000000000034,10233.151638440082,4460.8
8309,L55488,L,298.7,310.1,1401,45.3,67,0,0,0,0,0,0,11.400000000000034,6646.070674595742,3035.1
8310,M23169,M,298.7,310.0,1459,40.2,69,0,0,0,0,0,0,11.300000000000011,6142.002133327261,2773.8
8311,L55490,L,298.7,309.9,1465,39.7,72,0,0,0,0,0,0,11.199999999999989,6090.553317636973,2858.4
8312,M23171,M,298.8,310.0,1295,52.7,74,0,0,0,0,0,0,11.199999999999989,7146.75676777386,3899.8
8313,M23172,M,298.8,310.0,1529,38.5,77,0,0,0,0,0,0,11.199999999999989,6164.485464751451,2964.5
8314,M23173,M,298.8,310.0,1484,44.9,80,0,0,0,0,0,0,11.199999999999989,6977.644835231121,3592.0
8315,L55494,L,298.8,309.9,1739,30.6,83,0,0,0,0,0,0,11.099999999999966,5572.494217084503,2539.8
8316,H37729,H,298.7,309.8,1422,40.7,85,0,0,0,0,0,0,11.100000000000023,6060.6977154523565,3459.5000000000005
8317,L55496,L,298.8,309.8,1463,40.0,90,0,0,0,0,0,0,11.0,6128.20006960249,3600.0
8318,L55497,L,298.7,309.7,1667,30.4,92,0,0,0,0,0,0,11.0,5306.862086247974,2796.7999999999997
8319,H37732,H,298.7,309.7,1565,39.3,94,0,0,0,0,0,0,11.0,6440.7361787571135,3694.2
8320,L55499,L,298.7,309.7,1393,45.7,99,0,0,0,0,0,0,11.0,6666.470082893054,4524.3
8321,M23180,M,298.8,309.7,1453,47.7,101,0,0,0,0,0,0,10.899999999999977,7257.927259808892,4817.700000000001
8322,L55501,L,298.8,309.6,1442,50.0,104,0,0,0,0,0,0,10.800000000000011,7550.294344127469,5200.0
8323,L55502,L,298.7,309.6,1364,44.9,106,0,0,0,0,0,0,10.900000000000034,6413.4147946463945,4759.4
8324,H37737,H,298.7,309.5,1453,40.4,108,0,0,0,0,0,0,10.800000000000011,6147.175289230172,4363.2
8325,M23184,M,298.7,309.5,1394,46.0,113,0,0,0,0,0,0,10.800000000000011,6715.049577293063,5198.0
8326,M23185,M,298.7,309.5,1500,38.8,116,0,0,0,0,0,0,10.800000000000011,6094.6897479641975,4500.799999999999
8327,H37740,H,298.6,309.5,1523,34.2,119,0,0,0,0,0,0,10.899999999999977,5454.495997015671,4069.8
8328,M23187,M,298.7,309.6,1254,57.1,124,0,0,0,0,0,0,10.900000000000034,7498.290513735047,7080.400000000001
8329,L55508,L,298.6,309.5,1325,52.2,127,0,0,0,0,0,0,10.899999999999977,7242.941862851268,6629.400000000001
8330,L55509,L,298.8,309.7,1424,49.6,129,0,0,0,0,0,0,10.899999999999977,7396.398192003618,6398.400000000001
8331,L55510,L,298.8,309.7,1505,39.0,131,0,0,0,0,0,0,10.899999999999977,6146.52602674843,5109.0
8332,M23191,M,298.8,309.7,1392,48.7,133,0,0,0,0,0,0,10.899999999999977,7098.994087463784,6477.1
8333,L55512,L,298.8,309.7,1529,44.0,136,0,0,0,0,0,0,10.899999999999977,7045.1262454302305,5984.0
8334,M23193,M,298.8,309.7,1477,48.5,138,0,0,0,0,0,0,10.899999999999977,7501.547298119268,6693.0
8335,M23194,M,298.8,309.7,1459,47.3,141,0,0,0,0,0,0,10.899999999999977,7226.783604636304,6669.299999999999
8336,M23195,M,299.0,309.8,2240,15.9,144,0,0,0,0,0,0,10.800000000000011,3729.698798341802,2289.6
8337,L55516,L,298.9,309.7,1449,48.8,147,0,0,0,0,0,0,10.800000000000011,7404.859548217285,7173.599999999999
8338,M23197,M,298.8,309.7,1589,35.3,149,0,0,0,0,0,0,10.899999999999977,5873.909088245419,5259.7
8339,L55518,L,298.8,309.7,1740,28.5,152,0,0,0,0,0,0,10.899999999999977,5193.052656383928,4332.0
8340,M23199,M,298.8,309.7,1499,40.3,154,0,0,0,0,0,0,10.899999999999977,6326.08899085211,6206.2
8341,M23200,M,298.8,309.7,1480,38.1,157,0,0,0,0,0,0,10.899999999999977,5904.937551687375,5981.7
8342,L55521,L,298.8,309.7,1751,29.6,160,0,0,0,0,0,0,10.899999999999977,5427.583019949919,4736.0
8343,L55522,L,298.7,309.7,1510,40.6,162,0,0,0,0,0,0,11.0,6419.949307365861,6577.2
8344,H37757,H,298.8,309.8,1437,48.2,164,0,0,0,0,0,0,11.0,7253.246286755043,7904.8
8345,L55524,L,298.8,309.7,1609,40.4,169,0,0,0,0,0,0,10.899999999999977,6807.161073896315,6827.599999999999
8346,H37759,H,298.8,309.8,1490,35.9,171,0,0,0,0,0,0,11.0,5601.564421105721,6138.9
8347,L55526,L,298.7,309.7,1601,35.7,176,0,0,0,0,0,0,11.0,5985.330907692738,6283.200000000001
8348,L55527,L,298.7,309.6,1665,31.1,178,0,0,0,0,0,0,10.900000000000034,5422.5459997286625,5535.8
8349,M23208,M,298.7,309.6,1452,42.7,180,0,0,0,0,0,0,10.900000000000034,6492.666705320954,7686.000000000001
8350,M23209,M,298.7,309.5,1487,33.6,183,0,0,0,0,0,0,10.800000000000011,5232.1340689945855,6148.8
8351,M23210,M,298.7,309.6,1382,48.1,186,0,0,0,0,0,0,10.900000000000034,6961.161945775287,8946.6
8352,M23211,M,298.7,309.6,1686,26.2,189,0,0,0,0,0,0,10.900000000000034,4625.806686851754,4951.8
8353,L55532,L,298.6,309.6,1491,36.9,192,0,0,0,0,0,0,11.0,5761.46101519793,7084.799999999999
8354,L55533,L,298.7,309.6,1442,55.6,194,0,0,0,0,0,0,10.900000000000034,8395.927310669746,10786.4
8355,L55534,L,298.6,309.6,1390,50.3,196,0,0,0,0,0,0,11.0,7321.691118701252,9858.8
8356,L55535,L,298.7,309.6,1502,46.7,198,0,0,0,0,0,0,10.900000000000034,7345.399671260344,9246.6
8357,M23216,M,298.6,309.6,1344,59.4,200,0,0,0,0,0,0,11.0,8360.155042320868,11880.0
8358,L55537,L,298.5,309.5,1385,46.3,203,1,1,0,0,0,0,11.0,6715.206656925741,9398.9
8359,L55538,L,298.7,309.7,1547,37.4,0,0,0,0,0,0,0,11.0,6058.85464776225,0.0
8360,M23219,M,298.6,309.6,1525,42.4,2,0,0,0,0,0,0,11.0,6771.1793660372,84.8
8361,L55540,L,298.6,309.6,1540,35.8,5,0,0,0,0,0,0,11.0,5773.409539257082,179.0
8362,L55541,L,298.6,309.5,1450,44.3,7,0,0,0,0,0,0,10.899999999999977,6726.673470111345,310.09999999999997
8363,L55542,L,298.6,309.6,1353,62.5,9,0,0,0,0,0,0,11.0,8855.364292306229,562.5
8364,L55543,L,298.8,309.7,1582,45.0,11,0,0,0,0,0,0,10.899999999999977,7454.999366968579,495.0
8365,L55544,L,298.9,309.8,1396,49.0,13,0,0,0,0,0,0,10.900000000000034,7163.250129205207,637.0
8366,M23225,M,298.8,309.8,1551,36.6,15,0,0,0,0,0,0,11.0,5944.584450975679,549.0
8367,M23226,M,298.9,309.8,1836,22.8,18,0,0,0,0,0,0,10.900000000000034,4383.652725113054,410.40000000000003
8368,L55547,L,298.9,309.8,1390,49.9,21,0,0,0,0,0,0,10.900000000000034,7263.466934854721,1047.8999999999999
8369,L55548,L,298.9,309.8,1534,42.1,23,0,0,0,0,0,0,10.900000000000034,6762.948393284795,968.3000000000001
8370,L55549,L,298.8,309.7,1953,20.6,25,0,0,0,0,0,0,10.899999999999977,4213.064244023128,515.0
8371,L55550,L,298.8,309.8,1634,33.6,27,0,0,0,0,0,0,11.0,5749.365883481609,907.2
8372,L55551,L,298.7,309.7,1881,21.7,29,0,0,0,0,0,0,11.0,4274.419548547736,629.3
8373,M23232,M,298.8,309.7,1448,44.8,31,0,0,0,0,0,0,10.899999999999977,6793.212402514377,1388.8
8374,M23233,M,298.7,309.7,1362,50.5,34,0,0,0,0,0,0,11.0,7202.729476885318,1717.0
8375,L55554,L,298.8,309.7,1225,63.4,37,0,0,0,0,0,0,10.899999999999977,8133.059781368375,2345.7999999999997
8376,M23235,M,298.8,309.6,1384,48.2,39,0,0,0,0,0,0,10.800000000000011,6985.72920032636,1879.8000000000002
8377,L55556,L,298.8,309.8,1334,49.3,42,0,0,0,0,0,0,11.0,6887.020359150568,2070.6
8378,L55557,L,298.8,309.7,1336,50.3,44,0,0,0,0,0,0,10.899999999999977,7037.2513198452325,2213.2
8379,M23238,M,298.8,309.9,1331,61.6,46,0,0,0,0,0,0,11.099999999999966,8585.930834358856,2833.6
8380,L55559,L,298.8,309.9,1629,31.9,49,0,0,0,0,0,0,11.099999999999966,5441.772546768631,1563.1
8381,L55560,L,298.9,310.0,1776,25.7,51,0,0,0,0,0,0,11.100000000000023,4779.744726877654,1310.7
8382,H37795,H,298.8,310.0,1530,38.3,53,0,0,0,0,0,0,11.199999999999989,6136.472930256942,2029.8999999999999
8383,L55562,L,298.9,310.0,1719,27.3,58,0,0,0,0,0,0,11.100000000000023,4914.361972083978,1583.4
8384,M23243,M,298.8,309.9,1495,35.2,60,0,0,0,0,0,0,11.099999999999966,5510.772393416976,2112.0
8385,L55564,L,298.8,309.7,1450,43.1,63,0,0,0,0,0,0,10.899999999999977,6544.4610962031375,2715.3
8386,H37799,H,298.8,309.8,1563,38.8,65,0,0,0,0,0,0,11.0,6350.666717378694,2522.0
8387,M23246,M,298.9,309.9,1501,37.1,70,0,0,0,0,0,0,11.0,5831.539475324005,2597.0
8388,L55567,L,298.8,309.9,1351,47.2,73,0,0,0,0,0,0,11.099999999999966,6677.685568666368,3445.6000000000004
8389,L55568,L,298.9,309.9,1365,46.5,75,0,0,0,0,0,0,11.0,6646.824656832605,3487.5
8390,L55569,L,298.8,309.9,1525,39.7,77,0,0,0,0,0,0,11.099999999999966,6339.995774332002,3056.9
8391,M23250,M,298.8,309.8,1288,61.9,79,0,0,0,0,0,0,11.0,8349.012860376139,4890.099999999999
8392,L55571,L,298.6,309.6,1423,42.7,82,0,0,0,0,0,0,11.0,6362.992232556279,3501.4
8393,M23252,M,298.5,309.6,1502,39.4,84,0,0,0,0,0,0,11.100000000000023,6197.189444275321,3309.6
8394,L55573,L,298.5,309.5,1428,43.5,87,0,0,0,0,0,0,11.0,6504.981748523025,3784.5
8395,M23254,M,298.6,309.5,1566,38.1,89,0,0,0,0,0,0,10.899999999999977,6248.062301312452,3390.9
8396,M23255,M,298.5,309.5,1483,44.8,92,0,0,0,0,0,0,11.0,6957.412978542003,4121.599999999999
8397,H37810,H,298.6,309.6,1593,33.3,95,0,0,0,0,0,0,11.0,5555.058377857079,3163.4999999999995
8398,L55577,L,298.5,309.6,1724,26.4,100,0,0,0,0,0,0,11.100000000000023,4766.173046614146,2640.0
8399,L55578,L,298.5,309.7,2617,12.1,102,1,0,0,1,0,0,11.199999999999989,3316.0243496926105,1234.2
8400,L55579,L,298.6,309.7,1294,59.4,104,0,0,0,0,0,0,11.099999999999966,8049.13736961548,6177.599999999999
8401,L55580,L,298.6,309.6,1533,40.7,106,0,0,0,0,0,0,11.0,6533.790153156444,4314.200000000001
8402,H37815,H,298.5,309.4,1671,31.8,108,0,0,0,0,0,0,10.899999999999977,5564.577403597457,3434.4
8403,L55582,L,298.5,309.5,1370,52.4,113,0,0,0,0,0,0,11.0,7517.621780530135,5921.2
8404,L55583,L,298.5,309.6,1462,45.1,115,0,0,0,0,0,0,11.100000000000023,6904.82271752091,5186.5
8405,L55584,L,298.4,309.5,1545,36.6,117,0,0,0,0,0,0,11.100000000000023,5921.587992751401,4282.2
8406,M23265,M,298.4,309.5,1484,41.7,119,0,0,0,0,0,0,11.100000000000023,6480.351662118882,4962.3
8407,M23266,M,298.4,309.5,1344,45.3,122,0,0,0,0,0,0,11.100000000000023,6375.6737949012695,5526.599999999999
8408,L55587,L,298.4,309.5,1357,50.1,125,0,0,0,0,0,0,11.100000000000023,7119.445855638653,6262.5
8409,M23268,M,298.5,309.6,1572,33.0,127,0,0,0,0,0,0,11.100000000000023,5432.44201658747,4191.0
8410,L55589,L,298.5,309.6,1861,26.9,130,0,0,0,0,0,0,11.100000000000023,5242.365189069775,3497.0
8411,L55590,L,298.5,309.5,1548,44.5,132,0,0,0,0,0,0,11.0,7213.725051172883,5874.0
8412,L55591,L,298.6,309.8,1496,37.7,134,0,0,0,0,0,0,11.199999999999989,5906.110412944716,5051.8
8413,M23272,M,298.6,309.7,1314,49.7,136,0,0,0,0,0,0,11.099999999999966,6838.807383893477,6759.200000000001
8414,M23273,M,298.6,309.7,1422,49.7,139,0,0,0,0,0,0,11.099999999999966,7400.901141473763,6908.3
8415,L55594,L,298.6,309.8,1842,20.1,142,0,0,0,0,0,0,11.199999999999989,3877.1651575013075,2854.2000000000003
8416,M23275,M,298.7,309.9,1434,53.0,144,0,0,0,0,0,0,11.199999999999989,7958.910828604381,7632.0
8417,M23276,M,298.8,310.1,1585,31.3,147,0,0,0,0,0,0,11.300000000000011,5195.199411363881,4601.1
8418,H37831,H,298.8,310.1,1704,30.7,150,0,0,0,0,0,0,11.300000000000011,5478.183605623737,4605.0
8419,L55598,L,298.9,310.2,1971,23.2,155,0,0,0,0,0,0,11.300000000000011,4788.541186307706,3596.0
8420,L55599,L,299.0,310.3,1431,39.9,157,0,0,0,0,0,0,11.300000000000011,5979.173386091702,6264.3
8421,L55600,L,298.9,310.4,1546,37.7,159,0,0,0,0,0,0,11.5,6103.507151345274,5994.3
8422,L55601,L,298.9,310.3,1496,36.3,161,0,0,0,0,0,0,11.400000000000034,5686.785357822099,5844.299999999999
8423,H37836,H,298.9,310.3,1243,63.0,163,0,0,0,0,0,0,11.400000000000034,8200.499303665436,10269.0
8424,L55603,L,299.0,310.4,1452,46.2,168,0,0,0,0,0,0,11.399999999999977,7024.852500839065,7761.6
8425,L55604,L,299.1,310.6,1380,44.7,170,0,0,0,0,0,0,11.5,6459.742814311333,7599.000000000001
8426,L55605,L,299.2,310.6,1567,38.4,172,0,0,0,0,0,0,11.400000000000034,6301.280880864263,6604.8
8427,L55606,L,299.1,310.5,1628,35.9,174,0,0,0,0,0,0,11.399999999999977,6120.367031919539,6246.599999999999
8428,L55607,L,299.1,310.4,1505,46.1,176,0,0,0,0,0,0,11.299999999999955,7265.508970079554,8113.6
8429,M23288,M,299.0,310.3,1827,28.0,178,0,0,0,0,0,0,11.300000000000011,5357.043792901315,4984.0
8430,L55609,L,299.0,310.3,1577,40.0,181,0,0,0,0,0,0,11.300000000000011,6605.722152948138,7240.0
8431,L55610,L,298.9,310.2,1304,57.2,183,0,0,0,0,0,0,11.300000000000011,7810.920870669279,10467.6
8432,H37845,H,298.9,310.1,1324,54.6,185,0,0,0,0,0,0,11.200000000000045,7570.2329855022535,10101.0
8433,L55612,L,298.8,310.0,1537,39.9,190,0,0,0,0,0,0,11.199999999999989,6422.0751183947905,7581.0
8434,M23293,M,298.8,310.1,1501,48.7,192,0,0,0,0,0,0,11.300000000000011,7654.877963565473,9350.400000000001
8435,M23294,M,298.7,309.9,1654,29.1,195,0,0,0,0,0,0,11.199999999999989,5040.308421566392,5674.5
8436,M23295,M,298.7,310.0,1519,38.1,198,0,0,0,0,0,0,11.300000000000011,6060.540635819678,7543.8
8437,L55616,L,298.7,309.9,1371,51.3,201,0,0,0,0,0,0,11.199999999999989,7365.181233002447,10311.3
8438,L55617,L,298.7,309.8,1181,65.9,203,1,0,0,0,1,0,11.100000000000023,8150.118629477369,13377.7
8439,L55618,L,298.6,309.8,1469,42.8,205,0,0,0,0,0,0,11.199999999999989,6584.066107589392,8774.0
8440,L55619,L,298.6,309.8,1637,34.6,207,0,0,0,0,0,0,11.199999999999989,5931.347873928554,7162.200000000001
8441,L55620,L,298.6,309.8,1370,56.0,0,0,0,0,0,0,0,11.199999999999989,8034.099612780297,0.0
8442,L55621,L,298.6,309.9,1630,30.6,2,0,0,0,0,0,0,11.299999999999955,5223.21194585839,61.2
8443,L55622,L,298.6,310.0,1517,39.0,4,0,0,0,0,0,0,11.399999999999977,6195.534872144431,156.0
8444,M23303,M,298.6,309.9,1668,32.3,6,0,0,0,0,0,0,11.299999999999955,5641.923414728837,193.79999999999998
8445,M23304,M,298.6,309.9,1818,24.9,9,0,0,0,0,0,0,11.299999999999955,4740.474818707782,224.1
8446,M23305,M,298.6,310.0,1541,36.9,12,0,0,0,0,0,0,11.399999999999977,5954.6689633937,442.79999999999995
8447,L55626,L,298.5,309.9,1482,42.1,15,0,0,0,0,0,0,11.399999999999977,6533.695905376837,631.5
8448,L55627,L,298.6,310.1,1439,49.9,17,0,0,0,0,0,0,11.5,7519.5172080978,848.3
8449,L55628,L,298.5,310.0,1492,41.2,19,0,0,0,0,0,0,11.5,6437.165235107534,782.8000000000001
8450,L55629,L,298.4,309.9,1725,27.8,21,0,0,0,0,0,0,11.5,5021.835856763284,583.8000000000001
8451,L55630,L,298.4,310.0,1559,44.2,23,0,0,0,0,0,0,11.600000000000023,7216.007941834491,1016.6
8452,L55631,L,298.5,310.0,1435,42.5,25,0,0,0,0,0,0,11.5,6386.59606536025,1062.5
8453,M23312,M,298.6,310.0,1512,37.5,27,0,0,0,0,0,0,11.399999999999977,5937.610115284709,1012.5
8454,L55633,L,298.6,309.9,1564,37.1,30,0,0,0,0,0,0,11.299999999999955,6076.3009589651865,1113.0
8455,L55634,L,298.6,310.0,1522,40.3,32,0,0,0,0,0,0,11.399999999999977,6423.153731872523,1289.6
8456,L55635,L,298.6,309.9,1356,59.5,34,0,0,0,0,0,0,11.299999999999955,8448.99928256439,2023.0
8457,L55636,L,298.6,309.9,1556,38.6,36,0,0,0,0,0,0,11.299999999999955,6289.6360440949575,1389.6000000000001
8458,L55637,L,298.6,309.9,1393,45.5,38,0,0,0,0,0,0,11.299999999999955,6637.295159116716,1729.0
8459,L55638,L,298.7,309.9,1753,26.8,40,0,0,0,0,0,0,11.199999999999989,4919.775983423664,1072.0
8460,L55639,L,298.7,309.9,1651,29.5,42,0,0,0,0,0,0,11.199999999999989,5100.323313225469,1239.0
8461,L55640,L,298.7,309.9,1372,54.7,44,0,0,0,0,0,0,11.199999999999989,7859.0500701222745,2406.8
8462,L55641,L,298.7,309.9,1446,43.3,46,0,0,0,0,0,0,11.199999999999989,6556.692363601112,1991.8
8463,M23322,M,298.7,309.8,1501,44.7,48,0,0,0,0,0,0,11.100000000000023,7026.140553827036,2145.6000000000004
8464,M23323,M,298.7,309.9,1411,45.1,51,0,0,0,0,0,0,11.199999999999989,6663.956808770181,2300.1
8465,H37878,H,298.6,309.7,1672,27.5,54,0,0,0,0,0,0,11.099999999999966,4815.014340401956,1485.0
8466,M23325,M,298.7,309.8,1475,40.5,59,0,0,0,0,0,0,11.100000000000023,6255.696371460675,2389.5
8467,L55646,L,298.7,309.8,1469,38.4,62,0,0,0,0,0,0,11.100000000000023,5907.199498397959,2380.7999999999997
8468,L55647,L,298.6,309.8,1704,28.3,64,0,0,0,0,0,0,11.199999999999989,5049.921695086377,1811.2
8469,H37882,H,298.6,309.7,1463,39.1,66,0,0,0,0,0,0,11.099999999999966,5990.315568036433,2580.6
8470,M23329,M,298.6,309.7,1280,64.1,71,0,0,0,0,0,0,11.099999999999966,8592.046468057844,4551.099999999999
8471,L55650,L,298.7,309.9,1464,38.0,74,0,0,0,0,0,0,11.199999999999989,5825.769416816912,2812.0
8472,L55651,L,298.6,309.8,1332,46.4,76,0,0,0,0,0,0,11.199999999999989,6472.183521219547,3526.4
8473,L55652,L,298.5,309.7,1634,37.8,78,0,0,0,0,0,0,11.199999999999989,6468.036618916809,2948.3999999999996
8474,M23333,M,298.6,309.8,1430,43.1,80,0,0,0,0,0,0,11.199999999999989,6454.19266728999,3448.0
8475,M23334,M,298.5,309.7,1523,44.6,83,0,0,0,0,0,0,11.199999999999989,7113.173142306986,3701.8
8476,M23335,M,298.5,309.7,1557,37.7,86,0,0,0,0,0,0,11.199999999999989,6146.934433793397,3242.2000000000003
8477,L55656,L,298.5,309.6,1585,32.2,89,0,0,0,0,0,0,11.100000000000023,5344.582142042076,2865.8
8478,H37891,H,298.5,309.6,1579,33.5,91,0,0,0,0,0,0,11.100000000000023,5539.308526687083,3048.5
8479,M23338,M,298.5,309.7,1354,60.8,96,0,0,0,0,0,0,11.199999999999989,8620.865344666774,5836.799999999999
8480,L55659,L,298.6,309.7,1627,33.4,99,0,0,0,0,0,0,11.099999999999966,5690.659988761527,3306.6
8481,L55660,L,298.4,309.6,1477,35.6,101,0,0,0,0,0,0,11.200000000000045,5506.290387897854,3595.6000000000004
8482,M23341,M,298.3,309.4,1595,29.0,103,0,0,0,0,0,0,11.099999999999966,4843.8122730598625,2987.0
8483,L55662,L,298.4,309.5,1520,38.1,106,0,0,0,0,0,0,11.100000000000023,6064.530458489737,4038.6000000000004
8484,L55663,L,298.3,309.4,1618,31.5,108,0,0,0,0,0,0,11.099999999999966,5337.2517591836995,3402.0
8485,L55664,L,298.4,309.5,1397,50.3,110,0,0,0,0,0,0,11.100000000000023,7358.562944478883,5533.0
8486,L55665,L,298.4,309.5,1450,47.9,112,0,0,0,0,0,0,11.100000000000023,7273.310591835969,5364.8
8487,M23346,M,298.5,309.5,1501,40.2,114,0,0,0,0,0,0,11.0,6318.810967871294,4582.8
8488,L55667,L,298.4,309.4,1392,50.1,117,0,0,0,0,0,0,11.0,7303.071946240976,5861.7
8489,L55668,L,298.4,309.4,1385,43.2,119,0,0,0,0,0,0,11.0,6265.592388319484,5140.8
8490,L55669,L,298.4,309.4,1461,46.3,121,0,0,0,0,0,0,11.0,7083.694531240802,5602.299999999999
8491,M23350,M,298.5,309.6,1364,58.7,123,0,0,0,0,0,0,11.100000000000023,8384.575689214775,7220.1
8492,L55671,L,298.5,309.5,1579,38.6,126,0,0,0,0,0,0,11.0,6382.606242690191,4863.6
8493,M23352,M,298.4,309.5,1514,38.8,128,0,0,0,0,0,0,11.100000000000023,6151.573518945197,4966.4
8494,M23353,M,298.3,309.5,1560,36.9,131,0,0,0,0,0,0,11.199999999999989,6028.087983708095,4833.9
8495,L55674,L,298.3,309.5,1542,36.7,134,0,0,0,0,0,0,11.199999999999989,5926.237549878714,4917.8
8496,L55675,L,298.3,309.4,1668,27.1,136,0,0,0,0,0,0,11.099999999999966,4733.626146722957,3685.6000000000004
8497,M23356,M,298.3,309.4,1816,22.6,138,0,0,0,0,0,0,11.099999999999966,4297.866301719029,3118.8
8498,M23357,M,298.3,309.4,1509,34.2,141,0,0,0,0,0,0,11.099999999999966,5404.356178264377,4822.200000000001
8499,L55678,L,298.4,309.6,1479,37.8,144,0,0,0,0,0,0,11.200000000000045,5854.483573670723,5443.2
8500,L55679,L,298.4,309.6,1655,30.2,146,0,0,0,0,0,0,11.200000000000045,5233.998080635714,4409.2
8501,L55680,L,298.3,309.5,1711,30.3,148,0,0,0,0,0,0,11.199999999999989,5429.017680595058,4484.400000000001
8502,L55681,L,298.4,309.7,1581,34.6,150,0,0,0,0,0,0,11.300000000000011,5728.442876408701,5190.0
8503,H37916,H,298.6,309.8,1279,55.9,152,0,0,0,0,0,0,11.199999999999989,7487.054084010706,8496.8
8504,L55683,L,298.5,309.8,1468,40.9,157,0,0,0,0,0,0,11.300000000000011,6287.499761090516,6421.3
8505,L55684,L,298.4,309.7,1419,41.3,159,0,0,0,0,0,0,11.300000000000011,6137.069832861124,6566.7
8506,L55685,L,298.4,309.7,1530,38.6,161,0,0,0,0,0,0,11.300000000000011,6184.539297856866,6214.6
8507,L55686,L,298.4,309.6,1710,27.3,163,1,0,0,0,0,0,11.200000000000045,4888.632328251077,4449.900000000001
8508,L55687,L,298.4,309.7,1518,39.8,165,0,0,0,0,0,0,11.300000000000011,6326.790613211411,6566.999999999999
8509,M23368,M,298.4,309.7,1679,33.3,167,0,0,0,0,0,0,11.300000000000011,5854.954812568761,5561.099999999999
8510,M23369,M,298.4,309.7,1870,22.5,170,0,0,0,0,0,0,11.300000000000011,4406.083696659684,3825.0
8511,L55690,L,298.3,309.7,1484,44.3,173,0,0,0,0,0,0,11.399999999999977,6884.402365272576,7663.9
8512,L55691,L,298.4,309.7,1457,44.2,175,0,0,0,0,0,0,11.300000000000011,6743.889397853018,7735.000000000001
8513,H37926,H,298.3,309.6,1546,36.2,177,0,0,0,0,0,0,11.300000000000011,5860.662039222783,6407.400000000001
8514,M23373,M,298.2,309.5,1478,36.5,182,0,0,0,0,0,0,11.300000000000011,5649.316629440285,6643.0
8515,L55694,L,298.2,309.4,1447,47.1,185,0,0,0,0,0,0,11.199999999999989,7137.038774498756,8713.5
8516,L55695,L,298.2,309.4,1443,45.4,187,0,0,0,0,0,0,11.199999999999989,6860.421541350174,8489.8
8517,L55696,L,298.3,309.6,1527,30.9,189,0,0,0,0,0,0,11.300000000000011,4941.128341492562,5840.099999999999
8518,M23377,M,298.3,309.6,1469,54.8,191,0,0,0,0,0,0,11.300000000000011,8430.065950838754,10466.8
8519,M23378,M,298.3,309.6,1681,27.1,194,0,0,0,0,0,0,11.300000000000011,4770.518916451613,5257.400000000001
8520,L55699,L,298.3,309.6,1420,44.1,197,0,0,0,0,0,0,11.300000000000011,6557.760505103334,8687.7
8521,M23380,M,298.3,309.5,1543,49.9,199,0,0,0,0,0,0,11.199999999999989,8062.970849266787,9930.1
8522,L55701,L,298.4,309.5,1376,50.4,202,0,0,0,0,0,0,11.100000000000023,7262.356905450452,10180.8
8523,H37936,H,298.3,309.4,1631,29.8,0,0,0,0,0,0,0,11.099999999999966,5089.77803388492,0.0
8524,H37937,H,298.3,309.3,1529,41.7,5,0,0,0,0,0,0,11.0,6676.858282600923,208.5
8525,L55704,L,298.3,309.4,1468,46.2,10,0,0,0,0,0,0,11.099999999999966,7102.261343823518,462.0
8526,L55705,L,298.3,309.4,1378,52.3,12,0,0,0,0,0,0,11.099999999999966,7547.0899196208065,627.5999999999999
8527,L55706,L,298.3,309.3,1401,51.9,14,0,0,0,0,0,0,11.0,7614.3723622851885,726.6
8528,L55707,L,298.4,309.3,1531,37.4,16,0,0,0,0,0,0,10.900000000000034,5996.190346298647,598.4
8529,L55708,L,298.4,309.3,1512,35.8,18,0,0,0,0,0,0,10.900000000000034,5668.438456725135,644.4
8530,M23389,M,298.5,309.4,1522,47.4,20,0,0,0,0,0,0,10.899999999999977,7554.7763496465905,948.0
8531,M23390,M,298.5,309.3,1615,31.8,23,0,0,0,0,0,0,10.800000000000011,5378.092463680367,731.4
8532,L55711,L,298.6,309.3,1449,46.5,26,0,0,0,0,0,0,10.699999999999989,7055.860020329996,1209.0
8533,L55712,L,298.6,309.4,1315,55.5,28,0,0,0,0,0,0,10.799999999999955,7642.7095280205685,1554.0
8534,M23393,M,298.6,309.4,1465,41.1,30,0,0,0,0,0,0,10.799999999999955,6305.333535387394,1233.0
8535,M23394,M,298.6,309.5,1404,43.3,33,0,0,0,0,0,0,10.899999999999977,6366.2490169405,1428.8999999999999
8536,L55715,L,298.6,309.5,1547,44.8,36,0,0,0,0,0,0,10.899999999999977,7257.665460421091,1612.8
8537,M23396,M,298.6,309.5,1426,45.4,38,0,0,0,0,0,0,10.899999999999977,6779.598834348822,1725.2
8538,L55717,L,298.6,309.5,1730,30.2,41,0,0,0,0,0,0,10.899999999999977,5471.188325981744,1238.2
8539,L55718,L,298.5,309.4,1548,37.7,43,0,0,0,0,0,0,10.899999999999977,6111.4030208812965,1621.1000000000001
8540,L55719,L,298.5,309.4,1517,40.2,45,0,0,0,0,0,0,10.899999999999977,6386.16671436426,1809.0000000000002
8541,L55720,L,298.6,309.5,1687,29.3,47,0,0,0,0,0,0,10.899999999999977,5176.203247785174,1377.1000000000001
8542,L55721,L,298.5,309.5,1738,25.2,49,0,0,0,0,0,0,11.0,4586.473946828811,1234.8
8543,H37956,H,298.4,309.4,1512,35.3,51,0,0,0,0,0,0,11.0,5589.270321854672,1800.3
8544,M23403,M,298.5,309.4,1365,48.7,56,0,0,0,0,0,0,10.899999999999977,6961.298081456943,2727.2000000000003
8545,H37958,H,298.5,309.4,2011,21.0,59,0,0,0,0,0,0,10.899999999999977,4422.419978458352,1239.0
8546,L55725,L,298.4,309.3,1806,27.6,64,0,0,0,0,0,0,10.900000000000034,5219.8190257925135,1766.4
8547,L55726,L,298.4,309.3,1716,28.4,66,0,0,0,0,0,0,10.900000000000034,5103.4544339035465,1874.3999999999999
8548,M23407,M,298.4,309.4,1666,24.3,68,0,0,0,0,0,0,11.0,4239.453622313283,1652.4
8549,L55728,L,298.5,309.4,1578,36.3,71,0,0,0,0,0,0,10.899999999999977,5998.494180911278,2577.2999999999997
8550,L55729,L,298.3,309.3,1558,37.2,73,0,0,0,0,0,0,11.0,6069.3056793231935,2715.6000000000004
8551,L55730,L,298.3,309.2,1456,45.5,75,0,0,0,0,0,0,10.899999999999977,6937.47433716722,3412.5
8552,M23411,M,298.2,309.1,1457,49.0,77,0,0,0,0,0,0,10.900000000000034,7476.25747725787,3773.0
8553,L55732,L,298.2,309.1,1467,44.5,80,0,0,0,0,0,0,10.900000000000034,6836.262693844069,3560.0
8554,M23413,M,298.1,309.0,1661,38.2,82,0,0,0,0,0,0,10.899999999999977,6644.489406293436,3132.4
8555,L55734,L,298.1,309.0,1592,33.9,85,0,0,0,0,0,0,10.899999999999977,5651.599520101893,2881.5
8556,L55735,L,298.2,309.0,1596,37.2,87,0,0,0,0,0,0,10.800000000000011,6217.337525160345,3236.4
8557,L55736,L,298.2,309.0,1489,40.6,89,0,0,0,0,0,0,10.800000000000011,6330.6652441508395,3613.4
8558,L55737,L,298.3,309.0,1471,48.3,91,0,0,0,0,0,0,10.699999999999989,7440.265297423243,4395.3
8559,M23418,M,298.3,309.0,1505,41.3,93,0,0,0,0,0,0,10.699999999999989,6509.013459095131,3840.8999999999996
8560,L55739,L,298.3,309.0,1519,40.0,96,0,0,0,0,0,0,10.699999999999989,6362.772321070527,3840.0
8561,L55740,L,298.3,309.0,1408,45.4,98,0,0,0,0,0,0,10.699999999999989,6694.021850465035,4449.2
8562,L55741,L,298.2,308.9,1332,44.4,100,0,0,0,0,0,0,10.699999999999989,6193.210093580774,4440.0
8563,L55742,L,298.1,308.9,1351,52.4,102,0,0,0,0,0,0,10.799999999999955,7413.362792333001,5344.8
8564,L55743,L,298.0,308.9,1500,36.7,104,0,0,0,0,0,0,10.899999999999977,5764.822519337271,3816.8
8565,M23424,M,298.0,308.7,1614,30.7,106,0,0,0,0,0,0,10.699999999999989,5188.8429222281175,3254.2
8566,L55745,L,298.0,308.8,1489,36.5,109,0,0,0,0,0,0,10.800000000000011,5691.3616111208285,3978.5
8567,M23426,M,297.9,308.7,1751,26.6,111,0,0,0,0,0,0,10.800000000000011,4877.490146306346,2952.6000000000004
8568,L55747,L,298.0,308.7,1511,45.8,114,0,0,0,0,0,0,10.699999999999989,7247.004989349911,5221.2
8569,L55748,L,297.9,308.6,1691,29.6,116,0,0,0,0,0,0,10.700000000000045,5241.600734857403,3433.6000000000004
8570,L55749,L,297.9,308.6,1757,27.5,118,0,0,0,0,0,0,10.700000000000045,5059.79676799416,3245.0
8571,H37984,H,297.9,308.7,1545,35.9,120,0,0,0,0,0,0,10.800000000000011,5808.333577589488,4308.0
8572,L55751,L,297.9,308.6,2262,15.7,125,0,0,0,0,0,0,10.700000000000045,3718.954551466525,1962.5
8573,M23432,M,297.7,308.5,1559,35.2,127,0,0,0,0,0,0,10.800000000000011,5746.685057750546,4470.400000000001
8574,L55753,L,297.6,308.4,1626,32.4,130,0,0,0,0,0,0,10.799999999999955,5516.888027115963,4212.0
8575,L55754,L,297.6,308.3,1424,53.9,132,0,0,0,0,0,0,10.699999999999989,8037.6181965523165,7114.8
8576,M23435,M,297.6,308.3,1648,29.1,134,0,0,0,0,0,0,10.699999999999989,5022.0243523225,3899.4
8577,L55756,L,297.6,308.3,1523,39.5,137,0,0,0,0,0,0,10.699999999999989,6299.783388366052,5411.5
8578,L55757,L,297.6,308.3,1502,43.2,139,0,0,0,0,0,0,10.699999999999989,6794.8879185962915,6004.8
8579,L55758,L,297.5,308.2,1489,40.7,141,0,0,0,0,0,0,10.699999999999989,6346.258015688158,5738.700000000001
8580,M23439,M,297.4,308.1,1620,31.2,143,0,0,0,0,0,0,10.700000000000045,5292.955302768083,4461.599999999999
8581,L55760,L,297.5,308.1,1631,30.6,146,0,0,0,0,0,0,10.600000000000023,5226.416370365052,4467.6
8582,M23441,M,297.5,308.0,1429,45.8,148,0,0,0,0,0,0,10.5,6853.719477022516,6778.4
8583,M23442,M,297.5,308.1,1334,72.0,151,1,0,0,1,0,0,10.600000000000023,10058.123039733082,10872.0
8584,L55763,L,297.4,308.0,1423,38.0,154,0,0,0,0,0,0,10.600000000000023,5662.616038340482,5852.0
8585,L55764,L,297.4,307.9,1390,47.7,156,0,0,0,0,0,0,10.5,6943.233923698802,7441.200000000001
8586,M23445,M,297.4,307.9,1338,48.5,158,0,0,0,0,0,0,10.5,6795.5790689800815,7663.0
8587,H38000,H,297.3,307.9,1461,37.5,161,0,0,0,0,0,0,10.599999999999966,5737.33358361836,6037.5
8588,M23447,M,297.4,307.9,1627,34.3,166,0,0,0,0,0,0,10.5,5844.001126183245,5693.799999999999
8589,L55768,L,297.3,307.8,1385,44.4,169,0,0,0,0,0,0,10.5,6439.636621328357,7503.599999999999
8590,M23449,M,297.3,307.8,1538,48.0,171,0,0,0,0,0,0,10.5,7730.8312019537625,8208.0
8591,L55770,L,297.4,307.9,1557,35.5,174,0,0,0,0,0,0,10.5,5788.227384606514,6177.0
8592,L55771,L,297.4,307.9,1606,33.4,176,0,0,0,0,0,0,10.5,5617.209552520597,5878.4
8593,M23452,M,297.5,308.0,1430,44.5,178,0,0,0,0,0,0,10.5,6663.841617039549,7921.0
8594,M23453,M,297.4,308.0,1601,34.6,181,0,0,0,0,0,0,10.600000000000023,5800.908946951506,6262.6
8595,L55774,L,297.4,308.0,1356,51.9,184,0,0,0,0,0,0,10.600000000000023,7369.799374203223,9549.6
8596,M23455,M,297.5,308.2,1624,30.9,186,0,0,0,0,0,0,10.699999999999989,5255.004863512719,5747.4
8597,L55776,L,297.5,308.2,1327,56.5,189,0,0,0,0,0,0,10.699999999999989,7851.4159999740505,10678.5
8598,L55777,L,297.6,308.3,1410,47.0,191,0,0,0,0,0,0,10.699999999999989,6939.7781717798525,8977.0
8599,L55778,L,297.6,308.3,1478,42.3,193,0,0,0,0,0,0,10.699999999999989,6547.016258228056,8163.9
8600,L55779,L,297.6,308.4,1460,40.3,195,0,0,0,0,0,0,10.799999999999955,6161.500951730541,7858.499999999999
8601,L55780,L,297.5,308.3,1435,40.3,197,0,0,0,0,0,0,10.800000000000011,6055.995798447483,7939.099999999999
8602,H38015,H,297.4,308.2,1359,46.9,199,0,0,0,0,0,0,10.800000000000011,6674.5335040372665,9333.1
8603,L55782,L,297.4,308.1,1729,31.7,204,0,0,0,0,0,0,10.700000000000045,5739.616474279967,6466.8
8604,H38017,H,297.3,308.0,1384,49.1,206,0,0,0,0,0,0,10.699999999999989,7116.168127303408,10114.6
8605,L55784,L,297.4,308.2,1297,52.1,211,0,0,0,0,0,0,10.800000000000011,7076.301316529353,10993.1
8606,L55785,L,297.5,308.4,1633,33.3,213,0,0,0,0,0,0,10.899999999999977,5694.545091676466,7092.9
8607,M23466,M,297.5,308.4,1505,37.2,215,0,0,0,0,0,0,10.899999999999977,5862.840210129272,7998.000000000001
8608,L55787,L,297.5,308.4,1433,50.0,218,0,0,0,0,0,0,10.899999999999977,7503.170454323622,10900.0
8609,L55788,L,297.4,308.4,1369,50.6,220,1,0,0,0,1,0,11.0,7254.084044796001,11132.0
8610,L55789,L,297.4,308.3,1475,40.5,222,1,1,0,0,0,0,10.900000000000034,6255.696371460675,8991.0
8611,L55790,L,297.4,308.3,1561,38.3,0,0,0,0,0,0,0,10.900000000000034,6260.806695510514,0.0
8612,L55791,L,297.4,308.3,1472,45.5,2,0,0,0,0,0,0,10.900000000000034,7013.710318894333,91.0
8613,L55792,L,297.5,308.4,1441,44.5,4,0,0,0,0,0,0,10.899999999999977,6715.1019371706225,178.0
8614,M23473,M,297.5,308.5,1401,50.5,6,0,0,0,0,0,0,11.0,7408.975034593488,303.0
8615,L55794,L,297.5,308.5,1691,33.1,9,0,0,0,0,0,0,11.0,5861.384605533109,297.90000000000003
8616,L55795,L,297.6,308.6,1382,47.1,11,0,0,0,0,0,0,11.0,6816.439244199918,518.1
8617,L55796,L,297.6,308.6,1355,46.4,13,0,0,0,0,0,0,11.0,6583.940443883249,603.1999999999999
8618,L55797,L,297.6,308.6,1529,45.3,15,0,0,0,0,0,0,11.0,7253.2777026815775,679.5
8619,L55798,L,297.7,308.7,1829,24.9,17,0,0,0,0,0,0,11.0,4769.157559635057,423.29999999999995
8620,H38033,H,297.6,308.6,1480,39.8,19,0,0,0,0,0,0,11.0,6168.412455568438,756.1999999999999
8621,L55800,L,297.6,308.5,1475,42.4,24,0,0,0,0,0,0,10.899999999999977,6549.173485183522,1017.5999999999999
8622,M23481,M,297.6,308.5,1431,52.6,26,0,0,0,0,0,0,10.899999999999977,7882.318799709863,1367.6000000000001
8623,L55802,L,297.5,308.3,1437,42.3,29,0,0,0,0,0,0,10.800000000000011,6365.40078692403,1226.6999999999998
8624,M23483,M,297.5,308.3,1476,45.6,31,0,0,0,0,0,0,10.800000000000011,7048.2259501817725,1413.6000000000001
8625,H38038,H,297.5,308.4,1490,39.7,34,0,0,0,0,0,0,10.899999999999977,6194.487674593235,1349.8000000000002
8626,L55805,L,297.4,308.3,1632,33.5,39,0,0,0,0,0,0,10.900000000000034,5725.238451902039,1306.5
8627,L55806,L,297.4,308.2,1402,49.7,41,0,0,0,0,0,0,10.800000000000011,7296.809704884821,2037.7
8628,L55807,L,297.4,308.3,1347,45.8,43,0,0,0,0,0,0,10.900000000000034,6460.433964695122,1969.3999999999999
8629,L55808,L,297.5,308.4,1747,31.0,45,0,0,0,0,0,0,10.899999999999977,5671.3077780154135,1395.0
8630,H38043,H,297.5,308.5,1557,39.1,47,0,0,0,0,0,0,11.0,6375.202556003232,1837.7
8631,L55810,L,297.4,308.4,1371,57.4,52,0,0,0,0,0,0,11.0,8240.963017043672,2984.7999999999997
8632,H38045,H,297.3,308.3,1506,37.0,54,0,0,0,0,0,0,11.0,5835.194194777681,1998.0
8633,L55812,L,297.3,308.3,1590,35.5,59,0,0,0,0,0,0,11.0,5910.906577729195,2094.5
8634,L55813,L,297.4,308.3,1336,53.7,61,0,0,0,0,0,0,10.900000000000034,7512.930335500774,3275.7000000000003
8635,L55814,L,297.3,308.3,1411,43.2,63,0,0,0,0,0,0,11.0,6383.213617269886,2721.6000000000004
8636,L55815,L,297.4,308.3,1704,27.3,65,0,0,0,0,0,0,10.900000000000034,4871.479232362477,1774.5
8637,L55816,L,297.5,308.4,1723,27.3,67,0,0,0,0,0,0,10.899999999999977,4925.797369343044,1829.1000000000001
8638,L55817,L,297.5,308.5,1459,39.7,69,0,0,0,0,0,0,11.0,6065.609071967469,2739.3
8639,L55818,L,297.6,308.5,1572,35.9,71,0,0,0,0,0,0,10.899999999999977,5909.838436226974,2548.9
8640,L55819,L,297.5,308.4,1384,56.0,73,0,0,0,0,0,0,10.899999999999977,8116.19990079411,4088.0
8641,L55820,L,297.6,308.6,1383,47.5,75,0,0,0,0,0,0,11.0,6879.3025131982495,3562.5
8642,M23501,M,297.6,308.5,1360,48.6,77,0,0,0,0,0,0,10.899999999999977,6921.556934389032,3742.2000000000003
8643,M23502,M,297.5,308.4,1596,36.6,80,0,0,0,0,0,0,10.899999999999977,6117.057887657758,2928.0
8644,L55823,L,297.5,308.5,1448,54.3,83,0,0,0,0,0,0,11.0,8233.737353940416,4506.9
8645,M23504,M,297.6,308.5,1443,38.2,85,0,0,0,0,0,0,10.899999999999977,5772.425173558958,3247.0000000000005
8646,M23505,M,297.6,308.6,1492,35.5,88,0,0,0,0,0,0,11.0,5546.586549667899,3124.0
8647,L55826,L,297.5,308.6,1497,43.9,91,0,0,0,0,0,0,11.100000000000023,6882.004282880337,3994.9
8648,L55827,L,297.5,308.5,1530,38.5,93,0,0,0,0,0,0,11.0,6168.517175323558,3580.5
8649,M23508,M,297.4,308.4,1478,46.2,95,0,0,0,0,0,0,11.0,7150.6418706888,4389.0
8650,L55829,L,297.4,308.4,1328,61.8,98,0,0,0,0,0,0,11.0,8594.392190572524,6056.4
8651,H38064,H,297.4,308.3,1771,27.4,100,0,0,0,0,0,0,10.900000000000034,5081.568005083537,2740.0
8652,M23511,M,297.4,308.4,1564,35.0,105,0,0,0,0,0,0,11.0,5732.359395250176,3675.0
8653,H38066,H,297.3,308.3,1461,41.5,108,0,0,0,0,0,0,11.0,6349.315832537651,4482.0
8654,M23513,M,297.4,308.3,1335,57.9,113,0,0,0,0,0,0,10.900000000000034,8094.470551606781,6542.7
8655,M23514,M,297.4,308.4,1441,46.8,116,0,0,0,0,0,0,11.0,7062.174621563711,5428.799999999999
8656,L55835,L,297.3,308.3,1268,60.6,119,0,0,0,0,0,0,11.0,8046.749759198752,7211.400000000001
8657,M23516,M,297.3,308.3,1697,27.4,121,0,0,0,0,0,0,11.0,4869.238229602915,3315.3999999999996
8658,L55837,L,297.4,308.4,1421,46.0,124,0,0,0,0,0,0,11.0,6845.11151315168,5704.0
8659,L55838,L,297.4,308.5,1496,36.4,126,0,0,0,0,0,0,11.100000000000023,5702.451433188001,4586.4
8660,L55839,L,297.5,308.5,1375,55.6,128,0,0,0,0,0,0,11.0,8005.825278897989,7116.8
8661,L55840,L,297.4,308.5,1295,52.1,130,0,0,0,0,0,0,11.100000000000023,7065.389518045885,6773.0
8662,L55841,L,297.4,308.5,1643,33.8,132,0,0,0,0,0,0,11.100000000000023,5815.444048962113,4461.599999999999
8663,L55842,L,297.5,308.6,1514,36.9,134,0,0,0,0,0,0,11.100000000000023,5850.336671367984,4944.599999999999
8664,L55843,L,297.5,308.6,1671,29.4,136,0,0,0,0,0,0,11.100000000000023,5144.609297665573,3998.3999999999996
8665,H38078,H,297.5,308.6,1355,58.9,138,0,0,0,0,0,0,11.100000000000023,8357.631296222486,8128.2
8666,L55845,L,297.6,308.7,1365,50.6,143,0,0,0,0,0,0,11.099999999999966,7232.888766359781,7235.8
8667,L55846,L,297.5,308.7,1407,42.5,145,0,0,0,0,0,0,11.199999999999989,6261.979556767855,6162.5
8668,M23527,M,297.5,308.8,1455,46.1,147,0,0,0,0,0,0,11.300000000000011,7024.129934528739,6776.7
8669,L55848,L,297.5,308.8,1502,45.9,150,0,0,0,0,0,0,11.300000000000011,7219.56841350856,6885.0
8670,M23529,M,297.5,308.8,1471,52.3,152,0,0,0,0,0,0,11.300000000000011,8056.436336547321,7949.599999999999
8671,L55850,L,297.5,308.9,1581,30.4,155,0,0,0,0,0,0,11.399999999999977,5033.082758463135,4712.0
8672,L55851,L,297.5,308.8,1530,37.8,157,0,0,0,0,0,0,11.300000000000011,6056.362317590402,5934.599999999999
8673,L55852,L,297.5,308.8,1312,50.3,159,0,0,0,0,0,0,11.300000000000011,6910.833631464778,7997.7
8674,L55853,L,297.4,308.6,1494,42.6,161,0,0,0,0,0,0,11.200000000000045,6664.825982737674,6858.6
8675,M23534,M,297.4,308.6,1528,29.1,163,0,0,0,0,0,0,11.200000000000045,4656.342967444648,4743.3
8676,H38089,H,297.3,308.6,1688,29.4,166,0,0,0,0,0,0,11.300000000000011,5196.9482312743785,4880.4
8677,M23536,M,297.3,308.5,1520,42.4,171,0,0,0,0,0,0,11.199999999999989,6748.978777951833,7250.4
8678,M23537,M,297.3,308.5,1664,28.9,174,0,0,0,0,0,0,11.199999999999989,5035.93113580239,5028.599999999999
8679,L55858,L,297.3,308.5,1514,44.5,177,0,0,0,0,0,0,11.199999999999989,7055.284061676837,7876.5
8680,L55859,L,297.3,308.5,1456,54.2,179,0,0,0,0,0,0,11.199999999999989,8263.980419218975,9701.800000000001
8681,L55860,L,297.2,308.5,1494,39.6,181,0,0,0,0,0,0,11.300000000000011,6195.472040291359,7167.6
8682,L55861,L,297.2,308.4,1605,30.0,183,0,0,0,0,0,0,11.199999999999989,5042.256209011618,5490.0
8683,M23542,M,297.2,308.5,1353,46.5,185,0,0,0,0,0,0,11.300000000000011,6588.391033475835,8602.5
8684,L55863,L,297.2,308.5,1447,47.9,188,0,0,0,0,0,0,11.300000000000011,7258.262363025275,9005.199999999999
8685,L55864,L,297.2,308.5,1588,40.4,190,0,0,0,0,0,0,11.300000000000011,6718.316833652796,7676.0
8686,H38099,H,297.2,308.5,1524,41.4,192,0,0,0,0,0,0,11.300000000000011,6607.146341617765,7948.799999999999
8687,M23546,M,297.2,308.5,1611,31.6,197,0,0,0,0,0,0,11.300000000000011,5331.031405729592,6225.200000000001
8688,M23547,M,297.2,308.5,1604,34.9,200,0,0,0,0,0,0,11.300000000000011,5862.170003696506,6980.0
8689,L55868,L,297.1,308.5,1483,46.9,203,0,0,0,0,0,0,11.399999999999977,7283.54171191116,9520.699999999999
8690,L55869,L,297.1,308.4,1543,39.6,205,0,0,0,0,0,0,11.299999999999955,6398.670253125547,8118.0
8691,L55870,L,297.1,308.5,1323,44.4,207,1,1,0,0,0,0,11.399999999999977,6151.364079434958,9190.8
8692,L55871,L,297.1,308.5,1555,36.2,0,0,0,0,0,0,0,11.399999999999977,5894.7797354407685,0.0
8693,L55872,L,297.1,308.4,1583,31.9,2,0,0,0,0,0,0,11.299999999999955,5288.106778106043,63.8
8694,M23553,M,297.2,308.5,1584,40.0,4,0,0,0,0,0,0,11.300000000000011,6635.043684381642,160.0
8695,L55874,L,297.2,308.5,1766,25.8,7,0,0,0,0,0,0,11.300000000000011,4771.325258566034,180.6
8696,M23555,M,297.2,308.6,1498,44.4,9,0,0,0,0,0,0,11.400000000000034,6965.036576714714,399.59999999999997
8697,L55876,L,297.2,308.6,1413,49.8,12,0,0,0,0,0,0,11.400000000000034,7368.856896407146,597.5999999999999
8698,L55877,L,297.3,308.6,1505,33.5,14,0,0,0,0,0,0,11.300000000000011,5279.708253745446,469.0
8699,H38112,H,297.3,308.7,1438,46.2,16,0,0,0,0,0,0,11.399999999999977,6957.119763227669,739.2
8700,M23559,M,297.3,308.7,1655,34.1,21,0,0,0,0,0,0,11.399999999999977,5909.911740055559,716.1
8701,M23560,M,297.3,308.7,1451,43.8,24,0,0,0,0,0,0,11.399999999999977,6655.338372923832,1051.1999999999998
8702,M23561,M,297.3,308.7,1466,38.4,27,0,0,0,0,0,0,11.399999999999977,5895.135782608175,1036.8
8703,L55882,L,297.2,308.6,1774,23.0,30,0,0,0,0,0,0,11.400000000000034,4272.775448392358,690.0
8704,M23563,M,297.2,308.6,1284,51.3,32,0,0,0,0,0,0,11.400000000000034,6897.806493927893,1641.6
8705,L55884,L,297.1,308.5,1425,40.0,35,0,0,0,0,0,0,11.399999999999977,5969.026041820606,1400.0
8706,L55885,L,297.2,308.6,1437,52.4,37,0,0,0,0,0,0,11.400000000000034,7885.271896804237,1938.8
8707,L55886,L,297.2,308.6,1335,53.0,39,0,0,0,0,0,0,11.400000000000034,7409.446273491527,2067.0
8708,L55887,L,297.2,308.5,1471,41.7,41,0,0,0,0,0,0,11.300000000000011,6423.583082868514,1709.7
8709,M23568,M,297.2,308.5,1364,54.0,43,0,0,0,0,0,0,11.300000000000011,7713.238283093659,2322.0
8710,L55889,L,297.1,308.5,1578,35.6,46,0,0,0,0,0,0,11.399999999999977,5882.820739406103,1637.6000000000001
8711,L55890,L,297.1,308.5,1712,32.1,48,0,0,0,0,0,0,11.399999999999977,5754.895086551926,1540.8000000000002
8712,L55891,L,297.1,308.5,1733,28.7,50,0,0,0,0,0,0,11.399999999999977,5208.45693236203,1435.0
8713,L55892,L,297.2,308.6,1652,32.1,52,0,0,0,0,0,0,11.400000000000034,5553.204838191462,1669.2
8714,L55893,L,297.2,308.6,1917,24.1,54,0,0,0,0,0,0,11.400000000000034,4838.0212706017455,1301.4
8715,M23574,M,297.2,308.6,1444,41.1,56,0,0,0,0,0,0,11.400000000000034,6214.949914743615,2301.6
8716,L55895,L,297.1,308.6,1442,37.1,59,0,0,0,0,0,0,11.5,5602.318403342582,2188.9
8717,M23576,M,297.1,308.6,1717,31.3,61,0,0,0,0,0,0,11.5,5627.859551616267,1909.3
8718,L55897,L,297.1,308.7,1474,42.3,64,0,0,0,0,0,0,11.599999999999966,6529.29767566181,2707.2
8719,L55898,L,297.2,308.7,1509,39.3,66,0,0,0,0,0,0,11.5,6210.2689416897665,2593.7999999999997
8720,L55899,L,297.2,308.8,1451,43.1,68,0,0,0,0,0,0,11.600000000000023,6548.974517648794,2930.8
8721,L55900,L,297.3,308.8,1554,36.1,70,0,0,0,0,0,0,11.5,5874.715430359841,2527.0
8722,L55901,L,297.2,308.7,1669,30.7,72,0,0,0,0,0,0,11.5,5365.662228747662,2210.4
8723,L55902,L,297.2,308.6,1366,50.4,74,0,0,0,0,0,0,11.400000000000034,7209.578148870143,3729.6
8724,L55903,L,297.2,308.6,1578,34.4,76,0,0,0,0,0,0,11.400000000000034,5684.523411111515,2614.4
8725,M23584,M,297.2,308.6,1513,39.0,78,0,0,0,0,0,0,11.400000000000034,6179.1985903457635,3042.0
8726,M23585,M,297.1,308.5,1515,42.1,81,0,0,0,0,0,0,11.399999999999977,6679.183061164579,3410.1
8727,L55906,L,297.2,308.6,1562,33.0,84,0,0,0,0,0,0,11.400000000000034,5397.884497397982,2772.0
8728,L55907,L,297.2,308.7,1501,38.5,86,0,0,0,0,0,0,11.5,6051.597568732458,3311.0
8729,M23588,M,297.2,308.7,1398,38.1,88,0,0,0,0,0,0,11.5,5577.772092742534,3352.8
8730,L55909,L,297.3,308.7,1352,53.8,91,0,0,0,0,0,0,11.399999999999977,7617.063659991763,4895.8
8731,H38144,H,297.3,308.7,1569,33.9,93,0,0,0,0,0,0,11.399999999999977,5569.949527035095,3152.7
8732,H38145,H,297.2,308.6,1486,46.6,98,0,0,0,0,0,0,11.400000000000034,7251.591714624152,4566.8
8733,L55912,L,297.2,308.6,1864,23.6,103,0,0,0,0,0,0,11.400000000000034,4606.663915615881,2430.8
8734,M23593,M,297.3,308.7,1447,44.5,105,0,0,0,0,0,0,11.399999999999977,6743.062111787572,4672.5
8735,L55914,L,297.2,308.6,1392,41.5,108,0,0,0,0,0,0,11.400000000000034,6049.450813752505,4482.0
8736,L55915,L,297.3,308.6,1358,47.6,110,0,0,0,0,0,0,11.300000000000011,6769.168746738903,5236.0
8737,L55916,L,297.3,308.7,1491,40.2,112,0,0,0,0,0,0,11.399999999999977,6276.7136263131915,4502.400000000001
8738,L55917,L,297.3,308.7,1556,36.7,114,0,0,0,0,0,0,11.399999999999977,5980.042560059195,4183.8
8739,L55918,L,297.3,308.7,1531,36.7,116,0,0,0,0,0,0,11.399999999999977,5883.962184736907,4257.200000000001
8740,H38153,H,297.4,308.7,1429,37.6,118,0,0,0,0,0,0,11.300000000000011,5626.634330481367,4436.8
8741,M23600,M,297.4,308.8,1573,33.9,123,0,0,0,0,0,0,11.400000000000034,5584.149525829321,4169.7
8742,L55921,L,297.4,308.8,1538,41.2,126,0,0,0,0,0,0,11.400000000000034,6635.630115010314,5191.200000000001
8743,L55922,L,297.4,308.8,1467,39.0,128,0,0,0,0,0,0,11.400000000000034,5991.3313496610945,4992.0
8744,H38157,H,297.4,308.7,1323,51.1,130,0,0,0,0,0,0,11.300000000000011,7079.610460791135,6643.0
8745,M23604,M,297.4,308.7,1798,23.0,135,0,0,0,0,0,0,11.300000000000011,4330.58075321841,3105.0
8746,L55925,L,297.4,308.6,1411,46.3,138,0,0,0,0,0,0,11.200000000000045,6841.268298138788,6389.4
8747,L55926,L,297.3,308.5,1528,44.5,140,0,0,0,0,0,0,11.199999999999989,7120.524469116385,6230.0
8748,L55927,L,297.3,308.5,1504,42.0,142,0,0,0,0,0,0,11.199999999999989,6614.9374913986685,5964.0
8749,L55928,L,297.3,308.5,1384,39.6,144,0,0,0,0,0,0,11.199999999999989,5739.312786990121,5702.400000000001
8750,L55929,L,297.2,308.4,1677,26.4,146,0,0,0,0,0,0,11.199999999999989,4636.236774461672,3854.3999999999996
8751,L55930,L,297.3,308.5,1764,30.8,148,0,0,0,0,0,0,11.199999999999989,5689.5499593572595,4558.400000000001
8752,M23611,M,297.4,308.5,1472,42.0,150,0,0,0,0,0,0,11.100000000000023,6474.194140517845,6300.0
8753,M23612,M,297.4,308.5,1465,55.9,153,0,0,0,0,0,0,11.100000000000023,8575.867265891857,8552.699999999999
8754,M23613,M,297.4,308.6,1657,33.1,156,0,0,0,0,0,0,11.200000000000045,5743.532993121444,5163.6
8755,L55934,L,297.4,308.6,1635,30.5,159,0,0,0,0,0,0,11.200000000000045,5222.112388429633,4849.5
8756,M23615,M,297.4,308.7,1582,31.9,161,0,0,0,0,0,0,11.300000000000011,5284.766217917725,5135.9
8757,L55936,L,297.5,308.7,1761,26.2,164,0,0,0,0,0,0,11.199999999999989,4831.581005661886,4296.8
8758,L55937,L,297.5,308.8,1587,34.9,166,0,0,0,0,0,0,11.300000000000011,5800.0397729840115,5793.4
8759,M23618,M,297.5,308.7,1446,53.0,168,0,0,0,0,0,0,11.199999999999989,8025.512592860485,8904.0
8760,M23619,M,297.5,308.7,1352,53.0,171,0,0,0,0,0,0,11.199999999999989,7503.79877285434,9063.0
8761,M23620,M,297.4,308.7,1392,46.4,174,0,0,0,0,0,0,11.300000000000011,6763.7233194726805,8073.599999999999
8762,L55941,L,297.5,308.8,1417,49.8,177,0,0,0,0,0,0,11.300000000000011,7389.717071626982,8814.6
8763,H38176,H,297.5,308.8,1824,24.0,179,0,0,0,0,0,0,11.300000000000011,4584.212000118226,4296.0
8764,L55943,L,297.5,308.8,1603,36.7,184,0,0,0,0,0,0,11.300000000000011,6160.673665665096,6752.8
8765,L55944,L,297.4,308.8,1620,33.4,186,0,0,0,0,0,0,11.400000000000034,5666.17651001455,6212.4
8766,L55945,L,297.4,308.8,1353,49.4,188,0,0,0,0,0,0,11.400000000000034,6999.279936638843,9287.199999999999
8767,L55946,L,297.5,308.8,1360,50.7,190,0,0,0,0,0,0,11.300000000000011,7220.63655501078,9633.0
8768,L55947,L,297.5,308.6,1380,53.5,192,0,0,0,0,0,0,11.100000000000023,7731.459520484481,10272.0
8769,M23628,M,297.5,308.7,1363,53.6,194,0,0,0,0,0,0,11.199999999999989,7650.4902058259595,10398.4
8770,M23629,M,297.4,308.6,1452,41.2,197,0,0,0,0,0,0,11.200000000000045,6264.587078670334,8116.400000000001
8771,L55950,L,297.4,308.6,1680,32.8,200,0,0,0,0,0,0,11.200000000000045,5770.477386113731,6559.999999999999
8772,L55951,L,297.5,308.6,1536,39.0,202,0,0,0,0,0,0,11.100000000000023,6273.132210688099,7878.0
8773,L55952,L,297.5,308.6,1621,28.9,0,0,0,0,0,0,0,11.100000000000023,4905.795896115188,0.0
8774,L55953,L,297.5,308.6,1585,37.6,2,0,0,0,0,0,0,11.100000000000023,6240.878526111243,75.2
8775,M23634,M,297.6,308.7,1408,51.5,4,0,0,0,0,0,0,11.099999999999966,7593.438883236769,206.0
8776,H38189,H,297.5,308.6,1536,38.7,7,0,0,0,0,0,0,11.100000000000023,6224.87734752896,270.90000000000003
8777,L55956,L,297.5,308.6,1352,52.6,12,0,0,0,0,0,0,11.100000000000023,7447.166329285628,631.2
8778,H38191,H,297.5,308.6,1481,38.8,14,0,0,0,0,0,0,11.100000000000023,6017.490344489985,543.1999999999999
8779,L55958,L,297.5,308.7,1454,45.0,19,0,0,0,0,0,0,11.199999999999989,6851.813577479338,855.0
8780,M23639,M,297.5,308.6,1349,51.5,21,0,0,0,0,0,0,11.100000000000023,7275.247907305683,1081.5
8781,M23640,M,297.5,308.6,1327,52.1,24,0,0,0,0,0,0,11.100000000000023,7239.978293781381,1250.4
8782,L55961,L,297.6,308.7,1552,42.3,27,0,0,0,0,0,0,11.099999999999966,6874.810035703615,1142.1
8783,L55962,L,297.5,308.7,1456,44.7,29,0,0,0,0,0,0,11.199999999999989,6815.496766403841,1296.3000000000002
8784,M23643,M,297.6,308.6,1254,45.8,31,0,0,0,0,0,0,11.0,6014.390639738443,1419.8
8785,L55964,L,297.5,308.6,1437,43.3,34,0,0,0,0,0,0,11.100000000000023,6515.883075030982,1472.1999999999998
8786,L55965,L,297.5,308.6,1694,27.1,36,0,0,0,0,0,0,11.100000000000023,4807.411686180269,975.6
8787,L55966,L,297.5,308.5,1306,50.7,38,0,0,0,0,0,0,11.0,6933.934809444176,1926.6000000000001
8788,M23647,M,297.5,308.5,1699,30.1,40,0,0,0,0,0,0,11.0,5355.3578048438885,1204.0
8789,L55968,L,297.4,308.5,1369,53.2,43,0,0,0,0,0,0,11.100000000000023,7626.823541168917,2287.6
8790,L55969,L,297.4,308.5,1471,43.9,45,0,0,0,0,0,0,11.100000000000023,6762.477154386757,1975.5
8791,L55970,L,297.4,308.5,1410,43.9,47,0,0,0,0,0,0,11.100000000000023,6482.04812215182,2063.2999999999997
8792,M23651,M,297.4,308.5,1412,45.5,49,0,0,0,0,0,0,11.100000000000023,6727.825387417662,2229.5
8793,L55972,L,297.4,308.5,1418,51.2,52,0,0,0,0,0,0,11.100000000000023,7602.821773295491,2662.4
8794,L55973,L,297.4,308.5,1782,25.9,54,0,0,0,0,0,0,11.100000000000023,4833.214633841752,1398.6
8795,M23654,M,297.4,308.5,1497,36.4,56,0,0,0,0,0,0,11.100000000000023,5706.263232274356,2038.3999999999999
8796,L55975,L,297.3,308.4,1459,39.4,59,0,0,0,0,0,0,11.099999999999966,6019.773235151593,2324.6
8797,L55976,L,297.2,308.3,1796,23.8,61,0,0,0,0,0,0,11.100000000000023,4476.224988638833,1451.8
8798,L55977,L,297.2,308.3,1569,31.2,63,0,0,0,0,0,0,11.100000000000023,5126.325228421681,1965.6
8799,L55978,L,297.3,308.4,1469,46.7,65,0,0,0,0,0,0,11.099999999999966,7184.016056645435,3035.5
8800,L55979,L,297.3,308.4,1472,41.3,67,0,0,0,0,0,0,11.099999999999966,6366.290904842548,2767.1
8801,L55980,L,297.4,308.5,1475,47.2,69,0,0,0,0,0,0,11.100000000000023,7290.589351430713,3256.8
8802,L55981,L,297.4,308.6,1488,36.4,71,0,0,0,0,0,0,11.200000000000045,5671.9570404971555,2584.4
8803,L55982,L,297.4,308.6,1524,43.1,73,0,0,0,0,0,0,11.200000000000045,6878.454283181781,3146.3
8804,L55983,L,297.4,308.5,1486,48.6,75,0,0,0,0,0,0,11.100000000000023,7562.818826839781,3645.0
8805,M23664,M,297.5,308.6,1255,60.7,77,0,0,0,0,0,0,11.100000000000023,7977.393865383002,4673.900000000001
8806,M23665,M,297.4,308.6,1469,42.6,80,0,0,0,0,0,0,11.200000000000045,6553.299443535237,3408.0
8807,L55986,L,297.4,308.5,1692,34.3,83,0,0,0,0,0,0,11.100000000000023,6077.473820222526,2846.8999999999996
8808,M23667,M,297.4,308.6,1604,32.8,85,0,0,0,0,0,0,11.200000000000045,5509.431980551443,2787.9999999999995
8809,L55988,L,297.4,308.6,1446,48.1,88,0,0,0,0,0,0,11.200000000000045,7283.531239935648,4232.8
8810,L55989,L,297.3,308.5,1503,43.3,90,0,0,0,0,0,0,11.199999999999989,6815.151191211945,3896.9999999999995
8811,M23670,M,297.3,308.5,1625,32.8,92,0,0,0,0,0,0,11.199999999999989,5581.562947877865,3017.6
8812,L55991,L,297.2,308.5,1574,35.8,95,0,0,0,0,0,0,11.300000000000011,5900.874425188732,3400.9999999999995
8813,M23672,M,297.2,308.4,1378,41.9,97,0,0,0,0,0,0,11.199999999999989,6046.330165049939,4064.2999999999997
8814,L55993,L,297.1,308.4,1693,29.5,100,0,0,0,0,0,0,11.299999999999955,5230.071089818727,2950.0
8815,L55994,L,297.2,308.4,1462,51.2,102,0,0,0,0,0,0,11.199999999999989,7838.734437629061,5222.400000000001
8816,H38229,H,297.3,308.5,1435,55.0,104,0,0,0,0,0,0,11.199999999999989,8265.006672819147,5720.0
8817,M23676,M,297.2,308.5,1425,45.8,109,0,0,0,0,0,0,11.300000000000011,6834.534817884594,4992.2
8818,H38231,H,297.3,308.6,1376,53.5,112,0,0,0,0,0,0,11.300000000000011,7709.049492888873,5992.0
8819,M23678,M,297.4,308.7,1481,48.0,117,0,0,0,0,0,0,11.300000000000011,7444.317951946374,5616.0
8820,H38233,H,297.4,308.7,1349,48.9,120,0,0,0,0,0,0,11.300000000000011,6907.953838198987,5868.0
8821,L56000,L,297.3,308.7,1551,40.0,125,0,0,0,0,0,0,11.399999999999977,6496.8136076236915,5000.0
8822,H38235,H,297.4,308.7,1623,33.8,127,0,0,0,0,0,0,11.300000000000011,5744.653494501223,4292.599999999999
8823,L56002,L,297.4,308.8,1462,49.7,132,0,0,0,0,0,0,11.400000000000034,7609.084014651647,6560.400000000001
8824,M23683,M,297.3,308.8,1447,57.4,134,0,0,0,0,0,0,11.5,8697.792476777677,7691.599999999999
8825,M23684,M,297.3,308.9,1799,24.5,137,0,0,0,0,0,0,11.599999999999966,4615.575566776564,3356.5
8826,M23685,M,297.3,308.8,1548,41.3,140,0,0,0,0,0,0,11.5,6694.985272212135,5782.0
8827,M23686,M,297.2,308.8,1485,47.9,143,0,0,0,0,0,0,11.600000000000023,7448.8732612940785,6849.7
8828,L56007,L,297.2,308.7,1463,49.9,146,0,0,0,0,0,0,11.5,7644.929586829106,7285.4
8829,L56008,L,297.3,308.7,1587,35.8,148,0,0,0,0,0,0,11.399999999999977,5949.6109992214215,5298.4
8830,M23689,M,297.3,308.8,1469,44.1,150,0,0,0,0,0,0,11.5,6784.0494239414065,6615.0
8831,H38244,H,297.3,308.7,1430,42.8,153,0,0,0,0,0,0,11.399999999999977,6409.267892343655,6548.4
8832,H38245,H,297.4,308.7,1726,26.8,158,0,0,0,0,0,0,11.300000000000011,4844.000768619078,4234.400000000001
8833,L56012,L,297.4,308.8,1651,34.1,163,0,0,0,0,0,0,11.400000000000034,5895.627965457238,5558.3
8834,L56013,L,297.4,308.8,1529,41.3,165,0,0,0,0,0,0,11.400000000000034,6612.8116803697385,6814.499999999999
8835,L56014,L,297.4,308.8,1473,46.2,167,0,0,0,0,0,0,11.400000000000034,7126.451607256159,7715.400000000001
8836,H38249,H,297.4,308.8,1324,53.5,169,0,0,0,0,0,0,11.400000000000034,7417.71913414598,9041.5
8837,L56016,L,297.4,308.9,1708,28.8,174,0,0,0,0,0,0,11.5,5151.206642238112,5011.2
8838,M23697,M,297.5,309.1,1540,38.5,176,0,0,0,0,0,0,11.600000000000023,6208.8342810446275,6776.0
8839,L56018,L,297.5,309.0,1320,54.7,179,0,0,0,0,0,0,11.5,7561.185198659914,9791.300000000001
8840,M23699,M,297.4,308.9,1376,39.0,181,0,0,0,0,0,0,11.5,5619.680938741421,7059.0
8841,M23700,M,297.3,308.7,1542,37.0,184,0,0,0,0,0,0,11.399999999999977,5974.680908597068,6808.0
8842,L56021,L,297.3,308.7,1506,39.3,187,0,0,0,0,0,0,11.399999999999977,6197.922482561158,7349.099999999999
8843,L56022,L,297.3,308.7,1492,43.6,189,0,0,0,0,0,0,11.399999999999977,6812.145734240012,8240.4
8844,H38257,H,297.3,308.8,1564,38.0,191,0,0,0,0,0,0,11.5,6223.704486271619,7258.0
8845,H38258,H,297.4,308.9,1645,30.8,196,0,0,0,0,0,0,11.5,5305.731112892681,6036.8
8846,M23705,M,297.4,308.9,1348,59.1,201,0,0,0,0,0,0,11.5,8342.687787166911,11879.1
8847,M23706,M,297.4,308.8,1325,62.4,204,1,1,0,0,1,0,11.400000000000034,8658.22935329347,12729.6
8848,L56027,L,297.5,308.9,1443,43.5,0,0,0,0,0,0,0,11.399999999999977,6573.3113887386035,0.0
8849,M23708,M,297.5,308.9,1436,44.8,2,0,0,0,0,0,0,11.399999999999977,6736.915062162047,89.6
8850,L56029,L,297.5,308.9,1596,30.7,5,0,0,0,0,0,0,11.399999999999977,5130.974785548993,153.5
8851,L56030,L,297.6,309.0,1491,43.2,7,0,0,0,0,0,0,11.399999999999977,6745.12509096343,302.40000000000003
8852,M23711,M,297.7,308.9,1573,35.1,9,0,0,0,0,0,0,11.199999999999989,5781.818535593191,315.90000000000003
8853,L56032,L,297.7,308.9,1575,39.9,12,0,0,0,0,0,0,11.199999999999989,6580.851211107219,478.79999999999995
8854,L56033,L,297.7,308.9,1458,41.1,14,0,0,0,0,0,0,11.199999999999989,6275.205661839468,575.4
8855,M23714,M,297.7,309.0,1433,41.8,16,0,0,0,0,0,0,11.300000000000011,6272.650499814547,668.8
8856,L56035,L,297.7,308.9,1662,28.1,19,0,0,0,0,0,0,11.199999999999989,4890.642947549375,533.9
8857,M23716,M,297.7,308.9,1327,63.7,21,0,0,0,0,0,0,11.199999999999989,8851.950428289329,1337.7
8858,L56037,L,297.7,308.9,1742,26.3,24,0,0,0,0,0,0,11.199999999999989,4797.693692905164,631.2
8859,L56038,L,297.8,308.9,1506,33.5,26,0,0,0,0,0,0,11.099999999999966,5283.2163655419545,871.0
8860,L56039,L,297.9,309.1,1457,44.4,28,0,0,0,0,0,0,11.200000000000045,6774.404734494886,1243.2
8861,M23720,M,297.9,309.1,1488,37.3,30,0,0,0,0,0,0,11.200000000000045,5812.197736553404,1119.0
8862,L56041,L,297.9,309.1,1619,34.7,33,0,0,0,0,0,0,11.200000000000045,5883.082538793902,1145.1000000000001
8863,M23722,M,298.0,309.2,1558,41.7,35,0,0,0,0,0,0,11.199999999999989,6803.4958824671285,1459.5
8864,L56043,L,298.0,309.2,1731,28.7,38,0,0,0,0,0,0,11.199999999999989,5202.446018418161,1090.6
8865,M23724,M,298.0,309.1,1574,34.8,40,0,0,0,0,0,0,11.100000000000023,5736.0455306303875,1392.0
8866,L56045,L,297.9,309.0,1290,49.8,43,0,0,0,0,0,0,11.100000000000023,6727.406508397182,2141.4
8867,H38280,H,297.9,308.9,1416,39.6,45,0,0,0,0,0,0,11.0,5872.013660677753,1782.0
8868,L56047,L,297.9,308.9,1566,41.9,50,0,0,0,0,0,0,11.0,6871.228620078523,2095.0
8869,L56048,L,297.9,309.0,1456,46.5,52,0,0,0,0,0,0,11.100000000000023,7089.946300621445,2418.0
8870,L56049,L,297.9,309.0,1528,37.5,54,0,0,0,0,0,0,11.100000000000023,6000.441968356505,2025.0
8871,M23730,M,297.9,309.1,1338,49.6,56,0,0,0,0,0,0,11.200000000000045,6949.705604565197,2777.6
8872,M23731,M,297.9,309.1,1558,39.2,59,0,0,0,0,0,0,11.200000000000045,6395.612436276053,2312.8
8873,M23732,M,297.9,309.1,1614,38.1,62,0,0,0,0,0,0,11.200000000000045,6439.573789475286,2362.2000000000003
8874,H38287,H,298.0,309.1,1557,36.4,65,0,0,0,0,0,0,11.100000000000023,5934.971177455693,2366.0
8875,L56054,L,298.1,309.3,1443,45.3,70,0,0,0,0,0,0,11.199999999999989,6845.310480686407,3171.0
8876,H38289,H,298.1,309.3,1332,51.0,72,0,0,0,0,0,0,11.199999999999989,7113.822404788727,3672.0
8877,M23736,M,298.1,309.3,1752,25.2,77,0,0,0,0,0,0,11.199999999999989,4623.419076435027,1940.3999999999999
8878,M23737,M,298.1,309.2,1460,45.8,80,0,0,0,0,0,0,11.099999999999966,7002.400585341409,3664.0
8879,L56058,L,298.1,309.2,1802,26.9,83,0,0,0,0,0,0,11.099999999999966,5076.164465719363,2232.7
8880,L56059,L,298.0,309.2,1527,39.5,85,0,0,0,0,0,0,11.199999999999989,6316.329109674958,3357.5
8881,L56060,L,298.0,309.2,1458,39.8,87,0,0,0,0,0,0,11.199999999999989,6076.7198379856645,3462.6
8882,H38295,H,298.0,309.2,1520,37.9,89,0,0,0,0,0,0,11.199999999999989,6032.69565293336,3373.1
8883,L56062,L,298.0,309.2,1378,49.7,94,0,0,0,0,0,0,11.199999999999989,7171.899980978091,4671.8
8884,M23743,M,297.9,309.2,1529,38.1,96,0,0,0,0,0,0,11.300000000000011,6100.438862520268,3657.6000000000004
8885,L56064,L,298.0,309.2,1527,32.4,99,0,0,0,0,0,0,11.199999999999989,5180.988940594142,3207.6
8886,M23745,M,298.0,309.2,1438,42.9,101,0,0,0,0,0,0,11.199999999999989,6460.182637282835,4332.9
8887,L56066,L,297.9,309.0,1583,36.7,104,0,0,0,0,0,0,11.100000000000023,6083.809365407266,3816.8
8888,L56067,L,297.8,308.9,1530,37.6,106,0,0,0,0,0,0,11.099999999999966,6024.318072523787,3985.6000000000004
8889,M23748,M,297.7,308.9,1530,39.1,108,0,0,0,0,0,0,11.199999999999989,6264.649910523406,4222.8
8890,M23749,M,297.7,308.8,2089,19.1,111,0,0,0,0,0,0,11.100000000000023,4178.307757298913,2120.1000000000004
8891,L56070,L,297.7,308.8,1616,34.2,114,0,0,0,0,0,0,11.100000000000023,5787.567650149261,3898.8
8892,M23751,M,297.7,308.9,1681,28.3,116,0,0,0,0,0,0,11.199999999999989,4981.7596064789905,3282.8
8893,L56072,L,297.6,308.8,1475,43.0,119,0,0,0,0,0,0,11.199999999999989,6641.85046846442,5117.0
8894,L56073,L,297.5,308.7,1371,46.5,121,0,0,0,0,0,0,11.199999999999989,6676.04146851099,5626.5
8895,M23754,M,297.5,308.7,1546,38.0,123,0,0,0,0,0,0,11.199999999999989,6152.076173769772,4674.0
8896,H38309,H,297.4,308.6,1461,40.1,126,0,0,0,0,0,0,11.200000000000045,6135.122045415899,5052.6
8897,L56076,L,297.4,308.7,1638,31.9,131,0,0,0,0,0,0,11.300000000000011,5471.837588463486,4178.9
8898,M23757,M,297.3,308.7,1577,35.6,133,0,0,0,0,0,0,11.399999999999977,5879.092716123843,4734.8
8899,L56078,L,297.4,308.6,1532,38.7,136,0,0,0,0,0,0,11.200000000000045,6208.666729436436,5263.200000000001
8900,M23759,M,297.3,308.5,1710,27.7,138,0,0,0,0,0,0,11.199999999999989,4960.260640752924,3822.6
8901,M23760,M,297.3,308.6,1584,29.4,141,0,0,0,0,0,0,11.300000000000011,4876.757108020507,4145.4
8902,L56081,L,297.3,308.6,1446,50.1,144,0,0,0,0,0,0,11.300000000000011,7586.380771741705,7214.400000000001
8903,H38316,H,297.4,308.7,1522,46.3,146,0,0,0,0,0,0,11.300000000000011,7379.454535625256,6759.799999999999
8904,M23763,M,297.4,308.7,1382,49.9,151,0,0,0,0,0,0,11.300000000000011,7221.662808610953,7534.9
8905,L56084,L,297.4,308.7,1584,38.2,154,0,0,0,0,0,0,11.300000000000011,6336.466718584469,5882.8
8906,L56085,L,297.3,308.6,1385,55.2,156,0,0,0,0,0,0,11.300000000000011,8006.034718408228,8611.2
8907,L56086,L,297.3,308.7,1592,34.4,158,0,0,0,0,0,0,11.399999999999977,5734.956445177143,5435.2
8908,M23767,M,297.2,308.6,1404,43.7,160,0,0,0,0,0,0,11.400000000000034,6425.059631415701,6992.0
8909,L56088,L,297.2,308.5,1518,44.3,163,0,0,0,0,0,0,11.300000000000011,7042.131260433807,7220.9
8910,L56089,L,297.1,308.4,1529,40.4,165,0,0,0,0,0,0,11.299999999999955,6468.706825349575,6666.0
8911,L56090,L,297.1,308.4,1550,37.0,167,0,0,0,0,0,0,11.299999999999955,6005.677956112488,6179.0
8912,L56091,L,297.1,308.3,1773,23.8,169,0,0,0,0,0,0,11.199999999999989,4418.9013946863315,4022.2000000000003
8913,L56092,L,297.2,308.5,1446,43.7,171,0,0,0,0,0,0,11.300000000000011,6617.262269962325,7472.700000000001
8914,M23773,M,297.2,308.5,1487,46.9,173,0,0,0,0,0,0,11.300000000000011,7303.1871379716085,8113.7
8915,M23774,M,297.3,308.5,1524,49.3,176,0,0,0,0,0,0,11.199999999999989,7867.930305356421,8676.8
8916,L56095,L,297.1,308.3,1403,54.1,179,0,0,0,0,0,0,11.199999999999989,7948.4702690189515,9683.9
8917,L56096,L,297.1,308.2,2267,15.7,181,0,0,0,0,0,0,11.099999999999966,3727.1750522434186,2841.7
8918,M23777,M,297.1,308.2,1529,37.9,183,0,0,0,0,0,0,11.099999999999966,6068.415561404676,6935.7
8919,L56098,L,297.1,308.2,1402,51.2,186,0,0,0,0,0,0,11.099999999999966,7517.035349901466,9523.2
8920,L56099,L,297.2,308.3,1693,28.0,188,0,0,0,0,0,0,11.100000000000023,4964.135271692351,5264.0
8921,L56100,L,297.1,308.3,1496,45.8,190,0,0,0,0,0,0,11.199999999999989,7175.0625175827045,8702.0
8922,L56101,L,297.1,308.1,1633,33.3,192,0,0,0,0,0,0,11.0,5694.545091676466,6393.599999999999
8923,L56102,L,297.1,308.2,1399,42.6,194,0,0,0,0,0,0,11.099999999999966,6241.025133768411,8264.4
8924,M23783,M,297.0,308.1,1363,45.3,196,0,0,0,0,0,0,11.100000000000023,6465.80608813276,8878.8
8925,H38338,H,297.1,308.2,1527,42.2,199,0,0,0,0,0,0,11.099999999999966,6748.078188057803,8397.800000000001
8926,M23785,M,297.2,308.2,1405,42.5,204,0,0,0,0,0,0,11.0,6253.078377582684,8670.0
8927,M23786,M,297.3,308.3,1459,59.6,207,1,0,0,1,1,0,11.0,9106.052914087184,12337.2
8928,M23787,M,297.4,308.4,1789,25.0,210,0,0,0,0,0,0,11.0,4683.5910477267835,5250.0
8929,L56108,L,297.4,308.4,1531,41.5,213,0,0,0,0,0,0,11.0,6653.526721160263,8839.5
8930,M23789,M,297.4,308.4,1620,35.8,215,0,0,0,0,0,0,11.0,6073.326917919787,7696.999999999999
8931,L56110,L,297.4,308.4,1571,39.4,0,0,0,0,0,0,0,11.0,6481.880570543628,0.0
8932,L56111,L,297.4,308.4,1434,39.9,2,0,0,0,0,0,0,11.0,5991.708340779524,79.8
8933,L56112,L,297.4,308.4,1474,43.6,4,0,0,0,0,0,0,11.0,6729.9616704221025,174.4
8934,M23793,M,297.3,308.3,1544,41.7,6,0,0,0,0,0,0,11.0,6742.360489428271,250.20000000000002
8935,L56114,L,297.3,308.2,1601,35.7,9,0,0,0,0,0,0,10.899999999999977,5985.330907692738,321.3
8936,L56115,L,297.4,308.3,1801,26.9,11,0,0,0,0,0,0,10.900000000000034,5073.347504306644,295.9
8937,L56116,L,297.4,308.3,1465,42.0,13,0,0,0,0,0,0,10.900000000000034,6443.406532512666,546.0
8938,M23797,M,297.4,308.4,1340,52.6,15,0,0,0,0,0,0,11.0,7381.067219854099,789.0
8939,M23798,M,297.4,308.4,1517,41.0,18,0,0,0,0,0,0,11.0,6513.254609177478,738.0
8940,M23799,M,297.3,308.4,1434,44.8,21,0,0,0,0,0,0,11.099999999999966,6727.532172103326,940.8
8941,H38354,H,297.3,308.3,1935,19.3,24,0,0,0,0,0,0,11.0,3910.811614821254,463.20000000000005
8942,M23801,M,297.3,308.3,1595,32.2,29,0,0,0,0,0,0,11.0,5378.301903190607,933.8000000000001
8943,L56122,L,297.3,308.3,2188,17.0,32,0,0,0,0,0,0,11.0,3895.1560114308645,544.0
8944,M23803,M,297.3,308.4,1449,44.4,34,0,0,0,0,0,0,11.099999999999966,6737.208277476383,1509.6
8945,L56124,L,297.3,308.3,1471,38.2,37,0,0,0,0,0,0,11.0,5884.433423634946,1413.4
8946,L56125,L,297.4,308.2,1639,33.8,39,0,0,0,0,0,0,10.800000000000011,5801.285938069936,1318.1999999999998
8947,M23806,M,297.3,308.2,1846,24.5,41,0,0,0,0,0,0,10.899999999999977,4736.160364796852,1004.5
8948,M23807,M,297.3,308.2,1452,38.2,44,0,0,0,0,0,0,10.899999999999977,5808.427825369096,1680.8000000000002
8949,M23808,M,297.4,308.3,1483,41.9,47,0,0,0,0,0,0,10.900000000000034,6507.0447276988825,1969.3
8950,L56129,L,297.4,308.3,1284,60.3,50,0,0,0,0,0,0,10.900000000000034,8107.947984090681,3015.0
8951,L56130,L,297.4,308.2,1419,50.0,52,0,0,0,0,0,0,10.800000000000011,7429.86662573986,2600.0
8952,L56131,L,297.3,308.1,1763,28.4,54,0,0,0,0,0,0,10.800000000000011,5243.234363037269,1533.6
8953,M23812,M,297.2,308.0,1478,42.5,56,0,0,0,0,0,0,10.800000000000011,6577.971417841428,2380.0
8954,L56133,L,297.3,308.0,1518,36.0,59,0,0,0,0,0,0,10.699999999999989,5722.725177779167,2124.0
8955,L56134,L,297.3,308.0,1447,49.0,61,0,0,0,0,0,0,10.699999999999989,7424.944797249236,2989.0
8956,M23815,M,297.4,308.0,1355,55.1,63,0,0,0,0,0,0,10.600000000000023,7818.429277111358,3471.3
8957,L56136,L,297.4,308.1,1348,57.4,66,0,0,0,0,0,0,10.700000000000045,8102.711996334698,3788.4
8958,L56137,L,297.4,308.1,1348,53.7,68,0,0,0,0,0,0,10.700000000000045,7580.411745699884,3651.6000000000004
8959,M23818,M,297.4,308.1,1734,27.7,70,0,0,0,0,0,0,10.700000000000045,5029.878333956473,1939.0
8960,L56139,L,297.3,308.0,1420,46.5,73,0,0,0,0,0,0,10.699999999999989,6914.645430551134,3394.5
8961,L56140,L,297.3,307.9,1797,24.7,75,0,0,0,0,0,0,10.599999999999966,4648.080578765706,1852.5
8962,M23821,M,297.3,308.0,1403,45.0,77,0,0,0,0,0,0,10.699999999999989,6611.481739479719,3465.0
8963,L56142,L,297.3,307.9,1628,30.2,80,0,0,0,0,0,0,10.599999999999966,5148.609592311144,2416.0
8964,M23823,M,297.2,307.9,1687,30.4,82,0,0,0,0,0,0,10.699999999999989,5370.531697360727,2492.7999999999997
8965,M23824,M,297.2,307.9,1456,44.9,85,0,0,0,0,0,0,10.699999999999989,6845.991159094686,3816.5
8966,L56145,L,297.1,307.9,1496,44.7,88,0,0,0,0,0,0,10.799999999999955,7002.735688557792,3933.6000000000004
8967,L56146,L,297.1,307.8,1636,30.3,90,0,0,0,0,0,0,10.699999999999989,5191.042037085631,2727.0
8968,L56147,L,297.1,307.8,1536,40.4,92,0,0,0,0,0,0,10.699999999999989,6498.321572097414,3716.7999999999997
8969,L56148,L,297.1,307.8,1454,50.6,94,0,0,0,0,0,0,10.699999999999989,7704.483711565657,4756.400000000001
8970,L56149,L,297.0,307.8,1396,50.0,96,0,0,0,0,0,0,10.800000000000011,7309.438907352252,4800.0
8971,L56150,L,297.0,307.6,1575,37.4,98,0,0,0,0,0,0,10.600000000000023,6168.517175323558,3665.2
8972,L56151,L,296.9,307.6,1514,35.7,100,0,0,0,0,0,0,10.700000000000045,5660.081820266587,3570.0000000000005
8973,M23832,M,296.8,307.4,1455,49.9,102,0,0,0,0,0,0,10.599999999999966,7603.125460585337,5089.8
8974,L56153,L,296.8,307.4,1549,48.3,105,0,0,0,0,0,0,10.599999999999966,7834.786502861049,5071.5
8975,L56154,L,296.8,307.5,1474,42.4,107,0,0,0,0,0,0,10.699999999999989,6544.733367566448,4536.8
8976,H38389,H,296.7,307.4,1661,34.2,109,0,0,0,0,0,0,10.699999999999989,5948.731353278417,3727.8
8977,L56156,L,296.7,307.4,1535,34.6,114,0,0,0,0,0,0,10.699999999999989,5561.77091416025,3944.4
8978,M23837,M,296.9,307.5,1556,31.2,116,0,0,0,0,0,0,10.600000000000023,5083.850895745146,3619.2
8979,L56158,L,296.9,307.6,1435,45.0,119,0,0,0,0,0,0,10.700000000000045,6762.27818685203,5355.0
8980,M23839,M,296.9,307.5,1332,51.1,121,0,0,0,0,0,0,10.600000000000023,7127.771076170666,6183.1
8981,L56160,L,297.0,307.6,1513,42.4,124,0,0,0,0,0,0,10.600000000000023,6717.897954632317,5257.599999999999
8982,L56161,L,297.0,307.7,1502,39.4,126,0,0,0,0,0,0,10.699999999999989,6197.189444275321,4964.4
8983,L56162,L,297.0,307.7,1315,60.1,128,0,0,0,0,0,0,10.699999999999989,8276.159326739391,7692.8
8984,M23843,M,297.0,307.7,1261,51.1,130,0,0,0,0,0,0,10.699999999999989,6747.8373326210285,6643.0
8985,L56164,L,297.1,307.8,1406,60.4,133,0,0,0,0,0,0,10.699999999999989,8893.052932173794,8033.2
8986,L56165,L,297.1,307.8,1584,42.3,135,0,0,0,0,0,0,10.699999999999989,7016.5586962335865,5710.5
8987,M23846,M,297.1,307.8,1443,43.9,137,0,0,0,0,0,0,10.699999999999989,6633.75563139367,6014.3
8988,L56167,L,297.2,307.9,1580,35.8,140,0,0,0,0,0,0,10.699999999999989,5923.368228588434,5012.0
8989,L56168,L,297.2,307.9,1825,24.6,142,0,0,0,0,0,0,10.699999999999989,4701.393406097125,3493.2000000000003
8990,L56169,L,297.2,307.9,1469,48.2,144,0,0,0,0,0,0,10.699999999999989,7414.766037051606,6940.8
8991,L56170,L,297.2,307.9,1493,38.4,146,0,0,0,0,0,0,10.699999999999989,6003.709224716237,5606.4
8992,M23851,M,297.3,308.0,1598,29.4,148,0,0,0,0,0,0,10.699999999999989,4919.859759227759,4351.2
8993,H38406,H,297.2,307.9,1450,37.2,151,0,0,0,0,0,0,10.699999999999989,5648.583591154448,5617.200000000001
8994,M23853,M,297.2,307.9,1632,37.5,156,0,0,0,0,0,0,10.699999999999989,6408.849013323178,5850.0
8995,M23854,M,297.1,307.9,1980,20.3,159,0,0,0,0,0,0,10.799999999999955,4209.105837279604,3227.7000000000003
8996,L56175,L,297.2,308.0,1474,43.7,162,0,0,0,0,0,0,10.800000000000011,6745.39736232674,7079.400000000001
8997,L56176,L,297.2,307.9,1540,37.1,164,0,0,0,0,0,0,10.699999999999989,5983.058489006641,6084.400000000001
8998,M23857,M,297.1,307.9,1609,38.9,166,0,0,0,0,0,0,10.799999999999955,6554.4199449150165,6457.4
8999,L56178,L,297.1,308.0,1467,42.8,169,0,0,0,0,0,0,10.899999999999977,6575.10209655115,7233.2
9000,L56179,L,297.1,307.9,1492,39.4,171,0,0,0,0,0,0,10.799999999999955,6155.929860758175,6737.4
9001,L56180,L,297.0,307.9,1493,46.1,173,0,0,0,0,0,0,10.899999999999977,7207.578001547359,7975.3
9002,L56181,L,297.0,307.8,1500,39.9,175,0,0,0,0,0,0,10.800000000000011,6267.477343911637,6982.5
9003,L56182,L,297.1,307.8,1477,36.6,177,0,0,0,0,0,0,10.699999999999989,5660.961466209592,6478.2
9004,L56183,L,297.1,307.9,1342,49.1,179,0,0,0,0,0,0,10.799999999999955,6900.215048295645,8788.9
9005,M23864,M,297.1,307.8,1538,34.3,181,0,0,0,0,0,0,10.699999999999989,5524.323129729459,6208.299999999999
9006,L56185,L,297.2,307.9,1337,58.1,184,0,0,0,0,0,0,10.699999999999989,8134.599161768634,10690.4
9007,L56186,L,297.3,307.9,1417,41.8,186,0,0,0,0,0,0,10.599999999999966,6202.61392759052,7774.799999999999
9008,L56187,L,297.4,308.0,1383,46.2,188,0,0,0,0,0,0,10.600000000000023,6691.026865468613,8685.6
9009,M23868,M,297.4,308.0,1440,42.4,190,0,0,0,0,0,0,10.600000000000023,6393.769368585947,8056.0
9010,L56189,L,297.3,307.9,1579,34.4,193,0,0,0,0,0,0,10.599999999999966,5688.125770687631,6639.2
9011,L56190,L,297.2,307.9,1441,40.0,195,0,0,0,0,0,0,10.699999999999989,6036.046685097189,7800.0
9012,M23871,M,297.2,307.9,1530,35.9,197,0,0,0,0,0,0,10.699999999999989,5751.941989457552,7072.299999999999
9013,L56192,L,297.2,308.0,1705,26.0,200,0,0,0,0,0,0,10.800000000000011,4642.226744454518,5200.0
9014,H38427,H,297.2,308.0,1435,43.0,202,0,0,0,0,0,0,10.800000000000011,6461.732489658606,8686.0
9015,M23874,M,297.2,308.1,1340,61.3,207,1,0,0,0,1,0,10.900000000000034,8601.890125039092,12689.099999999999
9016,L56195,L,297.2,308.1,1431,49.7,210,1,0,0,0,0,0,10.900000000000034,7447.742287938786,10437.0
9017,L56196,L,297.3,308.2,1396,52.7,212,1,0,0,0,1,0,10.899999999999977,7704.148608349273,11172.400000000001
9018,M23877,M,297.3,308.1,1369,52.0,214,0,0,0,0,0,0,10.800000000000011,7454.78992745834,11128.0
9019,L56198,L,297.3,308.1,1615,35.4,217,1,1,0,0,0,0,10.800000000000011,5986.9331199460685,7681.799999999999
9020,L56199,L,297.2,308.1,1662,31.3,0,0,0,0,0,0,0,10.900000000000034,5447.584493177773,0.0
9021,L56200,L,297.3,308.2,1553,33.5,2,0,0,0,0,0,0,10.899999999999977,5448.097619977859,67.0
9022,M23881,M,297.4,308.2,1536,34.6,4,0,0,0,0,0,0,10.800000000000011,5565.394217687391,138.4
9023,L56202,L,297.4,308.3,1548,46.6,7,0,0,0,0,0,0,10.900000000000034,7554.148031115873,326.2
9024,L56203,L,297.4,308.3,1706,30.9,9,0,0,0,0,0,0,10.900000000000034,5520.343779034912,278.09999999999997
9025,L56204,L,297.4,308.3,1366,45.5,11,0,0,0,0,0,0,10.900000000000034,6508.646939952214,500.5
9026,L56205,L,297.5,308.4,1440,35.9,13,0,0,0,0,0,0,10.899999999999977,5413.592460665931,466.7
9027,M23886,M,297.5,308.4,1685,28.1,15,0,0,0,0,0,0,10.899999999999977,4958.323325283211,421.5
9028,M23887,M,297.4,308.3,1444,44.0,18,0,0,0,0,0,0,10.900000000000034,6653.474361282703,792.0
9029,L56208,L,297.4,308.3,1395,48.7,21,0,0,0,0,0,0,10.900000000000034,7114.293643686766,1022.7
9030,L56209,L,297.4,308.3,1483,38.8,23,0,0,0,0,0,0,10.900000000000034,6025.61659748727,892.4
9031,M23890,M,297.5,308.4,1403,44.3,25,0,0,0,0,0,0,10.899999999999977,6508.636467976701,1107.5
9032,H38445,H,297.5,308.4,1793,23.9,28,0,0,0,0,0,0,10.899999999999977,4487.524250216244,669.1999999999999
9033,L56212,L,297.4,308.3,1723,28.8,33,0,0,0,0,0,0,10.900000000000034,5196.445576449805,950.4
9034,L56213,L,297.4,308.2,1386,41.0,35,0,0,0,0,0,0,10.800000000000011,5950.804804429786,1435.0
9035,H38448,H,297.4,308.2,1585,46.2,37,0,0,0,0,0,0,10.800000000000011,7668.313508147326,1709.4
9036,M23895,M,297.3,308.1,1731,27.7,42,0,0,0,0,0,0,10.800000000000011,5021.17612230603,1163.3999999999999
9037,L56216,L,297.3,308.3,1519,37.7,45,0,0,0,0,0,0,11.0,5996.912912608972,1696.5000000000002
9038,L56217,L,297.3,308.2,1896,24.4,47,0,0,0,0,0,0,10.899999999999977,4844.587199247748,1146.8
9039,L56218,L,297.3,308.3,2358,14.9,49,0,0,0,0,0,0,11.0,3679.2448203251506,730.1
9040,M23899,M,297.3,308.3,1341,51.9,51,0,0,0,0,0,0,11.0,7288.275044842568,2646.9
9041,L56220,L,297.3,308.3,1550,37.0,54,0,0,0,0,0,0,11.0,6005.677956112488,1998.0
9042,L56221,L,297.3,308.3,1309,61.5,56,0,0,0,0,0,0,11.0,8430.30680627553,3444.0
9043,M23902,M,297.3,308.4,1599,32.9,58,0,0,0,0,0,0,11.099999999999966,5509.0026295554535,1908.1999999999998
9044,L56223,L,297.4,308.4,1343,40.0,61,0,0,0,0,0,0,11.0,5625.545245028123,2440.0
9045,L56224,L,297.4,308.4,1378,39.9,63,0,0,0,0,0,0,11.0,5757.722519940157,2513.7
9046,L56225,L,297.4,308.4,1603,34.6,65,0,0,0,0,0,0,11.0,5808.155554005785,2249.0
9047,L56226,L,297.4,308.4,1664,28.1,67,0,0,0,0,0,0,11.0,4896.528197787099,1882.7
9048,L56227,L,297.3,308.4,1488,37.4,69,0,0,0,0,0,0,11.099999999999966,5827.780036115209,2580.6
9049,M23908,M,297.3,308.4,1370,50.5,71,0,0,0,0,0,0,11.099999999999966,7245.036257953661,3585.5
9050,L56229,L,297.3,308.5,1545,34.3,74,0,0,0,0,0,0,11.199999999999989,5549.466342933689,2538.2
9051,M23910,M,297.4,308.5,1566,31.4,76,0,0,0,0,0,0,11.100000000000023,5149.321686645957,2386.4
9052,L56231,L,297.4,308.6,1820,24.6,79,0,0,0,0,0,0,11.200000000000045,4688.512876217407,1943.4
9053,M23912,M,297.4,308.6,1901,22.1,81,0,0,0,0,0,0,11.200000000000045,4399.496824062659,1790.1000000000001
9054,M23913,M,297.4,308.5,1638,32.2,84,0,0,0,0,0,0,11.100000000000023,5523.296876129288,2704.8
9055,M23914,M,297.3,308.4,1521,38.2,87,0,0,0,0,0,0,11.099999999999966,6084.4481559134965,3323.4
9056,H38469,H,297.3,308.4,1864,23.1,90,0,0,0,0,0,0,11.099999999999966,4509.065103844358,2079.0
9057,L56236,L,297.3,308.3,1430,41.9,95,0,0,0,0,0,0,11.0,6274.4935675046545,3980.5
9058,M23917,M,297.3,308.4,1686,34.5,97,0,0,0,0,0,0,11.099999999999966,6091.23399604525,3346.5
9059,M23918,M,297.2,308.3,1326,57.2,100,0,0,0,0,0,0,11.100000000000023,7942.700210511858,5720.0
9060,L56239,L,297.2,308.3,1805,25.6,103,0,0,0,0,0,0,11.100000000000023,4838.890444569239,2636.8
9061,H38474,H,297.2,308.3,1453,45.8,105,0,0,0,0,0,0,11.100000000000023,6968.827431850045,4809.0
9062,M23921,M,297.2,308.4,1863,26.0,110,0,0,0,0,0,0,11.199999999999989,5072.41549848608,2860.0
9063,L56242,L,297.2,308.3,1576,35.3,113,0,0,0,0,0,0,11.100000000000023,5825.853192621007,3988.8999999999996
9064,L56243,L,297.2,308.3,1419,39.7,115,0,0,0,0,0,0,11.100000000000023,5899.31410083745,4565.5
9065,L56244,L,297.2,308.4,1833,25.2,117,0,0,0,0,0,0,11.199999999999989,4837.173040585276,2948.4
9066,H38479,H,297.2,308.4,2182,17.3,119,0,0,0,0,0,0,11.199999999999989,3953.0241481099883,2058.7000000000003
9067,L56246,L,297.2,308.3,1656,30.3,124,0,0,0,0,0,0,11.100000000000023,5254.5022086881445,3757.2000000000003
9068,L56247,L,297.1,308.2,1351,56.6,126,0,0,0,0,0,0,11.099999999999966,8007.563626832976,7131.6
9069,H38482,H,297.1,308.2,1790,30.3,128,0,0,0,0,0,0,11.099999999999966,5679.685358424987,3878.4
9070,M23929,M,297.2,308.2,1678,28.1,133,0,0,0,0,0,0,11.0,4937.724949451173,3737.3
9071,L56250,L,297.1,308.2,1427,45.2,136,0,0,0,0,0,0,11.099999999999966,6754.466093120103,6147.200000000001
9072,L56251,L,297.0,308.1,1429,54.0,138,0,0,0,0,0,0,11.100000000000023,8080.804623563666,7452.0
9073,H38486,H,297.2,308.1,1770,27.2,140,0,0,0,0,0,0,10.900000000000034,5041.6278904809,3808.0
9074,L56253,L,297.2,308.1,1689,31.2,145,0,0,0,0,0,0,10.900000000000034,5518.395991589687,4524.0
9075,M23934,M,297.2,308.1,1554,41.3,147,0,0,0,0,0,0,10.900000000000034,6720.9348275307875,6071.099999999999
9076,L56255,L,297.3,308.1,1506,36.0,150,0,0,0,0,0,0,10.800000000000011,5677.486243567474,5400.0
9077,L56256,L,297.2,308.1,1474,44.3,152,0,0,0,0,0,0,10.900000000000034,6838.011513754567,6733.599999999999
9078,L56257,L,297.3,308.1,1762,26.1,154,0,0,0,0,0,0,10.800000000000011,4815.873042393938,4019.4
9079,L56258,L,297.3,308.1,1566,35.7,156,0,0,0,0,0,0,10.800000000000011,5854.483573670724,5569.200000000001
9080,H38493,H,297.3,308.1,1554,42.4,158,0,0,0,0,0,0,10.800000000000011,6899.942776932333,6699.2
9081,L56260,L,297.2,308.0,1869,25.4,163,0,0,0,0,0,0,10.800000000000011,4971.31904689356,4140.2
9082,L56261,L,297.3,308.0,1527,35.1,165,0,0,0,0,0,0,10.699999999999989,5612.738018976988,5791.5
9083,L56262,L,297.2,307.9,1309,49.6,167,0,0,0,0,0,0,10.699999999999989,6799.076708801078,8283.2
9084,M23943,M,297.2,307.9,1541,35.7,169,0,0,0,0,0,0,10.699999999999989,5761.021192226427,6033.3
9085,L56264,L,297.2,307.9,1326,75.4,172,1,0,0,1,1,0,10.699999999999989,10469.923004765633,12968.800000000001
9086,H38499,H,297.1,307.9,1365,54.0,174,0,0,0,0,0,0,10.799999999999955,7718.893149870121,9396.0
9087,L56266,L,297.1,307.8,1428,43.7,179,0,0,0,0,0,0,10.699999999999989,6534.889710585201,7822.3
9088,L56267,L,297.1,307.8,1681,27.6,181,0,0,0,0,0,0,10.699999999999989,4858.535870629687,4995.6
9089,M23948,M,297.1,307.9,1662,26.9,183,0,0,0,0,0,0,10.799999999999955,4681.7898679387245,4922.7
9090,L56269,L,297.2,307.9,1989,20.3,186,0,0,0,0,0,0,10.699999999999989,4228.238136539967,3775.8
9091,M23950,M,297.2,307.9,1747,29.0,188,0,0,0,0,0,0,10.699999999999989,5305.416953627323,5452.0
9092,M23951,M,297.2,308.0,1765,31.1,191,0,0,0,0,0,0,10.800000000000011,5748.224438150804,5940.1
9093,L56272,L,297.3,308.1,1568,34.4,194,0,0,0,0,0,0,10.800000000000011,5648.499815350352,6673.599999999999
9094,M23953,M,297.3,308.1,1709,30.6,196,0,0,0,0,0,0,10.800000000000011,5476.361481884655,5997.6
9095,M23954,M,297.3,308.1,1370,58.8,199,0,0,0,0,0,0,10.800000000000011,8435.804593419312,11701.199999999999
9096,L56275,L,297.3,308.1,1458,45.7,202,0,0,0,0,0,0,10.800000000000011,6977.540115476003,9231.400000000001
9097,L56276,L,297.2,308.1,1712,30.9,204,0,0,0,0,0,0,10.900000000000034,5539.758821634097,6303.599999999999
9098,L56277,L,297.3,308.1,1642,36.9,206,0,0,0,0,0,0,10.800000000000011,6344.949018749161,7601.4
9099,L56278,L,297.3,308.1,1468,49.8,0,0,0,0,0,0,0,10.800000000000011,7655.684305679894,0.0
9100,H38513,H,297.3,308.1,1477,52.3,2,0,0,0,0,0,0,10.800000000000011,8089.297395703869,104.6
9101,L56280,L,297.3,308.2,1446,53.5,7,0,0,0,0,0,0,10.899999999999977,8101.224975811999,374.5
9102,H38515,H,297.3,308.2,1653,31.4,9,0,0,0,0,0,0,10.899999999999977,5435.395113681844,282.59999999999997
9103,L56282,L,297.3,308.3,1494,38.2,14,0,0,0,0,0,0,11.0,5976.440200483079,534.8000000000001
9104,L56283,L,297.3,308.2,1490,41.0,16,0,0,0,0,0,0,10.899999999999977,6397.329840260015,656.0
9105,M23964,M,297.4,308.3,1550,47.8,18,0,0,0,0,0,0,10.900000000000034,7758.686656815592,860.4
9106,M23965,M,297.3,308.2,1677,34.9,21,0,0,0,0,0,0,10.899999999999977,6128.964523814862,732.9
9107,L56286,L,297.4,308.3,1854,21.8,24,0,0,0,0,0,0,10.900000000000034,4232.479286622313,523.2
9108,M23967,M,297.5,308.5,1662,30.3,26,0,0,0,0,0,0,11.0,5273.540260168898,787.8000000000001
9109,M23968,M,297.5,308.6,1440,38.8,29,0,0,0,0,0,0,11.100000000000023,5850.90215804563,1125.1999999999998
9110,L56289,L,297.5,308.6,1513,39.7,32,0,0,0,0,0,0,11.100000000000023,6290.107282992996,1270.4
9111,M23970,M,297.6,308.6,1389,49.0,34,0,0,0,0,0,0,11.0,7127.331253199163,1666.0
9112,L56291,L,297.6,308.6,1351,51.0,37,0,0,0,0,0,0,11.0,7215.295847499678,1887.0
9113,M23972,M,297.6,308.6,1482,38.3,39,0,0,0,0,0,0,11.0,5943.95613244496,1493.6999999999998
9114,L56293,L,297.6,308.6,1744,28.5,42,0,0,0,0,0,0,11.0,5204.990708467569,1197.0
9115,L56294,L,297.6,308.7,1476,39.0,44,0,0,0,0,0,0,11.099999999999966,6028.087983708095,1716.0
9116,M23975,M,297.6,308.6,1444,48.2,46,0,0,0,0,0,0,11.0,7288.578732132416,2217.2000000000003
9117,H38530,H,297.6,308.7,1659,32.1,49,0,0,0,0,0,0,11.099999999999966,5576.73536716685,1572.9
9118,M23977,M,297.6,308.7,1475,46.6,54,0,0,0,0,0,0,11.099999999999966,7197.912368149814,2516.4
9119,L56298,L,297.6,308.6,1526,42.1,57,0,0,0,0,0,0,11.0,6727.678779760494,2399.7000000000003
9120,M23979,M,297.4,308.4,1675,29.5,59,0,0,0,0,0,0,11.0,5174.464899850188,1740.5
9121,L56300,L,297.4,308.4,1525,38.7,62,0,0,0,0,0,0,11.0,6180.298147774521,2399.4
9122,L56301,L,297.3,308.3,1396,45.9,64,0,0,0,0,0,0,11.0,6710.064916949367,2937.6
9123,L56302,L,297.4,308.4,1580,41.2,66,0,0,0,0,0,0,11.0,6816.837179269373,2719.2000000000003
9124,L56303,L,297.4,308.5,1462,42.8,68,0,0,0,0,0,0,11.100000000000023,6552.692068955542,2910.3999999999996
9125,L56304,L,297.4,308.4,1426,50.4,70,0,0,0,0,0,0,11.0,7526.2506883519945,3528.0
9126,L56305,L,297.4,308.5,1569,34.2,72,0,0,0,0,0,0,11.100000000000023,5619.24111576992,2462.4
9127,L56306,L,297.4,308.5,1477,40.7,74,0,0,0,0,0,0,11.100000000000023,6295.112887287715,3011.8
9128,L56307,L,297.4,308.5,1761,27.2,76,0,0,0,0,0,0,11.100000000000023,5015.992494427607,2067.2
9129,M23988,M,297.5,308.6,1486,45.9,78,0,0,0,0,0,0,11.100000000000023,7142.662225348681,3580.2
9130,L56309,L,297.6,308.6,1664,30.1,81,0,0,0,0,0,0,11.0,5245.035542825327,2438.1
9131,L56310,L,297.6,308.6,1576,32.7,83,0,0,0,0,0,0,11.0,5396.7535240426905,2714.1000000000004
9132,H38545,H,297.6,308.6,1463,46.7,85,0,0,0,0,0,0,11.0,7154.673581260907,3969.5000000000005
9133,M23992,M,297.6,308.6,1585,42.0,90,0,0,0,0,0,0,11.0,6971.194098315751,3780.0
9134,L56313,L,297.7,308.7,1479,45.7,93,0,0,0,0,0,0,11.0,7078.03966446434,4250.1
9135,L56314,L,297.7,308.7,1449,40.2,95,0,0,0,0,0,0,11.0,6099.904791769158,3819.0000000000005
9136,H38549,H,297.7,308.8,1404,50.3,97,0,0,0,0,0,0,11.100000000000023,7395.434770256516,4879.099999999999
9137,L56316,L,297.7,308.7,1694,29.1,102,0,0,0,0,0,0,11.0,5162.202216525676,2968.2000000000003
9138,L56317,L,297.7,308.7,1731,28.4,104,0,0,0,0,0,0,11.0,5148.065049584521,2953.6
9139,L56318,L,297.6,308.6,1522,37.0,106,0,0,0,0,0,0,11.0,5897.1882898085205,3922.0
9140,L56319,L,297.5,308.5,1536,36.9,108,0,0,0,0,0,0,11.0,5935.3481685741235,3985.2
9141,L56320,L,297.5,308.5,1373,39.9,110,0,0,0,0,0,0,11.0,5736.830928793785,4389.0
9142,L56321,L,297.5,308.5,1597,36.4,112,0,0,0,0,0,0,11.0,6087.443140909917,4076.7999999999997
9143,L56322,L,297.6,308.5,1678,34.2,114,0,0,0,0,0,0,10.899999999999977,6009.615418904988,3898.8
9144,L56323,L,297.6,308.5,1452,42.6,116,0,0,0,0,0,0,10.899999999999977,6477.461396877579,4941.6
9145,M24004,M,297.5,308.5,1447,41.6,118,0,0,0,0,0,0,11.0,6303.626603378944,4908.8
9146,L56325,L,297.6,308.5,1574,37.1,121,0,0,0,0,0,0,10.899999999999977,6115.1519881145805,4489.1
9147,L56326,L,297.6,308.6,1528,40.0,123,0,0,0,0,0,0,11.0,6400.471432913605,4920.0
9148,L56327,L,297.7,308.7,1688,27.2,125,0,0,0,0,0,0,11.0,4808.060948662011,3400.0
9149,L56328,L,297.6,308.6,1393,40.4,127,0,0,0,0,0,0,11.0,5893.334602820116,5130.8
9150,M24009,M,297.5,308.6,1429,50.5,129,0,0,0,0,0,0,11.100000000000023,7557.048768332687,6514.5
9151,M24010,M,297.5,308.6,1347,57.0,132,0,0,0,0,0,0,11.100000000000023,8040.278078332357,7524.0
9152,L56331,L,297.6,308.6,1553,40.5,135,0,0,0,0,0,0,11.0,6586.5060778836805,5467.5
9153,L56332,L,297.5,308.6,1260,53.6,137,0,0,0,0,0,0,11.100000000000023,7072.353381761342,7343.2
9154,L56333,L,297.5,308.6,1546,33.8,139,0,0,0,0,0,0,11.100000000000023,5472.109859826796,4698.2
9155,L56334,L,297.5,308.6,1596,36.0,141,0,0,0,0,0,0,11.100000000000023,6016.778250155172,5076.0
9156,L56335,L,297.5,308.5,1340,57.4,143,0,0,0,0,0,0,11.0,8054.62468478375,8208.199999999999
9157,M24016,M,297.5,308.4,1369,54.8,145,0,0,0,0,0,0,10.899999999999977,7856.201692783019,7946.0
9158,L56337,L,297.5,308.5,1462,52.3,148,0,0,0,0,0,0,11.0,8007.144747812496,7740.4
9159,H38572,H,297.4,308.4,1487,46.2,150,0,0,0,0,0,0,11.0,7194.184344867555,6930.0
9160,M24019,M,297.5,308.6,1510,35.5,155,0,0,0,0,0,0,11.100000000000023,5613.502473189362,5502.5
9161,H38574,H,297.5,308.5,1671,28.0,158,0,0,0,0,0,0,11.0,4899.627902538641,4424.0
9162,M24021,M,297.5,308.5,1612,30.0,163,0,0,0,0,0,0,11.0,5064.247357586746,4890.0
9163,M24022,M,297.6,308.6,1509,39.7,166,0,0,0,0,0,0,11.0,6273.4777858799935,6590.200000000001
9164,L56343,L,297.6,308.6,1415,47.3,169,0,0,0,0,0,0,11.0,7008.840850281268,7993.7
9165,L56344,L,297.6,308.6,2384,14.4,171,0,0,0,0,0,0,11.0,3594.9873053558717,2462.4
9166,L56345,L,297.6,308.6,1326,62.4,173,0,0,0,0,0,0,11.0,8664.763866012936,10795.199999999999
9167,M24026,M,297.6,308.6,1390,53.4,175,0,0,0,0,0,0,11.0,7772.928543511865,9345.0
9168,M24027,M,297.6,308.7,1392,41.2,178,0,0,0,0,0,0,11.099999999999966,6005.719844014536,7333.6
9169,H38582,H,297.6,308.8,1385,44.4,181,0,0,0,0,0,0,11.199999999999989,6439.636621328357,8036.4
9170,L56349,L,297.7,308.8,1896,24.5,186,0,0,0,0,0,0,11.100000000000023,4864.442064818435,4557.0
9171,L56350,L,297.7,308.7,1474,46.8,188,0,0,0,0,0,0,11.0,7223.903811370513,8798.4
9172,M24031,M,297.7,308.8,1388,45.6,190,0,0,0,0,0,0,11.100000000000023,6628.006516837602,8664.0
9173,L56352,L,297.7,308.9,1715,27.2,193,0,0,0,0,0,0,11.199999999999989,4884.967136821889,5249.599999999999
9174,H38587,H,297.8,308.9,1650,32.2,195,0,0,0,0,0,0,11.099999999999966,5563.760589507524,6279.000000000001
9175,L56354,L,297.8,308.9,1871,25.6,200,1,1,0,0,0,0,11.099999999999966,5015.824942819416,5120.0
9176,L56355,L,297.8,309.0,1403,64.2,0,1,0,0,1,0,0,11.199999999999989,9432.380614991067,0.0
9177,L56356,L,297.8,308.9,1518,40.4,2,0,0,0,0,0,0,11.099999999999966,6422.169366174398,80.8
9178,L56357,L,297.9,309.1,1504,43.0,4,0,0,0,0,0,0,11.200000000000045,6772.436003098636,172.0
9179,L56358,L,297.8,309.0,1340,56.9,6,0,0,0,0,0,0,11.199999999999989,7984.462448853578,341.4
9180,H38593,H,297.9,309.1,1435,44.7,8,0,0,0,0,0,0,11.200000000000045,6717.196332273016,357.6
9181,L56360,L,297.9,309.1,1507,36.9,13,0,0,0,0,0,0,11.200000000000045,5823.2875586205755,479.7
9182,L56361,L,297.9,309.1,1521,36.1,15,0,0,0,0,0,0,11.200000000000045,5749.96278608579,541.5
9183,M24042,M,297.8,309.0,1576,45.0,17,0,0,0,0,0,0,11.199999999999989,7426.725033086271,765.0
9184,L56363,L,297.9,309.1,1543,36.6,20,0,0,0,0,0,0,11.200000000000045,5913.922506676642,732.0
9185,L56364,L,298.0,309.2,1665,36.6,22,0,0,0,0,0,0,11.199999999999989,6381.517157236946,805.2
9186,L56365,L,297.9,309.1,1442,50.3,24,0,0,0,0,0,0,11.200000000000045,7595.596110192233,1207.1999999999998
9187,L56366,L,297.9,309.0,1629,29.0,26,0,0,0,0,0,0,11.100000000000023,4947.065951607847,754.0
9188,L56367,L,297.9,309.0,1379,47.3,28,0,0,0,0,0,0,11.100000000000023,6830.524051263511,1324.3999999999999
9189,L56368,L,297.9,309.0,1502,40.2,30,0,0,0,0,0,0,11.100000000000023,6323.020702027105,1206.0
9190,L56369,L,297.9,309.1,1595,32.0,32,0,0,0,0,0,0,11.200000000000045,5344.896301307434,1024.0
9191,M24050,M,298.0,309.0,1439,38.5,34,0,0,0,0,0,0,11.0,5801.63151326183,1309.0
9192,M24051,M,297.9,309.0,1970,21.6,37,0,0,0,0,0,0,11.100000000000023,4456.035019851763,799.2
9193,L56372,L,297.9,309.0,1562,35.8,40,0,0,0,0,0,0,11.100000000000023,5855.886818389326,1432.0
9194,M24053,M,297.9,309.0,1530,40.9,42,0,0,0,0,0,0,11.100000000000023,6553.048116122949,1717.8
9195,L56374,L,297.9,308.9,1393,40.6,45,0,0,0,0,0,0,11.0,5922.509526596454,1827.0
9196,L56375,L,297.9,309.0,1532,37.6,47,0,0,0,0,0,0,11.100000000000023,6032.192998108786,1767.2
9197,L56376,L,298.0,308.9,1607,37.7,49,0,0,0,0,0,0,10.899999999999977,6344.331172193955,1847.3000000000002
9198,M24057,M,297.9,308.8,1469,49.0,51,0,0,0,0,0,0,10.900000000000034,7537.832693268229,2499.0
9199,M24058,M,297.9,308.8,1538,37.6,54,0,0,0,0,0,0,10.900000000000034,6055.817774863781,2030.4
9200,L56379,L,297.9,308.8,1613,31.4,57,0,0,0,0,0,0,10.900000000000034,5303.8671012515515,1789.8
9201,M24060,M,297.9,308.8,1602,32.1,59,0,0,0,0,0,0,10.900000000000034,5385.1296312244085,1893.9
9202,L56381,L,297.8,308.7,1404,44.2,62,0,0,0,0,0,0,10.899999999999977,6498.572899509702,2740.4
9203,L56382,L,297.8,308.8,1548,36.9,64,0,0,0,0,0,0,11.0,5981.718076141109,2361.6
9204,L56383,L,297.8,308.8,1559,35.2,66,0,0,0,0,0,0,11.0,5746.685057750546,2323.2000000000003
9205,L56384,L,297.8,308.8,1621,36.1,68,0,0,0,0,0,0,11.0,6128.001102067763,2454.8
9206,L56385,L,297.8,308.8,1579,32.9,70,0,0,0,0,0,0,11.0,5440.097030686717,2303.0
9207,M24066,M,297.9,308.9,1547,44.0,72,0,0,0,0,0,0,11.0,7128.064291485001,3168.0
9208,L56387,L,297.9,308.8,1386,48.6,75,0,0,0,0,0,0,10.900000000000034,7053.880816958234,3645.0
9209,L56388,L,298.0,308.9,1406,40.9,77,0,0,0,0,0,0,10.899999999999977,6021.951406058083,3149.2999999999997
9210,M24069,M,298.0,309.0,1393,55.9,79,0,0,0,0,0,0,11.0,8154.39119548625,4416.099999999999
9211,M24070,M,297.9,309.0,2456,13.9,82,0,0,0,0,0,0,11.100000000000023,3574.964888176993,1139.8
9212,M24071,M,298.0,309.0,1409,49.1,85,0,0,0,0,0,0,11.0,7244.711626712791,4173.5
9213,L56392,L,298.0,308.9,1390,53.9,88,0,0,0,0,0,0,10.899999999999977,7845.70877332003,4743.2
9214,L56393,L,298.0,309.0,1679,32.4,90,0,0,0,0,0,0,11.0,5696.712790607443,2916.0
9215,L56394,L,298.0,308.9,1508,37.1,92,0,0,0,0,0,0,10.899999999999977,5858.735195728581,3413.2000000000003
9216,L56395,L,297.9,308.8,1681,31.7,94,0,0,0,0,0,0,10.900000000000034,5580.274894889893,2979.7999999999997
9217,H38630,H,297.7,308.8,1469,43.7,96,0,0,0,0,0,0,11.100000000000023,6722.516095833095,4195.200000000001
9218,L56397,L,297.8,308.8,1421,49.6,101,0,0,0,0,0,0,11.0,7380.815892441812,5009.6
9219,L56398,L,297.7,308.8,1354,50.2,103,0,0,0,0,0,0,11.100000000000023,7117.88553128737,5170.6
9220,M24079,M,297.7,308.8,1350,57.0,105,0,0,0,0,0,0,11.100000000000023,8058.185156457819,5985.0
9221,L56400,L,297.8,308.9,1282,58.1,108,0,0,0,0,0,0,11.099999999999966,7799.9671842837615,6274.8
9222,M24081,M,297.8,309.0,1675,30.0,110,0,0,0,0,0,0,11.199999999999989,5262.167694762903,3300.0
9223,M24082,M,297.9,309.0,1525,38.5,113,0,0,0,0,0,0,11.100000000000023,6148.358622463024,4350.5
9224,L56403,L,297.9,309.0,1382,43.9,116,0,0,0,0,0,0,11.100000000000023,6353.326599158733,5092.4
9225,L56404,L,297.9,309.0,1450,46.8,118,0,0,0,0,0,0,11.100000000000023,7106.282582420112,5522.4
9226,L56405,L,298.0,309.1,1820,23.6,120,0,0,0,0,0,0,11.100000000000023,4497.922921899626,2832.0
9227,L56406,L,298.0,309.1,1822,23.5,122,0,0,0,0,0,0,11.100000000000023,4483.785754958472,2867.0
9228,L56407,L,298.0,309.1,1473,44.3,124,0,0,0,0,0,0,11.100000000000023,6833.3724286027655,5493.2
9229,M24088,M,298.1,309.1,1572,37.5,126,0,0,0,0,0,0,11.0,6173.229564303943,4725.0
9230,M24089,M,298.1,309.0,2042,17.8,129,0,0,0,0,0,0,10.899999999999977,3806.311771187345,2296.2000000000003
9231,L56410,L,298.2,309.2,1922,22.6,132,0,0,0,0,0,0,11.0,4548.732947083686,2983.2000000000003
9232,L56411,L,298.2,309.1,1539,36.5,134,0,0,0,0,0,0,10.900000000000034,5882.475164214208,4891.0
9233,L56412,L,298.2,309.1,1350,52.0,136,0,0,0,0,0,0,10.900000000000034,7351.326809400116,7072.0
9234,L56413,L,298.3,309.1,1403,45.1,138,0,0,0,0,0,0,10.800000000000011,6626.173921123008,6223.8
9235,L56414,L,298.3,309.1,1904,20.3,140,0,0,0,0,0,0,10.800000000000011,4047.544199080994,2842.0
9236,M24095,M,298.2,308.9,1592,35.2,142,0,0,0,0,0,0,10.699999999999989,5868.327525297542,4998.400000000001
9237,L56416,L,298.1,308.7,1556,31.6,145,0,0,0,0,0,0,10.599999999999966,5149.028471331623,4582.0
9238,M24097,M,298.1,308.8,1811,25.4,147,0,0,0,0,0,0,10.699999999999989,4817.045903651277,3733.7999999999997
9239,M24098,M,298.2,308.8,1456,41.2,150,0,0,0,0,0,0,10.600000000000023,6281.844894314055,6180.0
9240,H38653,H,298.2,308.8,1436,51.9,153,0,0,0,0,0,0,10.600000000000023,7804.595797460051,7940.7
9241,M24100,M,298.1,308.7,1362,49.6,158,0,0,0,0,0,0,10.599999999999966,7074.364001059639,7836.8
9242,L56421,L,298.1,308.7,1683,29.1,161,0,0,0,0,0,0,10.599999999999966,5128.681422911874,4685.1
9243,M24102,M,298.2,308.7,1269,60.9,163,0,0,0,0,0,0,10.5,8092.962587133057,9926.699999999999
9244,L56423,L,298.3,308.8,1454,49.0,166,0,0,0,0,0,0,10.5,7460.8636732552795,8134.0
9245,L56424,L,298.3,308.8,1767,27.3,168,0,0,0,0,0,0,10.5,5051.5867391927795,4586.400000000001
9246,L56425,L,298.3,308.9,1708,27.3,170,0,0,0,0,0,0,10.599999999999966,4882.914629621544,4641.0
9247,L56426,L,298.3,308.9,1862,27.0,172,0,0,0,0,0,0,10.599999999999966,5264.680968885775,4644.0
9248,L56427,L,298.3,308.9,1695,30.7,174,0,0,0,0,0,0,10.599999999999966,5449.249537284176,5341.8
9249,M24108,M,298.3,309.1,1488,40.6,176,0,0,0,0,0,0,10.800000000000011,6326.413622092982,7145.6
9250,L56429,L,298.3,309.0,1657,32.2,179,0,0,0,0,0,0,10.699999999999989,5587.364422311495,5763.8
9251,H38664,H,298.3,309.0,1823,25.9,181,0,0,0,0,0,0,10.699999999999989,4944.416541803319,4687.9
9252,M24111,M,298.2,309.1,1651,28.8,186,0,0,0,0,0,0,10.900000000000034,4979.298692233679,5356.8
9253,M24112,M,298.1,309.0,1533,36.1,189,0,0,0,0,0,0,10.899999999999977,5795.327384003627,6822.900000000001
9254,M24113,M,298.2,309.0,1508,40.5,192,0,0,0,0,0,0,10.800000000000011,6395.654324178101,7776.0
9255,L56434,L,298.3,309.1,1616,31.1,195,0,0,0,0,0,0,10.800000000000011,5262.963564901814,6064.5
9256,L56435,L,298.2,309.0,1651,31.5,197,0,0,0,0,0,0,10.800000000000011,5446.107944630586,6205.5
9257,L56436,L,298.2,309.1,1569,35.2,199,0,0,0,0,0,0,10.900000000000034,5783.546411552666,7004.8
9258,M24117,M,298.3,309.1,1296,58.7,201,0,0,0,0,0,0,10.800000000000011,7966.5763146791405,11798.7
9259,H38672,H,298.3,309.0,1379,43.2,0,0,0,0,0,0,0,10.699999999999989,6238.449027792468,0.0
9260,M24119,M,298.2,309.0,1694,28.0,5,0,0,0,0,0,0,10.800000000000011,4967.067424835702,140.0
9261,L56440,L,298.2,309.0,1377,57.8,8,0,0,0,0,0,0,10.800000000000011,8334.708141826792,462.4
9262,H38675,H,298.3,309.0,1470,38.4,10,0,0,0,0,0,0,10.699999999999989,5911.2207369945545,384.0
9263,M24122,M,298.3,309.1,1404,47.0,15,0,0,0,0,0,0,10.800000000000011,6910.247200836108,705.0
9264,L56443,L,298.3,309.1,1593,40.1,18,0,0,0,0,0,0,10.800000000000011,6689.424653215282,721.8000000000001
9265,M24124,M,298.3,309.0,1526,36.9,20,0,0,0,0,0,0,10.699999999999989,5896.70657893497,738.0
9266,M24125,M,298.3,308.9,1390,49.7,23,0,0,0,0,0,0,10.599999999999966,7234.354842931456,1143.1000000000001
9267,L56446,L,298.2,308.9,1737,25.5,26,0,0,0,0,0,0,10.699999999999989,4638.40447339265,663.0
9268,L56447,L,298.2,308.8,1362,57.3,28,0,0,0,0,0,0,10.600000000000023,8172.601960901558,1604.3999999999999
9269,L56448,L,298.2,308.8,1666,31.5,30,0,0,0,0,0,0,10.600000000000023,5495.588028924625,945.0
9270,L56449,L,298.2,308.8,1354,60.9,32,0,0,0,0,0,0,10.600000000000023,8635.044399509976,1948.8
9271,L56450,L,298.2,308.8,1302,60.4,34,0,0,0,0,0,0,10.600000000000023,8235.24531841414,2053.6
9272,L56451,L,298.2,308.7,1991,20.5,36,0,0,0,0,0,0,10.5,4274.189165086474,738.0
9273,L56452,L,298.2,308.6,1353,54.1,38,0,0,0,0,0,0,10.400000000000034,7665.203331420272,2055.8
9274,H38687,H,298.2,308.7,1520,35.7,40,0,0,0,0,0,0,10.5,5682.512791813218,1428.0
9275,L56454,L,298.2,308.7,1428,54.9,45,0,0,0,0,0,0,10.5,8209.73558606699,2470.5
9276,L56455,L,298.2,308.7,1605,29.4,47,0,0,0,0,0,0,10.5,4941.411084831386,1381.8
9277,L56456,L,298.1,308.7,1691,30.3,49,0,0,0,0,0,0,10.599999999999966,5365.557508992543,1484.7
9278,L56457,L,298.2,308.7,1447,48.4,51,0,0,0,0,0,0,10.5,7334.0271058543485,2468.4
9279,H38692,H,298.2,308.8,1606,39.9,53,0,0,0,0,0,0,10.600000000000023,6710.3790762147255,2114.7
9280,M24139,M,298.2,308.8,1645,28.2,58,0,0,0,0,0,0,10.600000000000023,4857.8447202458965,1635.6
9281,H38694,H,298.2,308.8,1470,43.3,61,0,0,0,0,0,0,10.600000000000023,6665.517133121463,2641.2999999999997
9282,L56461,L,298.2,308.9,1336,45.0,66,0,0,0,0,0,0,10.699999999999989,6295.751677793945,2970.0
9283,M24142,M,298.2,308.9,1414,44.3,68,0,0,0,0,0,0,10.699999999999989,6559.666404646511,3012.3999999999996
9284,M24143,M,298.3,309.0,1802,27.5,71,0,0,0,0,0,0,10.699999999999989,5189.38746495474,1952.5
9285,L56464,L,298.2,308.9,1683,31.7,74,0,0,0,0,0,0,10.699999999999989,5586.91412736448,2345.7999999999997
9286,M24145,M,298.2,309.0,1410,47.6,76,0,0,0,0,0,0,10.800000000000011,7028.371084611085,3617.6
9287,L56466,L,298.2,308.9,1605,32.0,79,0,0,0,0,0,0,10.699999999999989,5378.406622945726,2528.0
9288,L56467,L,298.2,308.9,1709,28.1,81,0,0,0,0,0,0,10.699999999999989,5028.946328135909,2276.1
9289,L56468,L,298.2,308.9,1444,53.1,83,0,0,0,0,0,0,10.699999999999989,8029.533831457081,4407.3
9290,L56469,L,298.2,308.9,1367,45.0,85,0,0,0,0,0,0,10.699999999999989,6441.835736185871,3825.0
9291,L56470,L,298.2,309.0,1418,44.2,87,0,0,0,0,0,0,10.800000000000011,6563.373483977748,3845.4
9292,L56471,L,298.2,309.0,1353,57.8,89,0,0,0,0,0,0,10.800000000000011,8189.4408975248,5144.2
9293,L56472,L,298.2,309.0,1643,34.1,91,0,0,0,0,0,0,10.800000000000011,5867.060416260594,3103.1
9294,L56473,L,298.3,309.1,1437,38.0,93,0,0,0,0,0,0,10.800000000000011,5718.326948064141,3534.0
9295,L56474,L,298.1,309.0,1437,36.2,95,0,0,0,0,0,0,10.899999999999977,5447.4588294716295,3439.0000000000005
9296,M24155,M,298.2,309.0,1413,47.9,97,0,0,0,0,0,0,10.800000000000011,7087.715769837396,4646.3
9297,H38710,H,298.2,309.0,1524,39.1,100,0,0,0,0,0,0,10.800000000000011,6240.082655972335,3910.0
9298,M24157,M,298.1,308.9,1479,43.4,105,0,0,0,0,0,0,10.799999999999955,6721.8144734737925,4557.0
9299,L56478,L,298.1,308.9,1313,50.6,108,0,0,0,0,0,0,10.799999999999955,6957.350146688932,5464.8
9300,M24159,M,298.1,308.9,1335,50.4,110,0,0,0,0,0,0,10.799999999999955,7045.964003471187,5544.0
9301,L56480,L,298.1,308.9,1367,41.9,113,0,0,0,0,0,0,10.799999999999955,5998.064829915288,4734.7
9302,M24161,M,298.1,308.9,1459,50.3,115,0,0,0,0,0,0,10.799999999999955,7685.141972795054,5784.5
9303,M24162,M,298.1,308.9,1804,25.1,118,0,0,0,0,0,0,10.799999999999955,4741.7523997202425,2961.8
9304,L56483,L,298.2,309.0,1491,38.3,121,0,0,0,0,0,0,10.800000000000011,5980.053032034706,4634.299999999999
9305,L56484,L,298.3,309.1,1537,43.0,123,0,0,0,0,0,0,10.800000000000011,6921.033335613433,5289.0
9306,H38719,H,298.3,309.1,1646,30.2,125,0,0,0,0,0,0,10.800000000000011,5205.535251194191,3775.0
9307,M24166,M,298.3,309.2,1783,28.3,130,0,0,0,0,0,0,10.899999999999977,5284.0436516074005,3679.0
9308,L56487,L,298.3,309.1,1395,49.8,133,0,0,0,0,0,0,10.800000000000011,7274.986107917884,6623.4
9309,L56488,L,298.4,309.1,1423,48.0,135,0,0,0,0,0,0,10.700000000000045,7152.778153693241,6480.0
9310,L56489,L,298.3,309.2,1562,37.6,137,0,0,0,0,0,0,10.899999999999977,6150.316881883762,5151.2
9311,L56490,L,298.4,309.3,1549,40.8,139,0,0,0,0,0,0,10.900000000000034,6618.204747758401,5671.2
9312,L56491,L,298.4,309.4,1540,43.2,141,0,0,0,0,0,0,11.0,6966.795868600725,6091.200000000001
9313,H38726,H,298.5,309.4,1573,33.6,143,0,0,0,0,0,0,10.899999999999977,5534.732273388354,4804.8
9314,L56493,L,298.5,309.4,1418,45.1,148,0,0,0,0,0,0,10.899999999999977,6697.016835461458,6674.8
9315,M24174,M,298.5,309.4,1565,33.7,150,0,0,0,0,0,0,10.899999999999977,5522.972244888417,5055.0
9316,L56495,L,298.5,309.5,1569,41.0,153,0,0,0,0,0,0,11.0,6736.517127092593,6273.0
9317,H38730,H,298.5,309.4,1417,41.2,155,0,0,0,0,0,0,10.899999999999977,6113.581191787785,6386.0
9318,L56497,L,298.5,309.5,1480,38.1,160,0,0,0,0,0,0,11.0,5904.937551687375,6096.0
9319,L56498,L,298.5,309.4,1364,44.5,162,0,0,0,0,0,0,10.899999999999977,6356.279696253108,7209.0
9320,L56499,L,298.5,309.4,1911,21.5,164,0,0,0,0,0,0,10.899999999999977,4302.568218723901,3526.0
9321,L56500,L,298.4,309.3,1409,43.1,166,0,0,0,0,0,0,10.900000000000034,6359.410816931187,7154.6
9322,L56501,L,298.4,309.2,1335,53.5,168,0,0,0,0,0,0,10.800000000000011,7479.346710033899,8988.0
9323,M24182,M,298.5,309.3,1512,38.1,170,0,0,0,0,0,0,10.800000000000011,6032.611877129265,6477.0
9324,L56503,L,298.6,309.4,1447,40.2,173,0,0,0,0,0,0,10.799999999999955,6091.485323457537,6954.6
9325,L56504,L,298.6,309.3,1537,37.6,175,0,0,0,0,0,0,10.699999999999989,6051.880312071282,6580.0
9326,M24185,M,298.6,309.3,1510,40.8,177,0,0,0,0,0,0,10.699999999999989,6451.574673411998,7221.599999999999
9327,L56506,L,298.6,309.3,1677,31.2,180,0,0,0,0,0,0,10.699999999999989,5479.188915272886,5616.0
9328,L56507,L,298.5,309.2,1504,33.7,182,0,0,0,0,0,0,10.699999999999989,5307.699844288932,6133.400000000001
9329,H38742,H,298.5,309.1,2051,19.0,184,0,0,0,0,0,0,10.600000000000023,4080.8241372580214,3496.0
9330,L56509,L,298.5,309.1,1474,41.3,189,0,0,0,0,0,0,10.600000000000023,6374.940756615431,7805.7
9331,M24190,M,298.4,309.0,1507,36.1,191,0,0,0,0,0,0,10.600000000000023,5697.037421848315,6895.1
9332,L56511,L,298.4,308.9,1496,37.9,194,0,0,0,0,0,0,10.5,5937.442563676517,7352.599999999999
9333,M24192,M,298.5,309.0,1921,22.0,196,0,0,0,0,0,0,10.5,4425.666290867061,4312.0
9334,L56513,L,298.5,309.0,1450,40.5,199,0,0,0,0,0,0,10.5,6149.66761940202,8059.5
9335,L56514,L,298.4,308.9,1402,44.8,201,0,0,0,0,0,0,10.5,6577.405931163782,9004.8
9336,L56515,L,298.4,308.9,1501,50.0,203,0,0,0,0,0,0,10.5,7859.217621730465,10150.0
9337,L56516,L,298.5,308.9,1725,31.9,205,0,0,0,0,0,0,10.399999999999977,5762.466324847078,6539.5
9338,H38751,H,298.5,308.9,1500,40.3,207,0,0,0,0,0,0,10.399999999999977,6330.309196983432,8342.099999999999
9339,H38752,H,298.5,309.0,1531,30.8,212,0,0,0,0,0,0,10.5,4938.039108716533,6529.6
9340,L56519,L,298.5,309.0,1458,44.8,217,0,0,0,0,0,0,10.5,6840.126852807984,9721.599999999999
9341,H38754,H,298.4,308.9,1577,37.1,0,0,0,0,0,0,0,10.5,6126.807296859399,0.0
9342,M24201,M,298.3,308.9,1363,46.1,5,0,0,0,0,0,0,10.599999999999966,6579.992509115238,230.5
9343,H38756,H,298.3,308.9,1706,31.8,8,0,0,0,0,0,0,10.599999999999966,5681.130491045638,254.4
9344,M24203,M,298.3,308.8,1391,50.4,13,0,0,0,0,0,0,10.5,7341.525040320915,655.1999999999999
9345,L56524,L,298.2,308.8,1616,33.7,16,0,0,0,0,0,0,10.600000000000023,5702.954088012576,539.2
9346,L56525,L,298.2,308.8,1442,47.0,18,0,0,0,0,0,0,10.600000000000023,7097.276683479821,846.0
9347,M24206,M,298.2,308.8,1626,40.4,20,0,0,0,0,0,0,10.600000000000023,6879.082601712497,808.0
9348,M24207,M,298.2,308.7,1426,42.6,23,0,0,0,0,0,0,10.5,6361.473796107043,979.8000000000001
9349,L56528,L,298.2,308.7,1436,49.1,26,0,0,0,0,0,0,10.5,7383.538606074923,1276.6000000000001
9350,M24209,M,298.2,308.7,1599,36.2,28,0,0,0,0,0,0,10.5,6061.5773613953625,1013.6000000000001
9351,L56530,L,298.2,308.7,2186,17.8,31,0,0,0,0,0,0,10.5,4074.7294475100575,551.8000000000001
9352,L56531,L,298.3,308.8,1645,30.4,33,0,0,0,0,0,0,10.5,5236.825514023945,1003.1999999999999
9353,L56532,L,298.2,308.7,1780,27.9,35,0,0,0,0,0,0,10.5,5200.592478752544,976.5
9354,L56533,L,298.2,308.8,1345,44.3,37,0,0,0,0,0,0,10.600000000000023,6239.569529172247,1639.1
9355,M24214,M,298.2,308.8,1607,31.9,39,0,0,0,0,0,0,10.600000000000023,5368.2802226256545,1244.1
9356,L56535,L,298.3,308.9,1708,28.0,42,0,0,0,0,0,0,10.599999999999966,5008.117568842608,1176.0
9357,L56536,L,298.3,308.9,1270,52.7,44,0,0,0,0,0,0,10.599999999999966,7008.788490403708,2318.8
9358,M24217,M,298.3,308.9,1646,25.4,46,0,0,0,0,0,0,10.599999999999966,4378.165409944782,1168.3999999999999
9359,L56538,L,298.2,308.7,1407,45.1,49,0,0,0,0,0,0,10.5,6645.065364946595,2209.9
9360,M24219,M,298.1,308.7,1581,47.4,51,0,0,0,0,0,0,10.599999999999966,7847.63561681423,2417.4
9361,L56540,L,298.0,308.6,1532,42.6,54,0,0,0,0,0,0,10.600000000000023,6834.346322325379,2300.4
9362,L56541,L,298.0,308.6,1610,33.1,56,0,0,0,0,0,0,10.600000000000023,5580.620470081789,1853.6000000000001
9363,M24222,M,298.0,308.5,1682,33.0,58,0,0,0,0,0,0,10.5,5812.574727671835,1914.0
9364,L56543,L,297.9,308.5,1519,34.3,61,0,0,0,0,0,0,10.600000000000023,5456.0772653179765,2092.2999999999997
9365,L56544,L,297.9,308.5,1683,28.5,63,0,0,0,0,0,0,10.600000000000023,5022.93541419204,1795.5
9366,M24225,M,298.0,308.6,1254,55.8,65,0,0,0,0,0,0,10.600000000000023,7327.576368938976,3627.0
9367,L56546,L,298.0,308.5,1461,48.0,68,0,0,0,0,0,0,10.5,7343.7869870315,3264.0
9368,L56547,L,297.9,308.5,1472,45.1,70,0,0,0,0,0,0,10.600000000000023,6952.0513270798765,3157.0
9369,L56548,L,297.7,308.4,1510,38.6,72,0,0,0,0,0,0,10.699999999999989,6103.695646904489,2779.2000000000003
9370,M24229,M,297.7,308.3,1547,36.8,74,0,0,0,0,0,0,10.600000000000023,5961.653771060182,2723.2
9371,H38784,H,297.7,308.4,1418,51.9,77,0,0,0,0,0,0,10.699999999999989,7706.766602227264,3996.2999999999997
9372,L56551,L,297.7,308.4,1289,51.3,82,0,0,0,0,0,0,10.699999999999989,6924.667111116086,4206.599999999999
9373,L56552,L,297.7,308.4,1487,41.4,84,0,0,0,0,0,0,10.699999999999989,6446.73662072547,3477.6
9374,L56553,L,297.7,308.5,1453,45.5,86,0,0,0,0,0,0,10.800000000000011,6923.180090593387,3913.0
9375,M24234,M,297.8,308.5,1466,44.7,88,0,0,0,0,0,0,10.699999999999989,6862.3064969423285,3933.6000000000004
9376,H38789,H,297.7,308.4,1288,49.5,91,0,0,0,0,0,0,10.699999999999989,6676.512707409028,4504.5
9377,H38790,H,297.7,308.4,1738,27.7,96,0,0,0,0,0,0,10.699999999999989,5041.481282823732,2659.2
9378,H38791,H,297.7,308.3,1488,41.0,101,0,0,0,0,0,0,10.600000000000023,6388.742820340203,4141.0
9379,L56558,L,297.6,308.3,1816,28.8,106,0,0,0,0,0,0,10.699999999999989,5476.926968562302,3052.8
9380,L56559,L,297.5,308.2,1419,48.5,108,0,0,0,0,0,0,10.699999999999989,7206.970626967664,5238.0
9381,L56560,L,297.4,308.1,1435,45.7,110,0,0,0,0,0,0,10.700000000000045,6867.469180869728,5027.0
9382,M24241,M,297.5,308.1,1480,42.4,112,0,0,0,0,0,0,10.600000000000023,6571.374073268889,4748.8
9383,L56562,L,297.5,308.2,1610,33.6,115,0,0,0,0,0,0,10.699999999999989,5664.9198729531145,3864.0
9384,H38797,H,297.5,308.1,1548,38.2,117,0,0,0,0,0,0,10.600000000000023,6192.456111343913,4469.400000000001
9385,M24244,M,297.6,308.1,1379,57.4,122,0,0,0,0,0,0,10.5,8289.05032859462,7002.8
9386,M24245,M,297.5,308.1,1907,23.5,125,0,0,0,0,0,0,10.600000000000023,4692.963465809992,2937.5
9387,M24246,M,297.5,308.0,2033,16.7,128,0,0,0,0,0,0,10.5,3555.3508780430807,2137.6
9388,H38801,H,297.4,307.9,1390,52.0,131,0,0,0,0,0,0,10.5,7569.143900049008,6812.0
9389,M24248,M,297.5,307.9,1544,37.9,136,0,0,0,0,0,0,10.399999999999977,6127.948742190202,5154.4
9390,L56569,L,297.6,308.0,1258,57.4,139,0,0,0,0,0,0,10.399999999999977,7561.729741386535,7978.599999999999
9391,M24250,M,297.5,308.0,1560,39.0,141,0,0,0,0,0,0,10.5,6371.1499014801,5499.0
9392,H38805,H,297.6,308.2,2071,18.5,144,0,0,0,0,0,0,10.599999999999966,4012.1803377770843,2664.0
9393,L56572,L,297.6,308.1,1437,46.3,149,0,0,0,0,0,0,10.5,6967.329939351835,6898.7
9394,H38807,H,297.7,308.2,1489,43.0,151,0,0,0,0,0,0,10.5,6704.891761046456,6493.0
9395,L56574,L,297.7,308.2,1334,53.0,156,0,0,0,0,0,0,10.5,7403.896126470185,8268.0
9396,L56575,L,297.7,308.2,1500,39.9,158,0,0,0,0,0,0,10.5,6267.477343911637,6304.2
9397,L56576,L,297.8,308.3,1498,47.3,160,0,0,0,0,0,0,10.5,7419.96013690554,7568.0
9398,M24257,M,297.7,308.2,1370,53.4,162,0,0,0,0,0,0,10.5,7661.08784504407,8650.8
9399,H38812,H,297.7,308.2,1526,40.1,165,0,0,0,0,0,0,10.5,6408.074087135292,6616.5
9400,L56579,L,297.8,308.3,1477,44.8,170,0,0,0,0,0,0,10.5,6929.264308365838,7615.999999999999
9401,L56580,L,297.7,308.2,1446,43.9,172,0,0,0,0,0,0,10.5,6647.54722314293,7550.8
9402,M24261,M,297.7,308.2,1720,25.6,174,0,0,0,0,0,0,10.5,4611.020257428859,4454.400000000001
9403,L56582,L,297.7,308.1,1734,30.7,177,0,0,0,0,0,0,10.400000000000034,5574.630500088943,5433.9
9404,L56583,L,297.7,308.1,1697,29.1,179,0,0,0,0,0,0,10.400000000000034,5171.344251147622,5208.900000000001
9405,L56584,L,297.7,308.2,2007,19.3,181,0,0,0,0,0,0,10.5,4056.330186535533,3493.3
9406,M24265,M,297.7,308.1,1469,48.8,183,0,0,0,0,0,0,10.400000000000034,7507.066029214073,8930.4
9407,M24266,M,297.7,308.1,2189,15.6,186,0,0,0,0,0,0,10.400000000000034,3576.0120857281895,2901.6
9408,L56587,L,297.8,308.3,1435,50.1,189,0,0,0,0,0,0,10.5,7528.669714695259,9468.9
9409,H38822,H,297.9,308.4,1637,34.5,191,0,0,0,0,0,0,10.5,5914.205250015465,6589.5
9410,L56589,L,298.0,308.5,1664,28.3,196,0,0,0,0,0,0,10.5,4931.378932290922,5546.8
9411,M24270,M,298.0,308.5,1666,31.0,198,0,0,0,0,0,0,10.5,5408.356472909948,6138.0
9412,L56591,L,298.0,308.5,1404,46.6,201,0,0,0,0,0,0,10.5,6851.436586360908,9366.6
9413,L56592,L,298.0,308.5,1702,26.7,203,0,0,0,0,0,0,10.5,4758.821719804747,5420.099999999999
9414,L56593,L,298.1,308.6,1439,44.9,205,0,0,0,0,0,0,10.5,6766.058570011849,9204.5
9415,L56594,L,298.1,308.6,1354,53.9,207,1,0,0,0,1,0,10.5,7642.510560485841,11157.3
9416,M24275,M,298.2,308.7,1361,44.2,0,0,0,0,0,0,0,10.5,6299.5425329292775,0.0
9417,M24276,M,298.1,308.5,1463,45.9,3,0,0,0,0,0,0,10.399999999999977,7032.109579868857,137.7
9418,H38831,H,298.1,308.4,1515,43.8,6,0,0,0,0,0,0,10.299999999999955,6948.888790475263,262.79999999999995
9419,L56598,L,298.0,308.4,1432,46.2,11,0,0,0,0,0,0,10.399999999999977,6928.0914471085,508.20000000000005
9420,L56599,L,298.0,308.4,1911,22.0,13,0,0,0,0,0,0,10.399999999999977,4402.627944740736,286.0
9421,L56600,L,298.0,308.4,1472,42.0,15,0,0,0,0,0,0,10.399999999999977,6474.194140517845,630.0
9422,M24281,M,298.1,308.5,1382,54.5,17,0,0,0,0,0,0,10.399999999999977,7887.387235857654,926.5
9423,L56602,L,298.1,308.5,1665,29.6,20,0,0,0,0,0,0,10.399999999999977,5161.008411317312,592.0
9424,L56603,L,298.1,308.5,1676,30.5,22,0,0,0,0,0,0,10.399999999999977,5353.064442206768,671.0
9425,M24284,M,298.0,308.5,1585,33.0,24,0,0,0,0,0,0,10.5,5477.366791533804,792.0
9426,M24285,M,298.1,308.6,1415,46.3,27,0,0,0,0,0,0,10.5,6860.662396786949,1250.1
9427,L56606,L,298.1,308.7,1341,55.7,30,0,0,0,0,0,0,10.599999999999966,7821.905972981331,1671.0
9428,L56607,L,298.2,308.8,1540,34.8,32,0,0,0,0,0,0,10.600000000000023,5612.141116372805,1113.6
9429,H38842,H,298.2,308.8,1837,28.4,34,0,0,0,0,0,0,10.600000000000023,5463.313400396745,965.5999999999999
9430,L56609,L,298.2,308.8,1498,36.0,39,0,0,0,0,0,0,10.600000000000023,5647.326954093011,1404.0
9431,L56610,L,298.1,308.7,1671,28.8,41,0,0,0,0,0,0,10.599999999999966,5039.617271182603,1180.8
9432,L56611,L,298.0,308.6,1430,57.0,43,0,0,0,0,0,0,10.600000000000023,8535.707239803467,2451.0
9433,L56612,L,298.0,308.7,1619,40.1,45,0,0,0,0,0,0,10.699999999999989,6798.605469903039,1804.5
9434,M24293,M,298.0,308.7,1430,51.9,47,0,0,0,0,0,0,10.699999999999989,7771.986065715789,2439.2999999999997
9435,L56614,L,298.0,308.6,1626,33.3,50,0,0,0,0,0,0,10.600000000000023,5670.134916758073,1664.9999999999998
9436,L56615,L,298.0,308.7,1443,49.3,52,0,0,0,0,0,0,10.699999999999989,7449.7529072370835,2563.6
9437,L56616,L,298.0,308.6,1481,42.5,54,0,0,0,0,0,0,10.600000000000023,6591.3231866191845,2295.0
9438,M24297,M,298.1,308.7,1527,43.0,56,0,0,0,0,0,0,10.599999999999966,6876.00384091198,2408.0
9439,M24298,M,298.1,308.7,1315,56.8,59,0,0,0,0,0,0,10.599999999999966,7821.7279493976275,3351.2
9440,M24299,M,298.1,308.8,1433,48.2,62,0,0,0,0,0,0,10.699999999999989,7233.056317967972,2988.4
9441,M24300,M,298.1,308.8,1378,53.5,65,0,0,0,0,0,0,10.699999999999989,7720.254506686677,3477.5
9442,L56621,L,298.1,308.8,1432,43.4,68,0,0,0,0,0,0,10.699999999999989,6508.20711698071,2951.2
9443,M24302,M,298.1,308.8,1394,47.9,70,0,0,0,0,0,0,10.699999999999989,6992.410320702993,3353.0
9444,H38857,H,298.0,308.8,1411,53.8,73,0,0,0,0,0,0,10.800000000000011,7949.465106692589,3927.3999999999996
9445,L56624,L,298.1,308.9,2136,15.9,78,0,0,0,0,0,0,10.799999999999955,3556.534211275933,1240.2
9446,M24305,M,298.2,309.0,1446,45.8,80,0,0,0,0,0,0,10.800000000000011,6935.254278358684,3664.0
9447,H38860,H,298.1,308.9,1388,53.5,83,0,0,0,0,0,0,10.799999999999955,7776.279575675695,4440.5
9448,M24307,M,298.1,308.9,1323,51.7,88,0,0,0,0,0,0,10.799999999999955,7162.737002405121,4549.6
9449,L56628,L,298.2,309.0,1780,29.3,91,0,0,0,0,0,0,10.800000000000011,5461.554108510735,2666.3
9450,M24309,M,298.1,308.8,1434,41.8,93,0,0,0,0,0,0,10.699999999999989,6277.02778557855,3887.3999999999996
9451,M24310,M,298.0,308.7,1494,42.6,96,0,0,0,0,0,0,10.699999999999989,6664.825982737674,4089.6000000000004
9452,H38865,H,298.0,308.7,1536,39.6,99,0,0,0,0,0,0,10.699999999999989,6369.641937006378,3920.4
9453,M24312,M,298.0,308.7,1392,53.4,104,0,0,0,0,0,0,10.699999999999989,7784.112613358646,5553.599999999999
9454,H38867,H,298.2,309.0,1360,56.8,107,0,0,0,0,0,0,10.800000000000011,8089.391643483477,6077.599999999999
9455,L56634,L,298.4,309.2,1583,35.4,112,0,0,0,0,0,0,10.800000000000011,5868.306581346517,3964.7999999999997
9456,L56635,L,298.5,309.2,1983,20.2,114,0,0,0,0,0,0,10.699999999999989,4194.717342926163,2302.7999999999997
9457,L56636,L,298.5,309.3,1630,33.3,116,0,0,0,0,0,0,10.800000000000011,5684.083588140012,3862.7999999999997
9458,M24317,M,298.5,309.3,1692,26.7,118,0,0,0,0,0,0,10.800000000000011,4730.861545187798,3150.6
9459,L56638,L,298.4,309.1,1417,40.6,121,0,0,0,0,0,0,10.700000000000045,6024.548455985051,4912.6
9460,L56639,L,298.4,309.1,1579,36.1,123,0,0,0,0,0,0,10.700000000000045,5969.225009355334,4440.3
9461,M24320,M,298.4,309.2,1399,45.2,125,0,0,0,0,0,0,10.800000000000011,6621.9327710406615,5650.0
9462,M24321,M,298.4,309.2,1414,46.4,128,0,0,0,0,0,0,10.800000000000011,6870.621245498828,5939.2
9463,L56642,L,298.5,309.3,1570,40.1,131,0,0,0,0,0,0,10.800000000000011,6592.84162306842,5253.1
9464,M24323,M,298.5,309.3,1552,36.8,133,0,0,0,0,0,0,10.800000000000011,5980.9222060022,4894.4
9465,L56644,L,298.6,309.4,1440,48.2,136,0,0,0,0,0,0,10.799999999999955,7268.388763345345,6555.200000000001
9466,M24325,M,298.6,309.4,1460,43.8,138,0,0,0,0,0,0,10.799999999999955,6696.618900392002,6044.4
9467,L56646,L,298.6,309.4,1471,48.0,141,0,0,0,0,0,0,10.799999999999955,7394.052469488936,6768.0
9468,L56647,L,298.6,309.3,1702,27.6,143,0,0,0,0,0,0,10.699999999999989,4919.231440697042,3946.8
9469,L56648,L,298.6,309.4,1375,55.4,145,0,0,0,0,0,0,10.799999999999955,7977.027346240083,8033.0
9470,L56649,L,298.6,309.4,1698,33.2,147,0,0,0,0,0,0,10.799999999999955,5903.429587213653,4880.400000000001
9471,H38884,H,298.6,309.4,1439,47.1,149,0,0,0,0,0,0,10.799999999999955,7097.580370769669,7017.900000000001
9472,M24331,M,298.6,309.4,1774,27.5,154,0,0,0,0,0,0,10.799999999999955,5108.753253512602,4235.0
9473,M24332,M,298.7,309.4,1375,48.3,157,0,0,0,0,0,0,10.699999999999989,6954.700736884404,7583.099999999999
9474,L56653,L,298.7,309.5,1446,40.0,160,0,0,0,0,0,0,10.800000000000011,6056.990636121121,6400.0
9475,M24334,M,298.7,309.6,1455,46.8,162,0,0,0,0,0,0,10.900000000000034,7130.787005118112,7581.599999999999
9476,L56655,L,298.8,309.6,1523,41.9,165,0,0,0,0,0,0,10.800000000000011,6682.555037279432,6913.5
9477,M24336,M,298.8,309.6,1692,31.9,167,0,0,0,0,0,0,10.800000000000011,5652.227838632612,5327.3
9478,M24337,M,298.8,309.6,1693,33.3,170,0,0,0,0,0,0,10.800000000000011,5903.775162405546,5660.999999999999
9479,L56658,L,298.8,309.6,1890,24.0,173,0,0,0,0,0,0,10.800000000000011,4750.0880922277665,4152.0
9480,H38893,H,298.9,309.6,1600,33.5,175,0,0,0,0,0,0,10.700000000000045,5612.978874413763,5862.5
9481,M24340,M,298.9,309.6,1434,43.8,180,0,0,0,0,0,0,10.700000000000045,6577.364043261734,7883.999999999999
9482,L56661,L,298.9,309.6,1365,50.9,183,0,0,0,0,0,0,10.700000000000045,7275.771506081281,9314.699999999999
9483,H38896,H,298.8,309.6,1309,57.4,185,0,0,0,0,0,0,10.800000000000011,7868.286352523827,10619.0
9484,H38897,H,298.9,309.6,1546,35.3,190,0,0,0,0,0,0,10.700000000000045,5714.954971949288,6706.999999999999
9485,L56664,L,298.9,309.6,1663,33.7,195,0,0,0,0,0,0,10.700000000000045,5868.819708146605,6571.500000000001
9486,L56665,L,298.9,309.6,1589,34.2,197,0,0,0,0,0,0,10.700000000000045,5690.869428271767,6737.400000000001
9487,M24346,M,298.9,309.6,1472,46.0,199,0,0,0,0,0,0,10.700000000000045,7090.7840586624025,9154.0
9488,L56667,L,298.9,309.6,1583,39.8,202,0,0,0,0,0,0,10.700000000000045,6597.700619705972,8039.599999999999
9489,M24348,M,298.9,309.6,1567,34.5,204,0,0,0,0,0,0,10.700000000000045,5661.3070414014865,7038.0
9490,L56669,L,298.9,309.7,1407,41.9,207,0,0,0,0,0,0,10.800000000000011,6173.575139495838,8673.3
9491,M24350,M,299.0,309.7,1418,44.7,209,0,0,0,0,0,0,10.699999999999989,6637.619790357587,9342.300000000001
9492,M24351,M,299.0,309.7,1489,40.7,212,0,0,0,0,0,0,10.699999999999989,6346.258015688158,8628.400000000001
9493,L56672,L,299.1,309.9,1586,36.6,215,0,0,0,0,0,0,10.799999999999955,6078.730457283963,7869.0
9494,L56673,L,299.1,309.8,1398,55.4,217,1,0,0,0,1,0,10.699999999999989,8110.461258213553,12021.8
9495,L56674,L,299.2,309.9,1516,41.4,219,0,0,0,0,0,0,10.699999999999989,6572.463158722134,9066.6
9496,H38909,H,299.3,310.0,1373,44.8,221,0,0,0,0,0,0,10.699999999999989,6441.354025312319,9900.8
9497,M24356,M,299.2,310.0,1349,50.4,226,0,0,0,0,0,0,10.800000000000011,7119.854262683619,11390.4
9498,H38911,H,299.1,309.9,1443,40.3,0,0,0,0,0,0,0,10.799999999999955,6089.757447498062,0.0
9499,H38912,H,299.2,310.1,1542,36.1,5,0,0,0,0,0,0,10.900000000000034,5829.3508324420045,180.5
9500,L56679,L,299.2,310.1,1534,37.7,10,0,0,0,0,0,0,10.900000000000034,6056.13193412914,377.0
9501,L56680,L,299.2,310.2,1697,30.6,12,0,0,0,0,0,0,11.0,5437.908387804717,367.20000000000005
9502,L56681,L,299.3,310.3,1396,47.4,14,0,0,0,0,0,0,11.0,6929.348084169934,663.6
9503,L56682,L,299.3,310.2,1495,49.2,16,0,0,0,0,0,0,10.899999999999977,7702.556868071454,787.2
9504,M24363,M,299.2,310.3,1551,44.8,18,0,0,0,0,0,0,11.100000000000023,7276.4312405385335,806.4
9505,L56684,L,299.2,310.3,1440,47.0,21,0,0,0,0,0,0,11.100000000000023,7087.433026498573,987.0
9506,L56685,L,299.2,310.3,1429,40.1,23,0,0,0,0,0,0,11.100000000000023,6000.745655646352,922.3000000000001
9507,H38920,H,299.3,310.4,1548,41.6,25,0,0,0,0,0,0,11.099999999999966,6743.617126489707,1040.0
9508,L56687,L,299.3,310.5,1505,38.8,30,0,0,0,0,0,0,11.199999999999989,6115.005380457412,1164.0
9509,L56688,L,299.2,310.4,1611,36.4,32,0,0,0,0,0,0,11.199999999999989,6140.808328118896,1164.8
9510,M24369,M,299.2,310.4,1502,39.8,34,0,0,0,0,0,0,11.199999999999989,6260.105073151213,1353.1999999999998
9511,M24370,M,299.2,310.4,1504,43.3,37,0,0,0,0,0,0,11.199999999999989,6819.685556608627,1602.1
9512,L56691,L,299.1,310.3,1449,40.7,40,0,0,0,0,0,0,11.199999999999989,6175.774254353351,1628.0
9513,L56692,L,299.0,310.2,1575,37.8,42,0,0,0,0,0,0,11.199999999999989,6234.4906210489435,1587.6
9514,M24373,M,299.0,310.2,1598,33.4,44,0,0,0,0,0,0,11.199999999999989,5589.228433952624,1469.6
9515,L56694,L,299.0,310.1,1416,45.9,47,0,0,0,0,0,0,11.100000000000023,6806.197652149215,2157.2999999999997
9516,L56695,L,299.0,310.2,1682,28.8,49,0,0,0,0,0,0,11.199999999999989,5072.792489604511,1411.2
9517,L56696,L,298.9,310.1,1341,54.5,51,0,0,0,0,0,0,11.200000000000045,7653.390943042774,2779.5
9518,L56697,L,298.9,310.1,1523,39.1,53,0,0,0,0,0,0,11.200000000000045,6235.988113547156,2072.3
9519,L56698,L,299.0,310.1,1580,41.9,55,0,0,0,0,0,0,11.100000000000023,6932.657228431716,2304.5
9520,L56699,L,299.0,310.1,1531,36.0,57,0,0,0,0,0,0,11.100000000000023,5771.734023175168,2052.0
9521,L56700,L,299.0,310.1,1375,48.9,59,0,0,0,0,0,0,11.100000000000023,7041.094534858124,2885.1
9522,M24381,M,298.9,310.1,1484,40.4,61,0,0,0,0,0,0,11.200000000000045,6278.326310542034,2464.4
9523,M24382,M,299.0,310.2,1657,32.3,64,0,0,0,0,0,0,11.199999999999989,5604.7164857348225,2067.2
9524,L56703,L,299.0,310.2,1494,40.6,67,0,0,0,0,0,0,11.199999999999989,6351.92335444013,2720.2000000000003
9525,H38938,H,299.0,310.3,1658,27.6,69,0,0,0,0,0,0,11.300000000000011,4792.059770079727,1904.4
9526,L56705,L,299.1,310.3,1411,42.1,74,0,0,0,0,0,0,11.199999999999989,6220.678085348661,3115.4
9527,M24386,M,299.2,310.4,1395,55.4,76,0,0,0,0,0,0,11.199999999999989,8093.056834912666,4210.4
9528,L56707,L,299.1,310.4,1550,43.9,79,0,0,0,0,0,0,11.299999999999955,7125.6557371172485,3468.1
9529,M24388,M,299.1,310.3,1233,59.0,81,0,0,0,0,0,0,11.199999999999989,7618.048025689889,4779.0
9530,L56709,L,299.1,310.3,1459,46.7,84,0,0,0,0,0,0,11.199999999999989,7135.111931004554,3922.8
9531,H38944,H,299.1,310.4,1405,53.6,86,0,0,0,0,0,0,11.299999999999955,7886.2353185513375,4609.6
9532,L56711,L,299.2,310.5,1458,44.1,91,0,0,0,0,0,0,11.300000000000011,6733.24987073286,4013.1
9533,L56712,L,299.2,310.5,1384,48.7,93,0,0,0,0,0,0,11.300000000000011,7058.195270869164,4529.1
9534,L56713,L,299.2,310.5,1705,29.5,95,0,0,0,0,0,0,11.300000000000011,5267.1418831310875,2802.5
9535,L56714,L,299.3,310.6,1443,45.7,97,0,0,0,0,0,0,11.300000000000011,6905.754723341476,4432.900000000001
9536,M24395,M,299.3,310.6,1609,31.4,99,0,0,0,0,0,0,11.300000000000011,5290.7143000085225,3108.6
9537,L56716,L,299.3,310.5,1818,26.0,102,0,0,0,0,0,0,11.199999999999989,4949.893384996078,2652.0
9538,M24397,M,299.3,310.6,1457,42.1,104,0,0,0,0,0,0,11.300000000000011,6423.478363113394,4378.400000000001
9539,L56718,L,299.3,310.6,1480,45.1,107,0,0,0,0,0,0,11.300000000000011,6989.8342147270505,4825.7
9540,L56719,L,299.4,310.8,1424,47.7,109,0,0,0,0,0,0,11.400000000000034,7113.068422551866,5199.3
9541,M24400,M,299.4,310.8,1628,40.2,111,0,0,0,0,0,0,11.400000000000034,6853.447205659206,4462.200000000001
9542,M24401,M,299.5,310.8,1754,31.3,114,0,0,0,0,0,0,11.300000000000011,5749.135500020346,3568.2000000000003
9543,L56722,L,299.6,310.9,1716,28.5,117,0,0,0,0,0,0,11.299999999999955,5121.42434388208,3334.5
9544,M24403,M,299.5,310.9,1378,48.7,119,0,0,0,0,0,0,11.399999999999977,7027.5961584232,5795.3
9545,L56724,L,299.6,311.0,1708,31.0,122,0,0,0,0,0,0,11.399999999999977,5544.701594075746,3782.0
9546,L56725,L,299.6,311.0,1430,38.3,124,0,0,0,0,0,0,11.399999999999977,5735.396268148645,4749.2
9547,M24406,M,299.7,311.2,1560,43.9,126,0,0,0,0,0,0,11.5,7171.62770961478,5531.4
9548,L56727,L,299.6,311.1,1679,30.7,129,0,0,0,0,0,0,11.5,5397.811193569398,3960.2999999999997
9549,L56728,L,299.6,311.1,1521,37.2,131,0,0,0,0,0,0,11.5,5925.169408376493,4873.200000000001
9550,M24409,M,299.6,311.1,1649,33.8,133,0,0,0,0,0,0,11.5,5836.68121530038,4495.4
9551,M24410,M,299.5,311.0,1451,43.3,136,0,0,0,0,0,0,11.5,6579.364190584519,5888.799999999999
9552,L56731,L,299.4,310.8,1391,48.9,139,0,0,0,0,0,0,11.400000000000034,7123.027271263744,6797.099999999999
9553,M24412,M,299.3,310.8,1523,40.9,141,0,0,0,0,0,0,11.5,6523.0668502321905,5766.9
9554,L56733,L,299.3,310.7,1495,39.2,144,0,0,0,0,0,0,11.399999999999977,6136.996529032542,5644.8
9555,M24414,M,299.3,310.7,1440,45.5,146,0,0,0,0,0,0,11.399999999999977,6861.238355440108,6643.0
9556,H38969,H,299.4,310.8,1585,31.4,149,0,0,0,0,0,0,11.400000000000034,5211.797492550347,4678.599999999999
9557,L56736,L,299.5,310.8,1374,48.3,154,0,0,0,0,0,0,11.300000000000011,6949.6427727121245,7438.2
9558,M24417,M,299.5,310.8,1507,40.2,156,0,0,0,0,0,0,11.300000000000011,6344.069372806156,6271.200000000001
9559,M24418,M,299.5,310.9,1577,34.6,159,0,0,0,0,0,0,11.399999999999977,5713.94966230014,5501.400000000001
9560,L56739,L,299.5,310.9,1496,38.5,162,0,0,0,0,0,0,11.399999999999977,6031.439015871924,6237.0
9561,L56740,L,299.6,310.9,1487,42.5,164,0,0,0,0,0,0,11.299999999999955,6618.026724174698,6970.0
9562,L56741,L,299.6,310.9,1853,26.3,166,0,0,0,0,0,0,11.299999999999955,5103.4020740259875,4365.8
9563,M24422,M,299.7,311.0,1435,50.1,168,0,0,0,0,0,0,11.300000000000011,7528.669714695259,8416.800000000001
9564,M24423,M,299.8,311.1,1763,25.5,171,0,0,0,0,0,0,11.300000000000011,4707.833671036984,4360.5
9565,L56744,L,299.8,311.1,1820,24.9,174,0,0,0,0,0,0,11.300000000000011,4745.6898625127415,4332.599999999999
9566,M24425,M,299.8,311.1,1498,38.1,176,0,0,0,0,0,0,11.300000000000011,5976.754359748438,6705.6
9567,L56746,L,299.8,311.1,1603,35.1,179,0,0,0,0,0,0,11.300000000000011,5892.088437734193,6282.900000000001
9568,L56747,L,299.8,311.1,1412,42.5,181,0,0,0,0,0,0,11.300000000000011,6284.232504730782,7692.5
9569,L56748,L,299.8,311.1,1588,38.0,183,0,0,0,0,0,0,11.300000000000011,6319.208902940749,6954.0
9570,M24429,M,299.8,311.0,1948,20.0,185,0,0,0,0,0,0,11.199999999999989,4079.8816594619443,3700.0
9571,L56750,L,299.7,310.9,1384,48.2,188,0,0,0,0,0,0,11.199999999999989,6985.72920032636,9061.6
9572,L56751,L,299.7,310.8,1589,36.0,190,0,0,0,0,0,0,11.100000000000023,5990.388871865017,6840.0
9573,M24432,M,299.7,310.8,1405,47.6,192,0,0,0,0,0,0,11.100000000000023,7003.447782892606,9139.2
9574,L56753,L,299.7,310.9,1491,40.1,195,0,0,0,0,0,0,11.199999999999989,6261.09991082485,7819.5
9575,H38988,H,299.7,310.8,1418,46.6,197,0,0,0,0,0,0,11.100000000000023,6919.755754600974,9180.2
9576,M24435,M,299.6,310.8,1603,35.4,202,0,0,0,0,0,0,11.199999999999989,5942.448167971237,7150.799999999999
9577,L56756,L,299.6,310.7,1922,23.3,205,1,1,0,0,0,0,11.099999999999966,4689.622905621675,4776.5
9578,M24437,M,299.5,310.7,1364,49.5,0,0,0,0,0,0,0,11.199999999999989,7070.468426169188,0.0
9579,L56758,L,299.4,310.7,1551,41.2,3,0,0,0,0,0,0,11.300000000000011,6691.718015852403,123.60000000000001
9580,L56759,L,299.5,310.7,1589,33.5,5,0,0,0,0,0,0,11.199999999999989,5574.3896446521685,167.5
9581,M24440,M,299.5,310.7,1423,56.5,7,0,0,0,0,0,0,11.199999999999989,8419.415951743085,395.5
9582,L56761,L,299.4,310.6,1418,53.1,10,0,0,0,0,0,0,11.200000000000045,7884.957737538878,531.0
9583,M24442,M,299.3,310.5,1404,47.5,12,0,0,0,0,0,0,11.199999999999989,6983.76046893011,570.0
9584,L56763,L,299.3,310.5,1281,59.8,15,0,0,0,0,0,0,11.199999999999989,8021.931177235393,897.0
9585,L56764,L,299.3,310.5,1529,41.3,17,0,0,0,0,0,0,11.199999999999989,6612.8116803697385,702.0999999999999
9586,M24445,M,299.3,310.5,1563,42.1,19,0,0,0,0,0,0,11.199999999999989,6890.800742310388,799.9
9587,L56766,L,299.4,310.6,1348,54.5,22,0,0,0,0,0,0,11.200000000000045,7693.341529620924,1199.0
9588,M24447,M,299.3,310.5,1462,40.5,24,0,0,0,0,0,0,11.199999999999989,6200.561420390174,972.0
9589,H39002,H,299.3,310.4,1510,45.5,27,0,0,0,0,0,0,11.099999999999966,7194.770775496224,1228.5
9590,L56769,L,299.2,310.4,1472,43.3,32,0,0,0,0,0,0,11.199999999999989,6674.585863914826,1385.6
9591,M24450,M,299.2,310.4,1325,52.0,34,0,0,0,0,0,0,11.199999999999989,7215.191127744558,1768.0
9592,L56771,L,299.2,310.4,1570,37.3,37,0,0,0,0,0,0,11.199999999999989,6132.493579562395,1380.1
9593,L56772,L,299.2,310.4,1379,46.8,39,0,0,0,0,0,0,11.199999999999989,6758.319780108506,1825.1999999999998
9594,L56773,L,299.1,310.2,1352,52.8,41,0,0,0,0,0,0,11.099999999999966,7475.482551069983,2164.7999999999997
9595,L56774,L,299.1,310.3,1727,28.7,43,0,0,0,0,0,0,11.199999999999989,5190.424190530424,1234.1
9596,H39009,H,299.0,310.1,1432,50.0,45,0,0,0,0,0,0,11.100000000000023,7497.934466567639,2250.0
9597,L56776,L,298.9,310.1,1466,43.4,50,0,0,0,0,0,0,11.200000000000045,6662.731587635281,2170.0
9598,L56777,L,298.9,310.1,1510,38.0,52,0,0,0,0,0,0,11.200000000000045,6008.819548766078,1976.0
9599,L56778,L,299.0,310.2,1490,41.1,54,0,0,0,0,0,0,11.199999999999989,6412.933083772845,2219.4
9600,L56779,L,299.0,310.1,1463,37.4,56,0,0,0,0,0,0,11.100000000000023,5729.867065078327,2094.4
9601,M24460,M,298.9,310.0,1561,45.3,58,0,0,0,0,0,0,11.100000000000023,7405.079459703035,2627.3999999999996
9602,L56781,L,298.9,310.1,2109,18.0,61,0,0,0,0,0,0,11.200000000000045,3975.371343852524,1098.0
9603,L56782,L,298.9,310.2,1705,32.5,63,0,0,0,0,0,0,11.300000000000011,5802.783430568147,2047.5
9604,M24463,M,298.9,310.1,1549,40.2,65,0,0,0,0,0,0,11.200000000000045,6520.87820735019,2613.0
9605,H39018,H,299.0,310.2,1637,38.0,68,0,0,0,0,0,0,11.199999999999989,6514.197086973555,2584.0
9606,M24465,M,298.9,310.1,1484,37.9,73,0,0,0,0,0,0,11.200000000000045,5889.816019048096,2766.7
9607,L56786,L,298.9,310.1,1401,44.4,76,0,0,0,0,0,0,11.200000000000045,6514.029535365364,3374.4
9608,L56787,L,298.9,310.1,1571,36.8,78,0,0,0,0,0,0,11.200000000000045,6054.142258781866,2870.3999999999996
9609,M24468,M,298.9,310.1,1513,41.5,80,0,0,0,0,0,0,11.200000000000045,6575.3010640858765,3320.0
9610,L56789,L,299.0,310.1,1470,40.3,83,0,0,0,0,0,0,11.100000000000023,6203.703013043763,3344.8999999999996
9611,L56790,L,299.0,310.1,1505,41.3,85,0,0,0,0,0,0,11.100000000000023,6509.013459095131,3510.4999999999995
9612,L56791,L,299.0,310.2,1432,42.2,87,0,0,0,0,0,0,11.199999999999989,6328.2566897830875,3671.4
9613,M24472,M,299.0,310.2,1625,31.8,89,0,0,0,0,0,0,11.199999999999989,5411.393345808418,2830.2000000000003
9614,L56793,L,299.0,310.2,1377,62.5,92,1,0,0,1,0,0,11.199999999999989,9012.443924985719,5750.0
9615,M24474,M,299.1,310.3,1441,43.9,94,0,0,0,0,0,0,11.199999999999989,6624.561236894165,4126.599999999999
9616,M24475,M,299.0,310.2,1564,39.9,97,0,0,0,0,0,0,11.199999999999989,6534.8897105852,3870.2999999999997
9617,L56796,L,298.9,310.1,1580,37.3,100,0,0,0,0,0,0,11.200000000000045,6171.554048222028,3729.9999999999995
9618,L56797,L,299.0,310.2,1516,35.3,102,0,0,0,0,0,0,11.199999999999989,5604.056751277568,3600.6
9619,L56798,L,299.0,310.1,1447,42.8,104,0,0,0,0,0,0,11.100000000000023,6485.461986168721,4451.2
9620,M24479,M,298.9,310.0,1323,52.9,106,0,0,0,0,0,0,11.100000000000023,7328.990085633091,5607.4
9621,L56800,L,298.9,310.0,1470,45.9,109,0,0,0,0,0,0,11.100000000000023,7065.756037188803,5003.099999999999
9622,M24481,M,299.0,310.0,2049,19.5,111,0,0,0,0,0,0,11.0,4184.1301756835655,2164.5
9623,L56802,L,298.9,310.0,1794,27.2,114,0,0,0,0,0,0,11.100000000000023,5109.988946623013,3100.7999999999997
9624,L56803,L,298.9,310.1,1356,47.8,116,0,0,0,0,0,0,11.200000000000045,6787.599423639963,5544.799999999999
9625,H39038,H,299.0,310.1,1555,38.6,118,0,0,0,0,0,0,11.100000000000023,6285.593861547338,4554.8
9626,M24485,M,299.0,310.1,1487,47.5,123,0,0,0,0,0,0,11.100000000000023,7396.618103489368,5842.5
9627,M24486,M,299.0,310.0,1341,58.9,126,0,0,0,0,0,0,11.0,8271.279386150814,7421.4
9628,M24487,M,298.9,310.0,1487,36.6,129,0,0,0,0,0,0,11.100000000000023,5699.288896583387,4721.400000000001
9629,H39042,H,299.0,310.0,1569,34.3,132,0,0,0,0,0,0,11.0,5635.671645348193,4527.599999999999
9630,H39043,H,299.0,310.1,2053,19.7,137,0,0,0,0,0,0,11.100000000000023,4235.296248035032,2698.9
9631,L56810,L,299.0,310.1,1583,35.8,142,0,0,0,0,0,0,11.100000000000023,5934.615130288285,5083.599999999999
9632,L56811,L,299.0,310.0,1672,33.2,144,0,0,0,0,0,0,11.0,5813.035494594362,4780.8
9633,M24492,M,299.0,310.0,1337,57.4,146,0,0,0,0,0,0,11.0,8036.5919429521455,8380.4
9634,H39047,H,299.1,310.1,1421,41.2,149,0,0,0,0,0,0,11.0,6130.839007431506,6138.8
9635,L56814,L,299.1,310.2,1425,52.7,154,0,0,0,0,0,0,11.099999999999966,7864.1918100986495,8115.8
9636,L56815,L,299.2,310.2,1609,33.2,156,0,0,0,0,0,0,11.0,5594.003654786082,5179.200000000001
9637,L56816,L,299.2,310.3,1507,41.3,158,0,0,0,0,0,0,11.100000000000023,6517.663310868016,6525.4
9638,L56817,L,299.2,310.3,1463,38.9,160,0,0,0,0,0,0,11.100000000000023,5959.674567688421,6224.0
9639,H39052,H,299.3,310.4,1393,44.9,162,0,0,0,0,0,0,11.099999999999966,6549.770387787704,7273.8
9640,L56819,L,299.3,310.4,1725,26.8,167,0,0,0,0,0,0,11.099999999999966,4841.194279181871,4475.6
9641,L56820,L,299.4,310.5,1514,36.1,169,0,0,0,0,0,0,11.100000000000023,5723.500103967052,6100.900000000001
9642,L56821,L,299.3,310.4,1365,53.9,171,0,0,0,0,0,0,11.099999999999966,7704.598903296288,9216.9
9643,L56822,L,299.4,310.5,1372,46.3,173,0,0,0,0,0,0,11.100000000000023,6652.175836319219,8009.9
9644,L56823,L,299.4,310.4,1509,40.6,175,0,0,0,0,0,0,11.0,6415.697685308003,7105.0
9645,L56824,L,299.3,310.4,1629,32.6,177,0,0,0,0,0,0,11.099999999999966,5561.18448353158,5770.2
9646,L56825,L,299.4,310.5,1749,28.1,179,0,0,0,0,0,0,11.100000000000023,5146.651332890407,5029.900000000001
9647,L56826,L,299.4,310.4,1582,31.7,181,0,0,0,0,0,0,11.0,5251.6328873978655,5737.7
9648,L56827,L,299.2,310.2,1458,47.0,183,0,0,0,0,0,0,11.0,7176.025939329805,8601.0
9649,L56828,L,299.1,310.1,1416,41.2,185,0,0,0,0,0,0,11.0,6109.266737876856,7622.000000000001
9650,H39063,H,299.1,310.0,1657,33.1,187,0,0,0,0,0,0,10.899999999999977,5743.532993121444,6189.7
9651,M24510,M,299.1,310.0,1437,41.1,192,0,0,0,0,0,0,10.899999999999977,6184.82204119569,7891.200000000001
9652,M24511,M,299.1,310.0,1580,36.0,195,0,0,0,0,0,0,10.899999999999977,5956.459671206248,7020.0
9653,M24512,M,299.0,310.0,1488,46.3,198,0,0,0,0,0,0,11.0,7214.604697115888,9167.4
9654,L56833,L,299.0,309.9,1373,55.7,201,1,0,0,0,1,0,10.899999999999977,8008.558464506613,11195.7
9655,L56834,L,299.1,310.0,1367,56.3,203,1,0,0,0,1,0,10.899999999999977,8059.452265494766,11428.9
9656,H39069,H,299.1,310.0,1431,49.5,205,0,0,0,0,0,0,10.899999999999977,7417.77149402354,10147.5
9657,L56836,L,299.0,310.1,1623,33.0,210,0,0,0,0,0,0,11.100000000000023,5608.685364453858,6930.0
9658,L56837,L,299.0,310.0,1484,39.6,212,0,0,0,0,0,0,11.0,6154.003017263974,8395.2
9659,L56838,L,299.0,309.9,1548,34.5,214,0,0,0,0,0,0,10.899999999999977,5592.66324192055,7383.0
9660,L56839,L,298.9,309.8,1287,61.9,216,1,0,0,0,1,0,10.900000000000034,8342.530707534232,13370.4
9661,M24520,M,298.9,309.8,1392,43.1,218,0,0,0,0,0,0,10.900000000000034,6282.682652355012,9395.800000000001
9662,H39075,H,299.0,310.0,1458,44.9,221,0,0,0,0,0,0,11.0,6855.394993104431,9922.9
9663,M24522,M,299.1,310.1,1570,30.9,226,0,0,0,0,0,0,11.0,5080.269480120054,6983.4
9664,L56843,L,299.1,310.1,1435,48.8,229,1,0,0,0,1,0,11.0,7333.315011519534,11175.199999999999
9665,L56844,L,299.1,310.2,1317,54.8,231,1,0,0,0,1,0,11.099999999999966,7557.792278594035,12658.8
9666,L56845,L,299.2,310.3,1610,33.3,233,0,0,0,0,0,0,11.100000000000023,5614.340231230318,7758.9
9667,M24526,M,299.1,310.3,1838,24.0,235,0,0,0,0,0,0,11.199999999999989,4619.397837838432,5640.0
9668,L56847,L,299.2,310.3,1352,48.9,238,1,0,0,0,1,0,11.100000000000023,6923.316226275042,11638.199999999999
9669,L56848,L,299.1,310.3,1619,35.2,240,0,0,0,0,0,0,11.199999999999989,5967.8531805632665,8448.0
9670,L56849,L,299.1,310.3,1619,31.1,242,0,0,0,0,0,0,11.199999999999989,5272.733918054477,7526.200000000001
9671,L56850,L,299.0,310.2,1690,30.7,244,0,0,0,0,0,0,11.199999999999989,5433.175054873308,7490.8
9672,L56851,L,299.0,310.2,1412,44.1,246,0,0,0,0,0,0,11.199999999999989,6520.815375497118,10848.6
9673,H39086,H,299.0,310.2,1744,31.5,0,0,0,0,0,0,0,11.199999999999989,5752.884467253629,0.0
9674,M24533,M,299.0,310.1,1593,35.4,5,0,0,0,0,0,0,11.100000000000023,5905.377374658877,177.0
9675,L56854,L,299.1,310.2,1695,29.6,8,0,0,0,0,0,0,11.099999999999966,5253.999553863569,236.8
9676,M24535,M,299.0,310.2,1298,57.2,10,0,0,0,0,0,0,11.199999999999989,7774.981050712212,572.0
9677,L56856,L,299.0,310.1,1886,21.2,13,0,0,0,0,0,0,11.100000000000023,4187.03091290038,275.59999999999997
9678,L56857,L,299.0,310.1,2033,19.3,15,0,0,0,0,0,0,11.100000000000023,4108.878559654579,289.5
9679,M24538,M,299.1,310.2,1711,28.1,17,0,0,0,0,0,0,11.099999999999966,5034.831578373634,477.70000000000005
9680,L56859,L,299.1,310.2,1598,33.4,20,0,0,0,0,0,0,11.099999999999966,5589.228433952624,668.0
9681,L56860,L,299.1,310.1,1894,24.2,22,0,0,0,0,0,0,11.0,4799.809031958581,532.4
9682,M24541,M,299.1,310.1,1412,44.4,24,0,0,0,0,0,0,11.0,6565.174663765805,1065.6
9683,L56862,L,299.1,310.0,1394,46.6,27,0,0,0,0,0,0,10.899999999999977,6802.637180475146,1258.2
9684,M24543,M,299.0,310.0,1338,56.4,29,0,0,0,0,0,0,11.0,7902.487824545909,1635.6
9685,H39098,H,298.9,309.9,1376,51.0,32,0,0,0,0,0,0,11.0,7348.813535277243,1632.0
9686,L56865,L,299.0,310.0,1360,48.1,37,0,0,0,0,0,0,11.0,6850.347500907663,1779.7
9687,L56866,L,299.1,310.1,1486,40.7,39,0,0,0,0,0,0,11.0,6333.471733588047,1587.3000000000002
9688,M24547,M,299.1,310.1,1649,31.6,41,0,0,0,0,0,0,11.0,5456.778887677279,1295.6000000000001
9689,L56868,L,299.1,310.1,1367,45.6,44,0,0,0,0,0,0,11.0,6527.726879335016,2006.4
9690,L56869,L,299.0,310.1,1362,59.5,46,0,0,0,0,0,0,11.100000000000023,8486.384235142108,2737.0
9691,M24550,M,298.9,310.0,1520,35.6,48,0,0,0,0,0,0,11.100000000000023,5666.595389035029,1708.8000000000002
9692,L56871,L,299.0,310.0,1582,31.9,51,0,0,0,0,0,0,11.0,5284.766217917725,1626.8999999999999
9693,M24552,M,299.0,310.0,1667,30.0,53,0,0,0,0,0,0,11.0,5237.034953534185,1590.0
9694,L56873,L,298.9,310.0,1693,28.8,56,0,0,0,0,0,0,11.100000000000023,5105.967708026419,1612.8
9695,L56874,L,298.9,310.0,1559,33.4,58,0,0,0,0,0,0,11.100000000000023,5452.820480933756,1937.1999999999998
9696,L56875,L,298.9,309.9,1592,32.0,60,0,0,0,0,0,0,11.0,5334.8432048159475,1920.0
9697,L56876,L,298.9,309.9,1404,39.8,62,0,0,0,0,0,0,11.0,5851.656140282492,2467.6
9698,M24557,M,298.8,309.8,1413,45.5,64,0,0,0,0,0,0,11.0,6732.590136275606,2912.0
9699,L56878,L,298.8,309.8,1663,28.2,67,0,0,0,0,0,0,11.0,4911.000467944636,1889.3999999999999
9700,L56879,L,298.8,309.8,1508,36.3,69,0,0,0,0,0,0,11.0,5732.401283152223,2504.7
9701,M24560,M,298.9,309.8,1353,53.7,71,0,0,0,0,0,0,10.900000000000034,7608.528999949513,3812.7000000000003
9702,L56881,L,298.8,309.8,1485,42.4,74,0,0,0,0,0,0,11.0,6593.574661354258,3137.6
9703,L56882,L,298.9,310.0,1633,31.2,76,0,0,0,0,0,0,11.100000000000023,5335.429635444617,2371.2
9704,L56883,L,298.9,310.0,1422,43.6,78,0,0,0,0,0,0,11.100000000000023,6492.541041614811,3400.8
9705,L56884,L,298.9,310.1,1577,41.4,80,0,0,0,0,0,0,11.200000000000045,6836.922428301323,3312.0
9706,L56885,L,298.9,310.0,1482,41.1,82,0,0,0,0,0,0,11.100000000000023,6378.5012282895,3370.2000000000003
9707,M24566,M,299.0,310.1,1705,30.1,84,0,0,0,0,0,0,11.100000000000023,5374.270192618499,2528.4
9708,L56887,L,299.0,310.1,1699,32.9,87,0,0,0,0,0,0,11.100000000000023,5853.530623899133,2862.2999999999997
9709,L56888,L,299.0,310.1,1664,29.7,89,0,0,0,0,0,0,11.100000000000023,5175.334073817681,2643.2999999999997
9710,M24569,M,299.0,310.0,1486,34.6,91,0,0,0,0,0,0,11.0,5384.229041330378,3148.6
9711,L56890,L,299.1,310.1,1336,61.3,94,0,0,0,0,0,0,11.0,8576.212841083752,5762.2
9712,H39125,H,299.1,310.1,1429,42.9,96,0,0,0,0,0,0,11.0,6419.750339831134,4118.4
9713,M24572,M,299.1,310.2,1456,48.4,101,0,0,0,0,0,0,11.099999999999966,7379.643031184471,4888.4
9714,L56893,L,299.1,310.2,1496,45.0,104,0,0,0,0,0,0,11.099999999999966,7049.733914655495,4680.0
9715,L56894,L,299.1,310.1,1894,20.1,106,0,0,0,0,0,0,11.0,3986.618245552376,2130.6000000000004
9716,L56895,L,299.1,310.1,1373,55.6,108,0,0,0,0,0,0,11.0,7994.180442128683,6004.8
9717,H39130,H,299.0,310.0,1387,45.2,110,0,0,0,0,0,0,11.0,6565.132775863758,4972.0
9718,L56897,L,298.9,309.9,1500,44.2,115,0,0,0,0,0,0,11.0,6942.919764433443,5083.0
9719,L56898,L,298.9,309.9,1517,36.6,117,0,0,0,0,0,0,11.0,5814.271187704774,4282.2
9720,L56899,L,298.9,309.9,1309,56.2,119,0,0,0,0,0,0,11.0,7703.792561181866,6687.8
9721,M24580,M,298.9,309.9,1357,54.5,121,0,0,0,0,0,0,11.0,7744.706569507118,6594.5
9722,L56901,L,298.8,309.8,1490,40.6,124,0,0,0,0,0,0,11.0,6334.916866208698,5034.400000000001
9723,H39136,H,298.8,309.8,1911,21.6,126,0,0,0,0,0,0,11.0,4322.580163927269,2721.6000000000004
9724,L56903,L,298.8,309.8,1599,33.6,131,0,0,0,0,0,0,11.0,5626.215451460888,4401.6
9725,M24584,M,298.8,309.7,2098,19.0,133,0,0,0,0,0,0,10.899999999999977,4174.338878579878,2527.0
9726,M24585,M,298.7,309.7,1629,27.9,136,0,0,0,0,0,0,11.0,4759.418622408929,3794.3999999999996
9727,L56906,L,298.8,309.8,1557,37.2,139,0,0,0,0,0,0,11.0,6065.410104432742,5170.8
9728,L56907,L,298.8,309.8,1461,39.4,141,0,0,0,0,0,0,11.0,6028.025151855023,5555.4
9729,L56908,L,298.8,309.8,1563,33.7,143,0,0,0,0,0,0,11.0,5515.914133393351,4819.1
9730,L56909,L,298.7,309.8,1695,29.0,145,0,0,0,0,0,0,11.100000000000023,5147.499562906876,4205.0
9731,L56910,L,298.8,310.0,1528,36.7,147,0,0,0,0,0,0,11.199999999999989,5872.432539698233,5394.900000000001
9732,L56911,L,298.8,310.0,1389,49.6,149,0,0,0,0,0,0,11.199999999999989,7214.6046971158885,7390.400000000001
9733,L56912,L,298.9,310.0,2231,17.4,151,0,0,0,0,0,0,11.100000000000023,4065.15806189212,2627.3999999999996
9734,M24593,M,298.9,310.1,1442,42.9,153,0,0,0,0,0,0,11.200000000000045,6478.152547261368,6563.7
9735,H39148,H,298.9,310.1,1458,44.3,156,0,0,0,0,0,0,11.200000000000045,6763.786151325752,6910.799999999999
9736,L56915,L,299.0,310.1,1444,47.7,161,0,0,0,0,0,0,11.100000000000023,7212.971068936022,7679.700000000001
9737,M24596,M,298.9,310.0,1348,58.2,163,0,0,0,0,0,0,11.100000000000023,8215.64178025574,9486.6
9738,L56917,L,298.9,310.0,1791,27.6,166,0,0,0,0,0,0,11.100000000000023,5176.465047172975,4581.6
9739,L56918,L,299.0,310.0,1509,38.0,168,0,0,0,0,0,0,11.0,6004.840198071531,6384.0
9740,L56919,L,298.9,310.0,1515,42.9,170,0,0,0,0,0,0,11.100000000000023,6806.103404369607,7293.0
9741,M24600,M,298.9,310.1,1655,31.5,172,0,0,0,0,0,0,11.200000000000045,5459.302633775663,5418.0
9742,L56921,L,298.9,310.1,1495,42.9,175,0,0,0,0,0,0,11.200000000000045,6716.253854476939,7507.5
9743,L56922,L,298.9,310.2,1623,37.2,177,0,0,0,0,0,0,11.300000000000011,6322.51804720253,6584.400000000001
9744,L56923,L,298.9,310.2,1562,42.5,179,0,0,0,0,0,0,11.300000000000011,6951.8209436186135,7607.5
9745,L56924,L,298.8,310.1,1574,36.2,181,0,0,0,0,0,0,11.300000000000011,5966.80598301207,6552.200000000001
9746,L56925,L,298.8,310.0,1611,32.4,183,0,0,0,0,0,0,11.199999999999989,5465.994226127808,5929.2
9747,L56926,L,298.8,310.0,1403,45.6,185,0,0,0,0,0,0,11.199999999999989,6699.634829339449,8436.0
9748,L56927,L,298.8,310.1,1481,47.4,187,0,0,0,0,0,0,11.300000000000011,7351.263977547043,8863.8
9749,M24608,M,298.9,310.1,1441,41.2,189,0,0,0,0,0,0,11.200000000000045,6217.128085650105,7786.8
9750,H39163,H,298.8,310.1,1483,45.4,192,0,0,0,0,0,0,11.300000000000011,7050.5926166474765,8716.8
9751,L56930,L,298.7,310.0,1555,32.6,197,0,0,0,0,0,0,11.300000000000011,5308.558546280912,6422.200000000001
9752,L56931,L,298.6,309.9,1615,28.8,199,0,0,0,0,0,0,11.299999999999955,4870.725250125615,5731.2
9753,L56932,L,298.6,309.8,1561,32.6,201,0,0,0,0,0,0,11.199999999999989,5329.041730382319,6552.6
9754,L56933,L,298.5,309.8,1593,35.1,203,0,0,0,0,0,0,11.300000000000011,5855.331803687192,7125.3
9755,M24614,M,298.5,309.7,1552,34.0,205,0,0,0,0,0,0,11.199999999999989,5525.852038154207,6970.0
9756,H39169,H,298.5,309.7,1561,35.3,208,0,0,0,0,0,0,11.199999999999989,5770.4040822851475,7342.4
9757,L56936,L,298.6,309.8,1597,35.9,213,0,0,0,0,0,0,11.199999999999989,6003.824416446869,7646.7
9758,M24617,M,298.6,309.9,1517,34.0,215,0,0,0,0,0,0,11.299999999999955,5401.235529561812,7310.0
9759,L56938,L,298.6,309.8,2271,16.2,218,1,1,0,0,0,0,11.199999999999989,3852.6607348033062,3531.6
9760,L56939,L,298.5,309.7,1613,36.7,0,0,0,0,0,0,0,11.199999999999989,6199.1058157940115,0.0
9761,M24620,M,298.5,309.6,1509,47.3,2,0,0,0,0,0,0,11.100000000000023,7474.445825494299,94.6
9762,L56941,L,298.6,309.7,1703,26.1,5,0,0,0,0,0,0,11.099999999999966,4654.615091485173,130.5
9763,L56942,L,298.6,309.7,1925,22.1,7,0,0,0,0,0,0,11.099999999999966,4455.040182178125,154.70000000000002
9764,M24623,M,298.6,309.6,1635,29.7,9,0,0,0,0,0,0,11.0,5085.138948733118,267.3
9765,L56944,L,298.5,309.5,1294,66.7,12,1,0,0,1,0,0,11.0,9038.34112042681,800.4000000000001
9766,L56945,L,298.6,309.6,1472,39.1,14,0,0,0,0,0,0,11.0,6027.1664498630425,547.4
9767,H39180,H,298.6,309.6,1449,42.5,16,0,0,0,0,0,0,11.0,6448.904319656447,680.0
9768,L56947,L,298.6,309.6,1563,35.0,21,0,0,0,0,0,0,11.0,5728.694203820987,735.0
9769,L56948,L,298.6,309.6,1611,35.7,23,0,0,0,0,0,0,11.0,6022.715860270457,821.1
9770,L56949,L,298.6,309.6,1386,48.6,25,0,0,0,0,0,0,11.0,7053.880816958234,1215.0
9771,H39184,H,298.6,309.5,1584,31.8,27,0,0,0,0,0,0,10.899999999999977,5274.859729083407,858.6
9772,M24631,M,298.7,309.6,1424,50.4,32,0,0,0,0,0,0,10.900000000000034,7515.6949370359325,1612.8
9773,L56952,L,298.5,309.5,1561,34.8,35,0,0,0,0,0,0,11.0,5688.670313414253,1218.0
9774,L56953,L,298.5,309.4,1560,37.9,37,0,0,0,0,0,0,10.899999999999977,6191.450801694764,1402.3
9775,H39188,H,298.6,309.5,1375,41.0,39,0,0,0,0,0,0,10.899999999999977,5903.57619487082,1599.0
9776,M24635,M,298.6,309.5,1684,27.8,44,0,0,0,0,0,0,10.899999999999977,4902.476279877897,1223.2
9777,M24636,M,298.6,309.6,1397,54.1,47,0,0,0,0,0,0,11.0,7914.47823650711,2542.7000000000003
9778,L56957,L,298.6,309.6,1387,57.6,50,0,0,0,0,0,0,11.0,8366.186900215762,2880.0
9779,H39192,H,298.7,309.7,1311,54.5,52,0,0,0,0,0,0,11.0,7482.17414342213,2834.0
9780,L56959,L,298.8,309.8,1509,36.2,57,0,0,0,0,0,0,11.0,5720.40039921551,2063.4
9781,M24640,M,298.8,309.8,1477,46.7,59,0,0,0,0,0,0,11.0,7223.139357158141,2755.3
9782,L56961,L,298.8,309.9,1441,41.6,62,0,0,0,0,0,0,11.099999999999966,6277.488552501076,2579.2000000000003
9783,L56962,L,298.7,309.9,1404,47.1,64,0,0,0,0,0,0,11.199999999999989,6924.94985445491,3014.4
9784,H39197,H,298.8,309.9,1466,44.6,66,0,0,0,0,0,0,11.099999999999966,6846.954580841786,2943.6
9785,M24644,M,298.7,309.8,1435,48.8,71,0,0,0,0,0,0,11.100000000000023,7333.315011519534,3464.7999999999997
9786,H39199,H,298.7,309.7,1697,29.8,74,0,0,0,0,0,0,11.0,5295.740848254266,2205.2000000000003
9787,M24646,M,298.7,309.6,1738,27.3,79,0,0,0,0,0,0,10.900000000000034,4968.680109064545,2156.7000000000003
9788,H39201,H,298.6,309.5,1420,50.4,82,0,0,0,0,0,0,10.899999999999977,7494.58343440381,4132.8
9789,M24648,M,298.5,309.5,1535,39.8,87,0,0,0,0,0,0,11.0,6397.643999525373,3462.6
9790,L56969,L,298.6,309.6,1715,28.4,90,0,0,0,0,0,0,11.0,5100.480392858149,2556.0
9791,L56970,L,298.6,309.5,1483,43.2,92,0,0,0,0,0,0,10.899999999999977,6708.933943594076,3974.4
9792,M24651,M,298.5,309.4,1521,37.5,94,0,0,0,0,0,0,10.899999999999977,5972.953032637594,3525.0
9793,H39206,H,298.5,309.4,1573,36.0,97,0,0,0,0,0,0,10.899999999999977,5930.070292916093,3492.0
9794,H39207,H,298.5,309.4,1414,46.7,102,0,0,0,0,0,0,10.899999999999977,6915.04336562059,4763.400000000001
9795,L56974,L,298.5,309.3,1590,33.9,107,0,0,0,0,0,0,10.800000000000011,5644.499520704781,3627.2999999999997
9796,L56975,L,298.5,309.3,1623,33.1,109,0,0,0,0,0,0,10.800000000000011,5625.681380709779,3607.9
9797,H39210,H,298.4,309.3,1694,30.9,111,0,0,0,0,0,0,10.900000000000034,5481.513693836542,3429.8999999999996
9798,M24657,M,298.4,309.2,1597,33.5,116,0,0,0,0,0,0,10.800000000000011,5602.454539024237,3886.0
9799,L56978,L,298.5,309.3,1471,44.7,119,0,0,0,0,0,0,10.800000000000011,6885.711362211572,5319.3
9800,M24659,M,298.5,309.3,1551,34.7,121,0,0,0,0,0,0,10.800000000000011,5635.985804613553,4198.700000000001
9801,H39214,H,298.5,309.3,1421,50.3,124,0,0,0,0,0,0,10.800000000000011,7484.980632859338,6237.2
9802,M24661,M,298.4,309.3,1496,45.6,129,0,0,0,0,0,0,10.900000000000034,7143.730366850903,5882.400000000001
9803,H39216,H,298.4,309.3,1984,19.2,132,0,0,0,0,0,0,10.900000000000034,3989.068687822175,2534.4
9804,L56983,L,298.4,309.2,1692,29.8,137,0,0,0,0,0,0,10.800000000000011,5280.137604741437,4082.6
9805,L56984,L,298.4,309.1,1467,42.5,139,0,0,0,0,0,0,10.700000000000045,6529.014932322987,5907.5
9806,L56985,L,298.4,309.2,1651,28.5,141,0,0,0,0,0,0,10.800000000000011,4927.430997522911,4018.5
9807,L56986,L,298.3,309.1,1417,60.5,143,0,0,0,0,0,0,10.800000000000011,8977.467526775752,8651.5
9808,L56987,L,298.2,309.0,1413,55.0,145,0,0,0,0,0,0,10.800000000000011,8138.295769124359,7975.0
9809,M24668,M,298.2,309.0,1441,44.2,147,0,0,0,0,0,0,10.800000000000011,6669.831587032394,6497.400000000001
9810,M24669,M,298.2,309.0,1353,50.3,150,0,0,0,0,0,0,10.800000000000011,7126.797182448053,7545.0
9811,L56990,L,298.1,309.0,1502,40.9,153,0,0,0,0,0,0,10.899999999999977,6433.123052559914,6257.7
9812,L56991,L,298.2,309.0,1610,31.7,155,0,0,0,0,0,0,10.800000000000011,5344.582142042075,4913.5
9813,M24672,M,298.2,309.1,1411,45.8,157,0,0,0,0,0,0,10.900000000000034,6767.388510901868,7190.599999999999
9814,L56993,L,298.3,309.1,1387,52.3,160,0,0,0,0,0,0,10.800000000000011,7596.38150835563,8368.0
9815,H39228,H,298.3,309.1,1430,40.9,162,0,0,0,0,0,0,10.800000000000011,6124.74431768354,6625.8
9816,M24675,M,298.4,309.1,1576,38.8,167,0,0,0,0,0,0,10.700000000000045,6403.487361861051,6479.599999999999
9817,M24676,M,298.5,309.2,1721,29.4,170,0,0,0,0,0,0,10.699999999999989,5298.547337691472,4998.0
9818,M24677,M,298.5,309.3,1465,42.4,173,0,0,0,0,0,0,10.800000000000011,6504.772309012786,7335.2
9819,M24678,M,298.6,309.4,1407,45.1,176,0,0,0,0,0,0,10.799999999999955,6645.065364946595,7937.6
9820,M24679,M,298.6,309.4,1464,36.9,179,0,0,0,0,0,0,10.799999999999955,5657.128723172212,6605.099999999999
9821,M24680,M,298.6,309.5,1568,36.7,182,0,0,0,0,0,0,10.899999999999977,6026.161140213893,6679.400000000001
9822,L57001,L,298.6,309.4,1667,35.6,185,0,0,0,0,0,0,10.799999999999955,6214.6148115272335,6586.0
9823,L57002,L,298.5,309.4,1360,60.9,187,1,0,0,0,1,0,10.899999999999977,8673.308998030701,11388.3
9824,M24683,M,298.5,309.3,1488,43.7,189,0,0,0,0,0,0,10.800000000000011,6809.464908508949,8259.300000000001
9825,L57004,L,298.4,309.3,1504,39.3,192,0,0,0,0,0,0,10.900000000000034,6189.691509808754,7545.599999999999
9826,L57005,L,298.4,309.2,1610,32.4,194,0,0,0,0,0,0,10.800000000000011,5462.601306061932,6285.599999999999
9827,L57006,L,298.4,309.2,1345,52.7,196,0,0,0,0,0,0,10.800000000000011,7422.693322514164,10329.2
9828,M24687,M,298.3,309.3,1376,57.0,198,0,0,0,0,0,0,11.0,8213.379833545156,11286.0
9829,L57008,L,298.4,309.4,1385,50.0,201,0,0,0,0,0,0,11.0,7251.843042036438,10050.0
9830,M24689,M,298.4,309.4,1429,41.8,203,0,0,0,0,0,0,11.0,6255.1413567585405,8485.4
9831,L57010,L,298.3,309.3,1337,56.1,206,1,0,0,0,1,0,11.0,7854.578536578664,11556.6
9832,L57011,L,298.4,309.3,1542,35.4,208,0,0,0,0,0,0,10.900000000000034,5716.3163287658435,7363.2
9833,L57012,L,298.4,309.2,2118,17.7,210,0,0,0,0,0,0,10.800000000000011,3925.797011778877,3717.0
9834,L57013,L,298.3,309.1,1386,45.3,212,0,0,0,0,0,0,10.800000000000011,6574.913600991934,9603.599999999999
9835,M24694,M,298.3,309.1,1632,32.7,0,0,0,0,0,0,0,10.800000000000011,5588.516339617811,0.0
9836,L57015,L,298.4,309.3,1545,36.9,3,0,0,0,0,0,0,10.900000000000034,5970.125599249363,110.69999999999999
9837,M24696,M,298.4,309.3,1390,53.6,5,0,0,0,0,0,0,10.900000000000034,7802.040635435131,268.0
9838,M24697,M,298.4,309.3,1355,50.6,8,0,0,0,0,0,0,10.900000000000034,7179.900570269233,404.8
9839,L57018,L,298.4,309.2,1425,45.5,11,0,0,0,0,0,0,10.800000000000011,6789.76712257094,500.5
9840,M24699,M,298.4,309.2,1491,51.2,13,0,0,0,0,0,0,10.800000000000011,7994.2223300307305,665.6
9841,H39254,H,298.3,309.2,1486,42.4,16,0,0,0,0,0,0,10.899999999999977,6598.014778971331,678.4
9842,M24701,M,298.3,309.2,1359,51.4,21,0,0,0,0,0,0,10.899999999999977,7314.947166471545,1079.3999999999999
9843,L57022,L,298.4,309.3,1395,47.6,24,0,0,0,0,0,0,10.900000000000034,6953.601179455648,1142.4
9844,L57023,L,298.3,309.2,1383,52.1,26,0,0,0,0,0,0,10.899999999999977,7545.508651318501,1354.6000000000001
9845,H39258,H,298.3,309.1,1484,37.0,28,0,0,0,0,0,0,10.800000000000011,5749.952314110278,1036.0
9846,L57025,L,298.3,309.1,1421,47.4,33,0,0,0,0,0,0,10.800000000000011,7053.440993986731,1564.2
9847,L57026,L,298.3,309.0,1339,58.8,35,0,0,0,0,0,0,10.699999999999989,8244.921423787197,2058.0
9848,L57027,L,298.4,309.1,1362,46.1,37,0,0,0,0,0,0,10.700000000000045,6575.164928404221,1705.7
9849,H39262,H,298.5,309.2,1568,40.6,39,0,0,0,0,0,0,10.699999999999989,6666.543386721637,1583.4
9850,L57029,L,298.6,309.4,2312,15.5,44,0,0,0,0,0,0,10.799999999999955,3752.7371444681276,682.0
9851,M24710,M,298.5,309.3,1498,34.6,46,0,0,0,0,0,0,10.800000000000011,5427.708683656062,1591.6000000000001
9852,M24711,M,298.5,309.3,1761,27.2,49,0,0,0,0,0,0,10.800000000000011,5015.992494427607,1332.8
9853,L57032,L,298.6,309.4,1316,51.4,52,0,0,0,0,0,0,10.799999999999955,7083.495563706073,2672.7999999999997
9854,L57033,L,298.6,309.4,1525,37.8,54,0,0,0,0,0,0,10.799999999999955,6036.570283872787,2041.1999999999998
9855,H39268,H,298.6,309.4,1362,45.3,56,0,0,0,0,0,0,10.799999999999955,6461.06228322584,2536.7999999999997
9856,L57035,L,298.7,309.6,1516,38.5,61,0,0,0,0,0,0,10.900000000000034,6112.073227314062,2348.5
9857,L57036,L,298.6,309.5,1450,44.2,63,0,0,0,0,0,0,10.899999999999977,6711.489105618995,2784.6000000000004
9858,M24717,M,298.6,309.5,1366,55.0,65,0,0,0,0,0,0,10.899999999999977,7867.595202140038,3575.0
9859,L57038,L,298.5,309.5,1547,33.1,68,0,0,0,0,0,0,11.0,5362.248364730763,2250.8
9860,M24719,M,298.6,309.5,1580,33.9,70,0,0,0,0,0,0,10.899999999999977,5608.999523719216,2373.0
9861,H39274,H,298.7,309.6,1755,26.9,73,0,0,0,0,0,0,10.900000000000034,4943.767279321578,1963.6999999999998
9862,M24721,M,298.7,309.6,1800,24.8,78,0,0,0,0,0,0,10.900000000000034,4674.689868541612,1934.4
9863,M24722,M,298.8,309.7,1439,45.8,81,0,0,0,0,0,0,10.899999999999977,6901.68112486732,3709.7999999999997
9864,L57043,L,298.9,309.8,1411,56.3,84,0,0,0,0,0,0,10.900000000000034,8318.864042877189,4729.2
9865,M24724,M,298.9,309.9,1645,31.4,86,0,0,0,0,0,0,11.0,5409.089511195786,2700.4
9866,M24725,M,298.9,309.8,2450,13.9,89,0,0,0,0,0,0,10.900000000000034,3566.2312606000132,1237.1000000000001
9867,L57046,L,299.0,309.9,1630,34.0,92,0,0,0,0,0,0,10.899999999999977,5803.568828731544,3128.0
9868,L57047,L,299.0,309.9,1411,44.7,94,0,0,0,0,0,0,10.899999999999977,6604.852978980645,4201.8
9869,L57048,L,298.9,309.9,1526,35.4,96,0,0,0,0,0,0,11.0,5657.003059466068,3398.3999999999996
9870,L57049,L,298.9,309.9,1590,31.3,98,0,0,0,0,0,0,11.0,5211.588053040107,3067.4
9871,H39284,H,299.0,309.9,1884,25.6,100,0,0,0,0,0,0,10.899999999999977,5050.675677323238,2560.0
9872,M24731,M,298.9,309.8,1947,21.7,105,0,0,0,0,0,0,10.900000000000034,4424.399181830113,2278.5
9873,L57052,L,298.9,309.9,1373,52.1,108,0,0,0,0,0,0,11.0,7490.949658901158,5626.8
9874,L57053,L,298.9,309.8,1616,36.5,110,0,0,0,0,0,0,10.900000000000034,6176.7900359780115,4015.0
9875,M24734,M,298.9,309.9,1449,44.1,112,0,0,0,0,0,0,11.0,6691.686599925867,4939.2
9876,M24735,M,298.9,309.8,1363,50.6,115,0,0,0,0,0,0,10.900000000000034,7222.2911271416715,5819.0
9877,H39290,H,298.8,309.7,1461,55.1,118,0,0,0,0,0,0,10.899999999999977,8430.055478863243,6501.8
9878,L57057,L,298.8,309.7,1374,58.6,123,0,0,0,0,0,0,10.899999999999977,8431.657691116574,7207.8
9879,L57058,L,298.7,309.7,1293,59.1,125,0,0,0,0,0,0,11.0,8002.296223150457,7387.5
9880,M24739,M,298.8,309.8,1490,38.6,127,0,0,0,0,0,0,11.0,6022.851995952112,4902.2
9881,L57060,L,298.8,309.8,1753,27.5,130,0,0,0,0,0,0,11.0,5048.277594930998,3575.0
9882,L57061,L,298.8,309.8,1493,38.5,132,0,0,0,0,0,0,11.0,6019.3438841556035,5082.0
9883,L57062,L,298.8,309.8,1895,22.0,134,0,0,0,0,0,0,11.0,4365.766590938616,2948.0
9884,H39297,H,298.7,309.6,1654,34.3,136,0,0,0,0,0,0,10.900000000000034,5940.982091399562,4664.799999999999
9885,L57064,L,298.7,309.5,1673,30.8,141,0,0,0,0,0,0,10.800000000000011,5396.041429707877,4342.8
9886,L57065,L,298.8,309.6,1613,27.7,143,0,0,0,0,0,0,10.800000000000011,4678.88913072191,3961.1
9887,L57066,L,298.8,309.6,1903,22.3,145,0,0,0,0,0,0,10.800000000000011,4443.98177603749,3233.5
9888,L57067,L,298.8,309.5,1368,44.7,147,0,0,0,0,0,0,10.699999999999989,6403.571137665147,6570.900000000001
9889,M24748,M,298.8,309.6,1575,34.4,149,0,0,0,0,0,0,10.800000000000011,5673.716332383166,5125.599999999999
9890,H39303,H,298.8,309.6,1516,40.2,152,0,0,0,0,0,0,10.800000000000011,6381.95698020845,6110.400000000001
9891,L57070,L,298.8,309.5,1645,32.8,157,0,0,0,0,0,0,10.699999999999989,5650.259107236361,5149.599999999999
9892,L57071,L,298.8,309.5,1374,48.1,159,0,0,0,0,0,0,10.699999999999989,6920.865784005243,7647.900000000001
9893,H39306,H,298.9,309.7,1407,48.6,161,0,0,0,0,0,0,10.800000000000011,7160.757799033358,7824.6
9894,M24753,M,298.9,309.6,1284,55.3,166,0,0,0,0,0,0,10.700000000000045,7435.647156222465,9179.8
9895,L57074,L,298.9,309.5,1645,31.1,169,0,0,0,0,0,0,10.600000000000023,5357.410312044234,5255.900000000001
9896,L57075,L,298.8,309.4,1387,54.1,171,0,0,0,0,0,0,10.599999999999966,7857.824848987374,9251.1
9897,M24756,M,298.8,309.3,1618,35.1,173,0,0,0,0,0,0,10.5,5947.223388804694,6072.3
9898,L57077,L,298.8,309.3,1357,47.1,176,0,0,0,0,0,0,10.5,6693.131732546519,8289.6
9899,L57078,L,298.7,309.2,1396,44.8,178,0,0,0,0,0,0,10.5,6549.257260987617,7974.4
9900,L57079,L,298.7,309.2,1586,31.4,180,0,0,0,0,0,0,10.5,5215.085692861104,5652.0
9901,H39314,H,298.7,309.2,1449,42.3,182,0,0,0,0,0,0,10.5,6418.5565346227695,7698.599999999999
9902,M24761,M,298.7,309.2,1423,48.9,187,0,0,0,0,0,0,10.5,7286.8927440749885,9144.3
9903,H39316,H,298.7,309.3,1402,45.3,190,0,0,0,0,0,0,10.600000000000023,6650.814479502664,8607.0
9904,M24763,M,298.7,309.2,1437,45.7,195,0,0,0,0,0,0,10.5,6877.040566487665,8911.5
9905,L57084,L,298.6,309.1,1537,35.7,198,0,0,0,0,0,0,10.5,5746.067211195339,7068.6
9906,M24765,M,298.7,309.1,1423,49.5,200,0,0,0,0,0,0,10.400000000000034,7376.302470996155,9900.0
9907,M24766,M,298.6,309.1,1587,37.3,203,0,0,0,0,0,0,10.5,6198.896376283772,7571.9
9908,M24767,M,298.6,309.1,1487,43.2,206,0,0,0,0,0,0,10.5,6727.029517278752,8899.2
9909,L57088,L,298.6,309.0,1456,47.7,0,0,0,0,0,0,0,10.399999999999977,7272.912656766514,0.0
9910,L57089,L,298.7,309.1,1607,32.7,2,0,0,0,0,0,0,10.400000000000034,5502.907939807489,65.4
9911,L57090,L,298.6,309.0,1469,46.0,4,0,0,0,0,0,0,10.399999999999977,7076.332732455889,184.0
9912,M24771,M,298.6,309.0,1481,40.8,6,0,0,0,0,0,0,10.399999999999977,6327.670259154417,244.79999999999998
9913,L57092,L,298.6,308.9,1327,58.8,9,0,0,0,0,0,0,10.299999999999955,8171.031164574763,529.1999999999999
9914,L57093,L,298.5,308.8,1589,30.6,11,0,0,0,0,0,0,10.300000000000011,5091.8305410852645,336.6
9915,L57094,L,298.5,308.8,1670,29.6,13,0,0,0,0,0,0,10.300000000000011,5176.506935075022,384.8
9916,M24775,M,298.5,308.7,1662,28.3,15,0,0,0,0,0,0,10.199999999999989,4925.451794151149,424.5
9917,M24776,M,298.5,308.8,1553,34.9,18,0,0,0,0,0,0,10.300000000000011,5675.779311559023,628.1999999999999
9918,M24777,M,298.5,308.8,1557,36.0,21,0,0,0,0,0,0,10.300000000000011,5869.751713967169,756.0
9919,L57098,L,298.4,308.8,1352,56.7,24,0,0,0,0,0,0,10.400000000000034,8027.6488758649275,1360.8000000000002
9920,L57099,L,298.5,308.8,1305,58.7,26,0,0,0,0,0,0,10.300000000000011,8021.899761308857,1526.2
9921,H39334,H,298.5,308.7,1450,43.9,28,0,0,0,0,0,0,10.199999999999989,6665.936012141942,1229.2
9922,M24781,M,298.5,308.7,1347,48.5,33,0,0,0,0,0,0,10.199999999999989,6841.289242089812,1600.5
9923,H39336,H,298.6,308.8,1566,39.1,36,0,0,0,0,0,0,10.199999999999989,6412.05343782984,1407.6000000000001
9924,M24783,M,298.5,308.7,1615,33.3,41,0,0,0,0,0,0,10.199999999999989,5631.776070457741,1365.3
9925,M24784,M,298.5,308.6,1384,54.4,44,0,0,0,0,0,0,10.100000000000023,7884.308475057135,2393.6
9926,M24785,M,298.5,308.7,1367,47.3,47,0,0,0,0,0,0,10.199999999999989,6771.0851182575925,2223.1
9927,M24786,M,298.5,308.6,1897,20.2,50,0,0,0,0,0,0,10.100000000000023,4012.7981843322905,1010.0
9928,L57107,L,298.5,308.6,1522,36.9,53,0,0,0,0,0,0,10.100000000000023,5881.249943079308,1955.6999999999998
9929,M24788,M,298.4,308.5,1576,27.4,55,0,0,0,0,0,0,10.100000000000023,4522.050353479195,1507.0
9930,H39343,H,298.4,308.4,1479,39.2,58,0,0,0,0,0,0,10.0,6071.31629862149,2273.6000000000004
9931,L57110,L,298.3,308.3,1452,45.5,63,0,0,0,0,0,0,10.0,6918.415341735442,2866.5
9932,L57111,L,298.3,308.3,1432,46.9,65,0,0,0,0,0,0,10.0,7033.062529640446,3048.5
9933,L57112,L,298.3,308.2,1663,28.4,67,0,0,0,0,0,0,9.899999999999977,4945.830258497434,1902.8
9934,L57113,L,298.3,308.3,1597,32.4,69,0,0,0,0,0,0,10.0,5418.493345205531,2235.6
9935,L57114,L,298.3,308.2,1472,44.3,71,0,0,0,0,0,0,9.899999999999977,6828.733343450966,3145.2999999999997
9936,L57115,L,298.4,308.3,1452,48.5,73,0,0,0,0,0,0,9.900000000000034,7374.57459503668,3540.5
9937,H39350,H,298.3,308.2,1534,33.2,75,0,0,0,0,0,0,9.899999999999977,5333.251464538129,2490.0
9938,L57117,L,298.3,308.1,1505,46.1,80,0,0,0,0,0,0,9.800000000000011,7265.508970079554,3688.0
9939,L57118,L,298.3,308.1,1528,33.9,82,0,0,0,0,0,0,9.800000000000011,5424.39953939428,2779.7999999999997
9940,H39353,H,298.3,308.1,2636,12.8,84,0,0,0,0,0,0,9.800000000000011,3533.3283135414167,1075.2
9941,M24800,M,298.3,308.1,1722,28.6,89,0,0,0,0,0,0,9.800000000000011,5157.364163839148,2545.4
9942,L57121,L,298.4,308.1,1395,44.0,92,0,0,0,0,0,0,9.700000000000045,6427.698569244716,4048.0
9943,L57122,L,298.4,308.1,1375,50.8,94,0,0,0,0,0,0,9.700000000000045,7314.6748951082345,4775.2
9944,M24803,M,298.3,308.0,1766,26.0,96,0,0,0,0,0,0,9.699999999999989,4808.312276074298,2496.0
9945,L57124,L,298.3,307.9,1399,47.8,99,0,0,0,0,0,0,9.599999999999966,7002.840408312912,4732.2
9946,L57125,L,298.3,308.0,1578,37.8,101,0,0,0,0,0,0,9.699999999999989,6246.365841279513,3817.7999999999997
9947,L57126,L,298.3,307.9,1502,42.0,103,0,0,0,0,0,0,9.599999999999966,6606.1410319686165,4326.0
9948,M24807,M,298.2,307.9,1529,36.6,105,0,0,0,0,0,0,9.699999999999989,5860.264104153328,3843.0
9949,L57128,L,298.2,307.8,1804,25.1,108,0,0,0,0,0,0,9.600000000000023,4741.7523997202425,2710.8
9950,M24809,M,298.2,307.8,1411,53.4,110,0,0,0,0,0,0,9.600000000000023,7890.3612769030515,5874.0
9951,L57130,L,298.1,307.8,1413,54.1,113,0,0,0,0,0,0,9.699999999999989,8005.123656538688,6113.3
9952,L57131,L,298.2,307.8,1355,59.4,115,0,0,0,0,0,0,9.600000000000023,8428.578930316056,6831.0
9953,L57132,L,298.2,307.8,1429,46.9,117,0,0,0,0,0,0,9.600000000000023,7018.328460095108,5487.3
9954,L57133,L,298.1,307.8,1565,35.3,119,0,0,0,0,0,0,9.699999999999989,5785.190511708043,4200.7
9955,M24814,M,298.1,307.9,1446,42.8,121,0,0,0,0,0,0,9.799999999999955,6480.9799806495985,5178.799999999999
9956,M24815,M,298.2,307.9,1462,38.8,124,0,0,0,0,0,0,9.699999999999989,5940.290941015772,4811.2
9957,M24816,M,298.2,307.8,1578,34.5,127,0,0,0,0,0,0,9.600000000000023,5701.048188469397,4381.5
9958,L57137,L,298.1,307.8,1606,33.0,130,0,0,0,0,0,0,9.699999999999989,5549.9375818317285,4290.0
9959,M24818,M,298.1,307.8,1525,35.9,132,0,0,0,0,0,0,9.699999999999989,5733.144793413573,4738.8
9960,L57139,L,298.1,307.8,1379,49.1,135,0,0,0,0,0,0,9.699999999999989,7090.459427421532,6628.5
9961,L57140,L,298.2,307.8,1575,35.0,137,0,0,0,0,0,0,9.600000000000023,5772.676500971244,4795.0
9962,L57141,L,298.2,307.9,1399,54.9,139,0,0,0,0,0,0,9.699999999999989,8043.011263940979,7631.099999999999
9963,L57142,L,298.2,307.9,1429,49.4,141,0,0,0,0,0,0,9.699999999999989,7392.439785260093,6965.4
9964,L57143,L,298.3,307.9,1435,39.9,143,0,0,0,0,0,0,9.599999999999966,5995.886659008799,5705.7
9965,L57144,L,298.3,307.9,1766,26.5,145,0,0,0,0,0,0,9.599999999999966,4900.779819844957,3842.5
9966,L57145,L,298.3,307.9,1703,28.9,147,0,0,0,0,0,0,9.599999999999966,5153.960771797759,4248.3
9967,L57146,L,298.3,307.9,1507,41.2,149,0,0,0,0,0,0,9.599999999999966,6501.882043771484,6138.8
9968,M24827,M,298.3,307.9,1609,32.4,151,0,0,0,0,0,0,9.599999999999966,5459.208385996055,4892.4
9969,L57148,L,298.4,308.0,1605,32.4,154,0,0,0,0,0,0,9.600000000000023,5445.636705732547,4989.599999999999
9970,L57149,L,298.4,308.1,1491,50.0,156,0,0,0,0,0,0,9.700000000000045,7806.857744170636,7800.0
9971,H39384,H,298.4,308.1,1891,24.7,158,0,0,0,0,0,0,9.700000000000045,4891.218906202532,3902.6
9972,H39385,H,298.5,308.2,1563,44.6,163,0,0,0,0,0,0,9.699999999999989,7299.993185440459,7269.8
9973,L57152,L,298.6,308.2,1390,51.4,168,0,0,0,0,0,0,9.599999999999966,7481.807624279211,8635.199999999999
9974,L57153,L,298.5,308.2,1444,40.5,170,0,0,0,0,0,0,9.699999999999989,6124.220718907943,6885.0
9975,L57154,L,298.6,308.2,1361,68.2,172,1,0,0,1,1,0,9.599999999999966,9720.108614157843,11730.4
9976,M24835,M,298.6,308.3,1589,34.1,174,0,0,0,0,0,0,9.699999999999989,5674.229459183252,5933.400000000001
9977,L57156,L,298.6,308.2,1705,26.3,177,0,0,0,0,0,0,9.599999999999966,4695.790899198223,4655.1
9978,L57157,L,298.6,308.3,1422,40.4,179,0,0,0,0,0,0,9.699999999999989,6016.024267918309,7231.599999999999
9979,H39392,H,298.6,308.3,1377,52.1,181,0,0,0,0,0,0,9.699999999999989,7512.773255868095,9430.1
9980,L57159,L,298.5,308.3,1334,49.8,186,0,0,0,0,0,0,9.800000000000011,6956.8684358153805,9262.8
9981,L57160,L,298.6,308.4,1559,36.6,188,0,0,0,0,0,0,9.799999999999955,5975.246395274715,6880.8
9982,L57161,L,298.7,308.5,1353,47.0,190,0,0,0,0,0,0,9.800000000000011,6659.233947814284,8930.0
9983,M24842,M,298.7,308.4,1507,45.7,192,0,0,0,0,0,0,9.699999999999989,7212.039063115457,8774.400000000001
9984,L57163,L,298.7,308.4,1694,28.7,195,0,0,0,0,0,0,9.699999999999989,5091.244110456594,5596.5
9985,H39398,H,298.7,308.4,1432,42.8,197,0,0,0,0,0,0,9.699999999999989,6418.231903381899,8431.599999999999
9986,H39399,H,298.7,308.5,1572,35.6,202,0,0,0,0,0,0,9.800000000000011,5860.452599712544,7191.200000000001
9987,M24846,M,298.8,308.6,1507,42.3,207,0,0,0,0,0,0,9.800000000000011,6675.475981833343,8756.099999999999
9988,M24847,M,298.8,308.6,1500,37.1,210,0,0,0,0,0,0,9.800000000000011,5827.654372409066,7791.0
9989,L57168,L,298.9,308.6,1771,24.1,213,0,0,0,0,0,0,9.700000000000045,4469.554340237711,5133.3
9990,M24849,M,298.8,308.5,1577,33.2,0,0,0,0,0,0,0,9.699999999999989,5482.7493869469545,0.0
9991,L57170,L,298.8,308.5,1527,36.2,3,0,0,0,0,0,0,9.699999999999989,5788.635791651481,108.60000000000001
9992,M24851,M,298.9,308.4,1827,26.1,5,0,0,0,0,0,0,9.5,4993.53010695444,130.5
9993,L57172,L,298.8,308.4,1484,39.2,8,0,0,0,0,0,0,9.599999999999966,6091.841370624944,313.6
9994,L57173,L,298.8,308.4,1401,47.3,10,0,0,0,0,0,0,9.599999999999966,6939.49542844103,473.0
9995,L57174,L,298.8,308.3,1634,27.9,12,0,0,0,0,0,0,9.5,4774.0270282481215,334.79999999999995
9996,M24855,M,298.8,308.4,1604,29.5,14,0,0,0,0,0,0,9.599999999999966,4955.129372752061,413.0
9997,H39410,H,298.9,308.4,1632,31.8,17,0,0,0,0,0,0,9.5,5434.703963298054,540.6
9998,M24857,M,299.0,308.6,1645,33.4,22,0,0,0,0,0,0,9.600000000000023,5753.617505539467,734.8
9999,H39412,H,299.0,308.7,1408,48.5,25,0,0,0,0,0,0,9.699999999999989,7151.102637611326,1212.5
10000,M24859,M,299.0,308.7,1500,40.2,30,0,0,0,0,0,0,9.699999999999989,6314.601233715484,1206.0
